speech_id,stratum,role,seg_index,start,duration,polarity,n_tokens,text_clean
10-03-04-m-005,II,ST,0,0.0,2.37,0.0,6,thank you very much Mr President
10-03-04-m-005,II,ST,1,2.37,8.149999999999999,0.0,25,honourable members I'm very happy to address you today in relation to the preparations for the Spring European Council and the IGC follow-up
10-03-04-m-005,II,ST,2,10.52,24.45,0.0,75,on the Lisbon Agenda as you will be aware from our detailed discussions on the Lisbon strategy at the last part-session the Irish presidency is determined that the primary focus of the Spring Council should be as set out in the Lisbon set out at Lisbon and Gothenburg the follow-up to the Lisbon strategy with a strong emphasis on implementation and the need to target specific areas for concerted action by the Union
10-03-04-m-005,II,ST,3,34.97,7.450000000000003,0.0,16,the future financial perspectives and current issues on on the international agenda will also be addressed
10-03-04-m-005,II,ST,4,42.42,16.689999999999998,1.0,42,the presidency has consistently reiterated the need for the Spring European Council to give a strong signal as to the continued importance of the Lisbon strategy in providing a framework from simultaneous progress on economic social and environmental renewal throughout the Union
10-03-04-m-005,II,ST,5,59.11,9.64,0.0,30,when I addressed the Parliament last night last month I outlined the issues on which we intend to focus at the Spring Council on twenty-five and twenty-six March
10-03-04-m-005,II,ST,6,68.75,14.620000000000005,1.0,39,I'm pleased that Member States share our our conviction that the agenda for the European Council should remain focused and have have given broad support for our approach to of concentrating on a limited number of key issues
10-03-04-m-005,II,ST,7,83.37,17.53,0.0,39,similarly Member States have also agreed that the overreaching priorities for the Council should be those of sustainable growth and employment as identified excuse me by us in the first draft of the annotated agenda issued on seventeenth February
10-03-04-m-005,II,ST,8,100.9,10.079999999999998,0.0,24,the Commission communication on the future financial perspectives Building our Common Future was launched here on tenth February by Commissioner by Commission President Prodi
10-03-04-m-005,II,ST,9,110.98,14.450000000000003,0.0,39,the presidency's approach which has been agreed by Member States is that while no discussion is expected the Spring European Council should agree conclusions on the procedure to be followed in considering the dossier over the coming months
10-03-04-m-005,II,ST,10,125.43,11.569999999999993,0.0,26,turning now to the Intergovernmental Conference the Taoiseach has the Taoiseach will present the Irish presidency's report on where matters stand in the Intergovernmental Conference
10-03-04-m-005,II,ST,11,137.0,6.349999999999994,0.0,21,it is intended that this will be discussed over dinner on the first evening by the Heads of State and Government
10-03-04-m-005,II,ST,12,143.35,9.590000000000003,0.0,24,it is the presidency's intention to invite representatives of observers at the IGC including the President of the European Parliament to be present
10-03-04-m-005,II,ST,13,152.94,13.539999999999992,0.0,40,on the basis of our report and following discussions at the dinner it will then be for the European Council to decide how best to proceed and in particular whether the time is ripe for the IGC to be reconvened
10-03-04-m-005,II,ST,14,166.48,8.430000000000007,1.0,29,I hope that you will understand that it is not appropriate for me at this time to go into any detail on that on what that report will contain
10-03-04-m-005,II,ST,15,174.91,6.140000000000015,0.0,11,we have still not definitively concluded our analysis of the situation
10-03-04-m-005,II,ST,16,181.05,10.039999999999992,0.0,23,consultations and contacts are ongoing and the Taoiseach owes it to his colleagues to present matters to them in a very direct manner
10-03-04-m-005,II,ST,17,191.09,3.3700000000000045,0.0,7,however I would offer the following observations
10-03-04-m-005,II,ST,18,194.46,9.23999999999998,0.0,24,in keeping with our mandate from Brussels in December the Irish presidency has consulted widely among participants in the IGC including the European Parliament
10-03-04-m-005,II,ST,19,203.7,4.3700000000000045,0.0,12,the Taoiseach has spoken with all other members of the European Council
10-03-04-m-005,II,ST,20,208.07,6.420000000000016,0.0,14,intensive and detailed discussions have also taken place at ministerial and at official level
10-03-04-m-005,II,ST,21,214.49,4.719999999999999,1.0,15,partners have agreed with us in good faith and in a positive and constructive way
10-03-04-m-005,II,ST,22,219.21,5.47999999999999,0.0,14,as a result we have a deeper appreciation of the concerns of all involved
10-03-04-m-005,II,ST,23,224.69,8.650000000000006,0.0,19,we also have a a greater understanding of where of where scope for compromise and possible agreements might lie
10-03-04-m-005,II,ST,24,233.34,7.549999999999983,0.0,20,we've had very useful and detailed discussions with the Parliament's representatives Mr Hänsch and Mr and Mr Brok
10-03-04-m-005,II,ST,25,240.89,6.850000000000023,0.0,20,they have made clear to us the Parliament's general approach to the IGC and your priorities in the negotiations
10-03-04-m-005,II,ST,26,247.74,5.810000000000002,0.0,17,we have very much appreciated the constructive and the frank way that they have dealt with us
10-03-04-m-005,II,ST,27,253.55,6.029999999999973,1.0,13,more generally the Parliament's strong support for our efforts are greatly appreciated
10-03-04-m-005,II,ST,28,259.58,18.670000000000016,0.0,45,in particular you've tried to keep us and partners focused on the big picture on the immense prize which adoption of the Constitution would represent and on the very significant and considerable dangers for our Union which would flow from a continued stalemate stalemate
10-03-04-m-005,II,ST,29,278.25,11.850000000000023,0.0,29,in our consultations we have confirmed that there is a range of outstanding institutional and non-institutional issues of varying complexity and sensitivity which have been raised with us
10-03-04-m-005,II,ST,30,290.1,9.689999999999998,0.0,31,most of these were identified by the Italian presidency in the paper published ahead of the meeting of the European Council in December although although others are also on the table
10-03-04-m-005,II,ST,31,299.79,5.699999999999989,0.0,14,we've gone through all of these questions carefully and in some significant detail
10-03-04-m-005,II,ST,32,305.49,14.060000000000002,0.0,41,while there has been particular public focus while there has been particular public focus on the institutional side of things I can assure the Parliament that our discussions with partners are not limited to those aspects of the draft Constitutional Treaty
10-03-04-m-005,II,ST,33,319.55,15.060000000000002,1.0,37,our broad sense is that while there are a reasonable number of outstanding issues on the great majority it will be relatively easy to find consensus in the context of a process leading to an overall conclusion
10-03-04-m-005,II,ST,34,334.61,13.819999999999993,0.0,33,moreover we have ascertained that there are many other issues including some of the of considerable importance on which there is effectively already agreement although formally nothing is agreed until everything is agreed
10-03-04-m-005,II,ST,35,348.43,11.45999999999998,1.0,34,of course the great bulk of the Convention text has not been called into question at any stage of the IGC and I'm glad to say that that very much remains the case
10-03-04-m-005,II,ST,36,359.89,6.330000000000041,0.0,22,I cannot say today whether it will be possible or not for the IGC to conclude its work during the Irish presidency
10-03-04-m-005,II,ST,37,366.22,1.17999999999995,0.0,5,I can say this however
10-03-04-m-005,II,ST,38,367.4,4.1200000000000045,0.0,14,that if it were a matter for the Irish presidency we would resolve it
10-03-04-m-005,II,ST,39,371.52,7.78000000000003,0.0,29,we have made it clear to this Parliament and we've made it clear in many statements that we are anxious to achieve and ambitious to achieve a resolution
10-03-04-m-005,II,ST,40,379.3,11.019999999999982,0.0,39,it's also however very important to put it on the record that there are twenty-five Member States and twenty-five governments who have a responsibility in this matter and it does not come down to the presidency
10-03-04-m-005,II,ST,41,390.32,8.259999999999991,0.0,27,whether it is decided to convene a further meeting of the IGC in the near future is very much a matter of judgment for the European Council
10-03-04-m-005,II,ST,42,398.58,13.890000000000043,0.0,39,however I can say and I've said it several times that if political will is is is present the outstanding issues will be will be easy it will be easy to find a solution to the outstanding issues
10-03-04-m-005,II,ST,43,412.47,3.909999999999968,0.0,11,the key to the early agreement is political willingness to agree
10-03-04-m-005,II,ST,44,416.38,4.160000000000025,0.0,13,it is now over two years since the European Convention began its work
10-03-04-m-005,II,ST,45,420.54,3.5600000000000023,0.0,8,the issues have been debated intensively and extensively
10-03-04-m-005,II,ST,46,424.1,5.989999999999952,0.0,17,at this point I do not believe that outstanding differences will become easier to resolve over time
10-03-04-m-005,II,ST,47,430.09,3.5100000000000477,0.0,14,indeed I've said it on several occasions in the last week or two
10-03-04-m-005,II,ST,48,433.6,4.619976999999949,0.0,12,the difficulties that exist today will be more difficult in the future
10-03-04-m-005,II,ST,49,438.219977,5.220023000000026,0.0,17,in the second half of this year it will not be any easier to resolve the issues
10-03-04-m-005,II,ST,50,443.44,4.579999999999984,0.0,14,there are a whole series of other issues that will make it more complex
10-03-04-m-005,II,ST,51,448.02,12.25,0.0,32,the Parliament will change the Commission will change the political actors will change and it would be unwise in my view to take the view that we have time on our side
10-03-04-m-005,II,ST,52,460.27,4.330000000000041,0.0,18,there are important issues to be considered in the second half of the year as I've said
10-03-04-m-005,II,ST,53,464.6,13.849999999999966,0.0,46,it's my very strong belief that these are all better considered independently of each other and in fact that is another reason why we should go for the earliest possible solution because if the issues do come together it'll make solution resolution more difficult
10-03-04-m-005,II,ST,54,478.45,5.259999999999991,0.0,19,I continue to believe that the new Constitution is profoundly in the interests of the Union and its citizens
10-03-04-m-005,II,ST,55,483.71,3.9700000000000273,0.0,12,it is a quantum leap forward in terms of clarity and accessibility
10-03-04-m-005,II,ST,56,487.68,4.909999999999968,0.0,17,it will provide the Union with a solid foundation for its future growth and its future development
10-03-04-m-005,II,ST,57,492.59,7.2900000000000205,0.0,25,it will enable the Union to respond more effectively to the concerns of citizens and to play a more dynamic role in the wider world
10-03-04-m-005,II,ST,58,499.88,3.430000000000007,0.0,11,in a sense it's a prize well worth striving for
10-03-04-m-005,II,ST,59,503.31,13.829999999999984,0.0,45,if there is a will to compromise and let there be no doubt whatsoever that compromise on all sides with with that without some compromise on all sides there will be no agreement then I believe it should be possible to move things forward rapidly
10-03-04-m-005,II,ST,60,517.14,9.490000000000009,1.0,23,as we have said before if there is a serious possibility of progress the Irish presidency will immediately move to seize that possibility
10-03-04-m-005,II,ST,61,526.63,1.57000000000005,0.0,6,thank you very much Mr President
10-03-04-m-005,II,TT,0,0.0,7.466,0.0,4,muchas gracias señor Presidente
10-03-04-m-005,II,TT,1,7.466,9.11,0.0,18,Señorías para mí es un placer poderles exponer el seguimiento de la CIG y la cumbre de primavera
10-03-04-m-005,II,TT,2,16.576,23.534999999999997,0.0,64,como ya conocerán por las discusiones detalladas que tuvimos en el último Pleno sobre la estrategia de Lisboa la Presidencia irlandesa ha decidido en este Consejo de Primavera seguir con las líneas de Lisboa y Gotemburgo por tanto con la estrategia de Lisboa haciendo hincapié en la ejecución y la necesidad de fijar zonas específicas en las que concentrar las acciones de la Unión
10-03-04-m-005,II,TT,3,40.111,5.785000000000004,0.0,16,las perspectivas financieras futuras y los temas de actualidad de la agenda internacional también se tratarán
10-03-04-m-005,II,TT,4,45.896,18.379999999999995,1.0,44,la Presidencia ha reiterado en muchas ocasiones la necesidad de dar una señal fuerte en esta cumbre sobre la importancia de seguir con la estrategia de Lisboa dando un marco para que haya un progreso en lo social económico y medioambiental al mismo tiempo
10-03-04-m-005,II,TT,5,64.276,7.840000000000003,0.0,27,cuando yo me dirigí al Parlamento el mes pasado di un poco las líneas generales del Consejo de Primavera para los días veinticinco y veintiséis de marzo
10-03-04-m-005,II,TT,6,72.116,15.454999999999998,1.0,43,me alegra saber que los Estados miembros comparten nuestra convicción en cuanto al orden del día previsto para este Consejo Europeo y por eso me alegro del apoyo que hemos recibido en ese deseo nuestro de concentrarnos en una serie de temas limitados
10-03-04-m-005,II,TT,7,87.571,17.295,1.0,44,los Estados miembros también están de acuerdo en que las prioridades del Consejo tienen que ser las del desarrollo sostenible y el empleo tal y como nosotros mismos habíamos previsto en ese primer proyecto de orden del día que publicamos el diecisiete de febrero
10-03-04-m-005,II,TT,8,104.866,25.690000000000012,1.0,62,la comunicación de la Comisión sobre las perspectivas financieras Construir un futuro común que se lanzó aquí que lanzó Prodi el diez de febrero el Presidente o la Presidencia con los Estados miembros piensa que en la cumbre de primavera tendremos que ponernos de acuerdo sobre las conclusiones o el procedimiento que hay que seguir con este tema en los próximos meses
10-03-04-m-005,II,TT,9,130.556,10.849999999999994,0.0,22,en cuanto a la Conferencia Intergubernamental la Presidencia irlandesa presentará un informe sobre el estado en el que está la Conferencia Intergubernamental
10-03-04-m-005,II,TT,10,141.406,6.710000000000008,0.0,16,esto se discutirá en la cena que tendrán los jefes de gobierno en la primera velada
10-03-04-m-005,II,TT,11,148.116,8.119999999999976,0.0,19,la Presidencia va a invitar a los representantes y observadores de la CIG incluido el presidente del Parlamento Europeo
10-03-04-m-005,II,TT,12,156.236,17.450000000000017,0.0,41,sobre la base de nuestro informe y después de la discusión que tengamos en esa cena el Consejo Europeo decidirá la manera mejor de proceder y en particular si ha llegado ya el momento de pedir que se reúna la CIG
10-03-04-m-005,II,TT,13,173.686,11.549999999999983,0.0,33,espero que entiendan que no puedo entrar ahora en más detalles porque hay que esperar a que salga este informe pero todavía no hemos terminado por todo con el análisis de la situación
10-03-04-m-005,II,TT,14,185.236,4.055000000000007,0.0,9,estamos todavía en pleno proceso de consulta y contactos
10-03-04-m-005,II,TT,15,189.291,6.314999999999998,0.0,15,la Presidencia va a presentar a los colegas las los temas de manera muy directa
10-03-04-m-005,II,TT,16,195.606,4.3700000000000045,0.0,8,sin embargo sí puedo hacer las siguientes observaciones
10-03-04-m-005,II,TT,17,199.976,9.090000000000003,0.0,25,según el mandato de Bruselas de diciembre la Presidencia irlandesa ha consultado consultado ampliamente a todos los participantes de la CIG el Parlamento Europeo incluido
10-03-04-m-005,II,TT,18,209.066,3.0449999999999875,0.0,10,también hemos hablado con los demás miembros del Consejo Europeo
10-03-04-m-005,II,TT,19,212.111,5.555000000000007,0.0,10,hemos tenido discusiones intensas detalladas a nivel ministerial y oficial
10-03-04-m-005,II,TT,20,217.666,7.110000000000014,1.0,17,nuestros colegas están de acuerdo con nosotros han actuado de buena fe de manera positiva y constructiva
10-03-04-m-005,II,TT,21,224.776,7.359999999999985,0.0,14,como resultado de ello vamos conociendo mejor los temas de mayor interés y calado
10-03-04-m-005,II,TT,22,232.136,4.990000000000009,1.0,9,todavía pensamos que se puede llegar a un acuerdo
10-03-04-m-005,II,TT,23,237.126,7.159999999999997,0.0,16,hemos tenido digo discusiones muy detalladas también con los representantes del Parlamento Señores Hänsch y Brok
10-03-04-m-005,II,TT,24,244.286,7.969999999999999,0.0,16,ellos nos han expresado con claridad la opinión del Parlamento las prioridades del Parlamento las negociaciones
10-03-04-m-005,II,TT,25,252.256,5.090000000000003,0.0,13,hemos apreciado muchísimo esa manera tan constructiva y abierta de trabajar con nosotros
10-03-04-m-005,II,TT,26,257.346,5.769999999999982,1.0,14,en general el apoyo del Parlamento apreciamos el apoyo del Parlamento por nuestros esfuerzos
10-03-04-m-005,II,TT,27,263.116,12.03000000000003,0.0,27,en particular ustedes han querido que no perdamos de vista la perspectiva que tenemos ante nosotros y lo que puede ganarse con la aprobación de una Constitución
10-03-04-m-005,II,TT,28,275.146,9.370000000000005,0.0,24,también nos han puesto al tanto de los peligros que podría tener la Unión si siguiéramos en esta situación así de callejón sin salida
10-03-04-m-005,II,TT,29,284.516,19.930000000000007,0.0,49,en nuestras consultas sabemos que hay una serie de temas institucionales y no institucionales pendientes por resolver de gran complejidad muy delicados muchos identificados por la Presidencia italiana ya publicado en su documento presentado en el Consejo Europeo de Diciembre aunque hay otros temas también pendientes sobre la mesa
10-03-04-m-005,II,TT,30,304.446,6.169999999999959,0.0,9,hemos estudiado todos estos temas con detenimiento y cuidado
10-03-04-m-005,II,TT,31,310.616,13.020000000000039,0.0,29,en general se ha insistido más en los temas institucionales pero puedo decirles que nosotros en nuestras discusiones no nos limitamos solo a esos aspectos del proyecto de Constitución
10-03-04-m-005,II,TT,32,323.636,15.369999999999948,0.0,41,pensamos en términos generales que aunque hay todavía bastantes temas pendientes en general en general va a ser fácil encontrar un consenso esto dentro de lo que va a ser el trabajo que nos lleve a la conclusión de nuestros trabajos
10-03-04-m-005,II,TT,33,339.006,14.560000000000002,1.0,35,además hemos podido ver que hay muchos otros temas algunos también muy importantes donde en realidad ya hay un acuerdo aunque todavía no se haya acordado porque se está esperando a tener un acuerdo global
10-03-04-m-005,II,TT,34,353.566,10.340000000000032,0.0,28,naturalmente la gran mayoría de lo que ha hecho la Comisión no se cuestiona ni la CIG lo cuestiona o sea que los trabajos siguen siendo todos válidos
10-03-04-m-005,II,TT,35,363.906,12.180000000000007,0.0,34,yo puedo hoy sin embargo no puedo decir si la CIG va a poder terminar sus trabajos bajo Presidencia irlandesa pero sí puedo decir que si fuese por la Presidencia irlandesa se habría resuelto
10-03-04-m-005,II,TT,36,376.086,2.7299999999999613,0.0,10,esto lo hemos dicho tanto aquí como en otras ocasiones
10-03-04-m-005,II,TT,37,378.816,5.160000000000025,0.0,12,nosotros naturalmente quisiéramos y tenemos la ambición de llegar a una solución
10-03-04-m-005,II,TT,38,383.976,8.910000000000025,0.0,23,es muy importante también que conste en acta que van a ser veinticinco estados y gobiernos los que tengan que asumir las responsabilidades
10-03-04-m-005,II,TT,39,392.886,3.409999999999968,0.0,5,no es una única Presidencia
10-03-04-m-005,II,TT,40,396.296,6.699999999999989,0.0,18,entonces no sabemos si tendrá que volverse a reunir la CIG pero eso depende del Consejo en general
10-03-04-m-005,II,TT,41,402.996,19.950000000000045,1.0,48,lo que sí puedo decir y he repetido en otras ocasiones es que si hay voluntad política si hay voluntad política entonces los temas pendientes serán fáciles de resolver porque la clave del acuerdo está precisamente ahí en la voluntad de querer llegar a un acuerdo voluntad política
10-03-04-m-005,II,TT,42,422.946,5.2099999999999795,0.0,9,los temas ya se han debatido muchísimo en profundidad
10-03-04-m-005,II,TT,43,428.156,8.230000000000018,0.0,18,ahora por tanto no creo que lo que quede por resolver sea más fácil resolverlo con el tiempo
10-03-04-m-005,II,TT,44,436.386,1.099999999999966,0.0,4,ya lo he dicho
10-03-04-m-005,II,TT,45,437.486,4.6200000000000045,0.0,13,las dificultades de hoy serán todavía más difíciles de resolver en el futuro
10-03-04-m-005,II,TT,46,442.106,4.605000000000018,0.0,14,en el segundo semestre no van a ser las cosas más fáciles que ahora
10-03-04-m-005,II,TT,47,446.711,5.724999999999966,0.0,17,hay toda una serie de temas que van a venir y que van a complicar las cosas
10-03-04-m-005,II,TT,48,452.436,14.29000000000002,0.0,41,el Parlamento va a cambiar la Comisión va a cambiar van a cambiar los actores políticos y eso no va a facilitar no va a facilitar las cosas y por tanto no creo que sea acertado decir el tiempo lo resolverá
10-03-04-m-005,II,TT,49,466.726,8.240000000000009,0.0,18,como ya les he dicho en otras ocasiones nosotros pensamos que hay que estudiar los temas por separado
10-03-04-m-005,II,TT,50,474.966,8.329999999999984,0.0,21,por eso pensamos que hay que buscar una solución rápida porque los temas si se mezclan es más difícil de resolverlos
10-03-04-m-005,II,TT,51,483.296,5.7099999999999795,0.0,15,creo y sigo pensando que la Constitución interesa a la Unión y a sus ciudadanos
10-03-04-m-005,II,TT,52,489.006,6.230000000000018,0.0,9,es un salto cualitativo hacia una mayor claridad transparencia
10-03-04-m-005,II,TT,53,495.236,3.8000000000000114,0.0,10,será una base para el crecimiento futuro de la Unión
10-03-04-m-005,II,TT,54,499.036,4.850000000000023,0.0,10,permitirá que los ciudadanos se sientan partícipes de esta Unión
10-03-04-m-005,II,TT,55,503.886,5.449999999999989,0.0,16,la Unión además desempeñará un papel más dinámico y activo en un mundo cada vez mayor
10-03-04-m-005,II,TT,56,509.336,7.67999999999995,1.0,19,si hay voluntad de llegar a un acuerdo sin duda ese acuerdo se podrá obtener y si no no
10-03-04-m-005,II,TT,57,517.016,3.9700000000000273,0.0,10,yo creo que si hay voluntad se podrá avanzar rápidamente
10-03-04-m-005,II,TT,58,520.986,10.129999999999995,0.0,23,como ya he dicho antes si hay una posibilidad de avanzar desde luego la Presidencia irlandesa aprovechará la ocasión para que así sea
10-03-04-m-005,II,TT,59,531.116,1.2351879999999937,0.0,1,gracias
10-03-04-m-006,II,ST,0,0.0,4.36,0.0,7,thank you Mr President President-in-Council
10-03-04-m-006,II,ST,1,4.36,9.21,0.0,20,I regret the unavoidable absence of of President Prodi Mr President but as you know he has official obligations elsewhere
10-03-04-m-006,II,ST,2,13.57,12.419999999999998,0.0,27,Mr President the Commission welcomes the opportunity provided by this discussion this morning to draw attention to the importance of a satisfactory agreement on the proposed Constitution
10-03-04-m-006,II,ST,3,25.99,16.140000000000004,1.0,39,obviously the analysis made at Laeken still holds good and the enlarged Union still needs reform in order to ensure that it can work in the public interest with higher standards of efficiency and with greater democracy and transparency
10-03-04-m-006,II,ST,4,42.13,7.659999999999997,0.0,14,this is plainly unfinished business and equally plainly it must be tackled with determination
10-03-04-m-006,II,ST,5,49.79,14.360000000000007,0.0,27,in the unique association of democracies which makes up the European Union careful deliberation is always necessary but no constructive interests are really served by prolonged stalemate
10-03-04-m-006,II,ST,6,64.15,9.169999999999987,0.0,21,that's why the Commission fully supports the approach taken by the Irish presidency and Minister Roche's report is clear
10-03-04-m-006,II,ST,7,73.32,7.590000000000003,0.0,17,the Commission is convinced that the Presidency have done and are still doing exactly what is necessary
10-03-04-m-006,II,ST,8,80.91,14.060000000000002,1.0,34,after the breakdown of the Brussels European Council the only realistic course was to proceed in the way followed by the Irish presidency and to sound out the prospects for progress through bilateral consultations
10-03-04-m-006,II,ST,9,94.97,7.320000000000007,0.0,19,it's an arduous course and doubtlessly Dick Roche and his colleagues have the air miles to prove it
10-03-04-m-006,II,ST,10,102.29,28.559999999999988,1.0,59,but our Irish colleagues have a true talent Mr President for promoting understanding except of course where English rugby is concerned and and we hope that their diligent efforts will bear fruit and the Presidency report to the European Council will be able to conclude that all delegations are disposed to sign the Constitutional Treaty before the European elections
10-03-04-m-006,II,ST,11,130.85,8.210000000000008,1.0,13,such progress will of course require some willingness to revise original negotiating positions
10-03-04-m-006,II,ST,12,139.06,13.620000000000005,0.0,26,but the Commission continues to believe that such developments are feasible and that the conclusion of a Constitutional Treaty can be achieved under the present Presidency
10-03-04-m-006,II,ST,13,152.68,13.650000000000006,0.0,32,as Minister Roche said on this issue on this issue it isn't always true in politics but on this issue time will not change the basics or make a resolution easier
10-03-04-m-006,II,ST,14,166.33,18.189999999999998,0.0,38,one of the factors which propels such a view is recognition of the reality that if the IGC was not satisfactorily concluded this year the prospects for establishing a Constitution for the Union will begin to appear remote
10-03-04-m-006,II,ST,15,184.52,22.00999999999999,0.0,45,the momentum provided by the Convention will then manifestly continue to diminish and in the very nature of politics debate about the Treaty will become entangled with other controversies such as those which naturally and inevitably will for instance be associated with the financial perspectives
10-03-04-m-006,II,ST,16,206.53,19.47,0.0,39,no democrat could or would fear the prospect of multiple debates but clarity and rigour in all discussions would obviously be served best by ensuring that each salient issue is tackled on its own terms on its own merits
10-03-04-m-006,II,ST,17,226.0,28.22999999999999,0.0,61,meanwhile the rational desire to conclude the IGC successfully and with reasonable dispatch should not deflect us from the course which the Parliament and the Commission have followed on the content of the Constitution and I'm sure that the Commission reflects the majority opinion in this House by emphasising that the text drafted by the Convention should not be diluted
10-03-04-m-006,II,ST,18,254.23,17.640000000000015,-1.0,36,we've all of course heard the maxim better no constitution than a bad constitution and no sensible person could possibly disagree with that but those can hardly be considered to be the sole true alternatives
10-03-04-m-006,II,ST,19,271.87,10.389999999999986,-1.0,25,the risk is surely not a bad constitution since it is highly unlikely that the IGC would agree to something that was noxious or ineffectual
10-03-04-m-006,II,ST,20,282.26,23.80000000000001,0.0,44,the real risk is rather that the Convention draft becomes amended to the point where cumulatively almost accidentally the ambition and the attractiveness of the Constitution dwindles and the singular opportunity of clarifying and developing the Union provided by drafting a Constitution slips away
10-03-04-m-006,II,ST,21,306.06,10.009999999999991,0.0,18,the representatives and more important the people of the European Union would then inherit problems rather than answers
10-03-04-m-006,II,ST,22,316.07,6.8700000000000045,0.0,18,that's why the basis for the Constitution should continue to be the text presented by the Convention
10-03-04-m-006,II,ST,23,322.94,3.660000000000025,0.0,7,obviously on some points improvement is possible
10-03-04-m-006,II,ST,24,326.6,19.42999999999995,1.0,44,for instance debates in the months before the Brussels European Council showed that the fact that a proposed change attracts widespread support from Member States does not necessarily make it a move in the wrong direction as some seemed to contend at the time
10-03-04-m-006,II,ST,25,346.03,18.940000000000055,0.0,40,meanwhile in the Commission and I emphasise explicitly in the interests of the Union we were glad to note that most if not all delegations realised that making a distinction between voting and non-voting commissioners would simply not work
10-03-04-m-006,II,ST,26,364.97,7.059999999999945,0.0,14,we trust therefore that no variations on that impractical and divisive theme will reappear
10-03-04-m-006,II,ST,27,372.03,8.260000000000048,0.0,13,naturally Parliament Council Commission and everyone else has to continue to exercise care
10-03-04-m-006,II,ST,28,380.29,17.370000000000005,0.0,36,for instance the Italian presidency has helpfully made it clear that some of the texts circulating in the final hours of the December European Council which some regarded to be Presidency compromises have no formal status
10-03-04-m-006,II,ST,29,397.66,8.149999999999977,0.0,22,most of those suggestions would as it happens have been unacceptable to either the Commission or to this Parliament or indeed both
10-03-04-m-006,II,ST,30,405.81,11.689999999999998,0.0,25,we are certain that the Irish presidency will characteristically show its own constructive sensitivity regardless of the hour of the day or of the night
10-03-04-m-006,II,ST,31,417.5,6.389999999999986,0.0,13,the House is of course fully aware of the controversial issues that remain
10-03-04-m-006,II,ST,32,423.89,25.28000000000003,0.0,60,the Commission has made it clear on many occasions that it holds the view that the compromise reached in the Convention on the double-hatted status of an EU Foreign Affairs representative should not be changed that the enhanced budget powers of the European Parliament should not be altered that the scope of qualified majority voting should not be reduced
10-03-04-m-006,II,ST,33,449.17,17.94999999999999,0.0,39,and the Commission has also made clear its opinion particularly when we're only weeks away from a European Union with twenty-five Member States the practical case for an extension of qualified majority voting is stronger than ever
10-03-04-m-006,II,ST,34,467.12,12.680000000000007,0.0,31,on that particular point Mr President the House will know that the Commission considers that the double-majority proposal of the Convention is the best approach for the definition of QMV
10-03-04-m-006,II,ST,35,479.8,4.449999999999989,0.0,6,that also reflects practicality and proportionality
10-03-04-m-006,II,ST,36,484.25,10.269999999999982,0.0,22,it's clear that full and necessary articulation of arguments will ensure that decision-making in the enlarged Union is never easy
10-03-04-m-006,II,ST,37,494.52,25.769999999999982,0.0,49,to make effective agreement on necessary decisions even harder by fixing a QMV threshold which is so high that the focus is on forming blocking minorities rather than on reaching consensus would however be a formula for stasis and the Union as a whole could not benefit from that
10-03-04-m-006,II,ST,38,520.29,11.300000000000068,0.0,32,the Commission's view continues to be that a double majority of fifty per cent of the Member States representing fifty per cent of the population would be both clear and balanced
10-03-04-m-006,II,ST,39,531.59,8.799999999999955,0.0,21,however the Commission accepted the Convention's compromise of fifty per cent of Member States and sixty per cent of population
10-03-04-m-006,II,ST,40,540.39,11.580000000000041,0.0,30,although I have to say the Commission still believes that a fifty per cent and fifty-five per cent formulation would fit the purpose of effective decision-making still better
10-03-04-m-006,II,ST,41,551.97,15.92999999999995,0.0,33,whatever compromise is eventually reached Mr President it's obvious that no one should forget that the draft Constitution will need approval and ratification through the democratic processes of twenty-five Member States
10-03-04-m-006,II,ST,42,567.9,15.460000000000036,1.0,30,an arrangement which increased complexity and intensified the difficulties of making the enlarged Union work well would hardly be likely to attract understanding or support in either parliaments or plebiscites
10-03-04-m-006,II,ST,43,583.36,11.019999999999982,0.0,24,we are certain that the presidency the majority in this Parliament and a spectrum a wide spectrum of governmental and public opinion understands that
10-03-04-m-006,II,ST,44,594.38,8.139999999999986,0.0,21,and we wish the Irish presidency well in their sustained efforts in the interests of the modern Union and its citizens
10-03-04-m-006,II,ST,45,602.52,1.0,0.0,4,thank you Mr President
10-03-04-m-006,II,TT,0,0.0,1.856,0.0,2,gracias Presidente
10-03-04-m-006,II,TT,1,1.856,5.33,0.0,3,Presidente del Consejo
10-03-04-m-006,II,TT,2,7.186,7.835000000000001,0.0,19,lamento la ausencia inevitable del presidente Prodi señor Presidente pero como ustedes saben tiene una serie de obligaciones oficiales
10-03-04-m-006,II,TT,3,15.021,13.3,1.0,30,señor Presidente la Comisión se alegra de esta posibilidad que le brinda la discusión de esta mañana para señalar la importancia que tiene un acuerdo sobre la propuesta de constitución
10-03-04-m-006,II,TT,4,28.321,15.575,1.0,39,evidentemente el análisis realizado en Laeken sigue siendo válido y la Unión ampliada sigue necesitando una reforma para poder garantizar que pueda funcionar en interés del público con unos altos niveles de eficacia y una mayor democracia y transparencia
10-03-04-m-006,II,TT,5,43.896,7.949999999999996,0.0,19,esto claramente es un asunto que queda por resolver y también es evidente que se debe abordar con determinación
10-03-04-m-006,II,TT,6,51.846,15.660000000000004,0.0,29,en esa única asociación de democracias que compone la Unión Europea una cuidadosa deliberación siempre es necesaria pero ningún interés constructivo queda solucionado por una situación de bloqueo prolongado
10-03-04-m-006,II,TT,7,67.506,7.3700000000000045,1.0,24,por eso la Comisión está totalmente de acuerdo con el planteamiento asumido por la Presidencia irlandesa y el informe del ministro Roche es clarísimo
10-03-04-m-006,II,TT,8,74.876,7.699999999999989,0.0,18,la Comisión está convencida de que la Presidencia han hecho y siguen haciendo exactamente lo que es necesario
10-03-04-m-006,II,TT,9,82.576,14.400000000000006,-1.0,38,después de el fracaso del consejo de Bruselas el único curso realista que se podía seguir era el que ha seguido la Presidencia irlandesa y ver qué perspectivas había de lograr por eso a través de consultas bilaterales
10-03-04-m-006,II,TT,10,96.976,9.239999999999995,0.0,13,en nuestra opinión Dick Roche y sus colegas han hecho muchísimo para demostrarlo
10-03-04-m-006,II,TT,11,106.216,26.08,0.0,68,nuestros colegas irlandeses tienen un enorme talento a la hora de promover la comprensión excepto por lo que se refiere al rugby británico y esperamos que sus esfuerzos diligentes puedan aportar su fruto y que la Presidencia y el informe de la Presidencia del Consejo Europeo pueda concluir que todas las delegaciones están dispuestos a firmar el Tratado Constitucional de la Unión Europea antes de las elecciones europeas
10-03-04-m-006,II,TT,12,132.296,8.730000000000018,1.0,17,un progreso de este tipo por supuesto requerirá una voluntad de revisar las posiciones iniciales de negociación
10-03-04-m-006,II,TT,13,141.026,12.560000000000002,0.0,27,pero la Comisión sigue pensando que este tipo de acontecimientos son viables y que la conclusión de un Tratado Constitucional se puede lograr bajo la Presidencia actual
10-03-04-m-006,II,TT,14,153.586,14.909999999999997,0.0,43,como dijo el ministro Roche sobre esta cuestión y es siempre cierto en la política pero respecto a esta cuestión el tiempo no va a cambiar los elementos básicos ni va a hacer que resulte más fácil lograr una resolución compartida por todos
10-03-04-m-006,II,TT,15,168.496,18.149999999999977,0.0,46,uno de los hechos que me afirma en esta posición es el reconocimiento de la realida de que si la CIG no se concluyera de manera satisfactoria este año las perspectivas de que se pueda establecer una Constitución para la Unión resultará cada vez más complicado
10-03-04-m-006,II,TT,16,186.646,21.01000000000002,0.0,44,la inercia generada por la Convención manifestamente seguirá disminuyendo y por la naturaleza misma de la política los debates sobre el Tratado se verán liados con otras controversias como las que de manera natural e inevitable por ejemplo estarán asociados con las perspectivas financieras
10-03-04-m-006,II,TT,17,207.656,20.349999999999994,0.0,42,ningún demócrata temería la perspectiva de que hubiera una serie de debates múltiples pero la claridad y el rigor de todas las discusiones evidentemente se vería favorecida si cada cuestión pendiente se aborda de forma independiente en base a sus propios méritos
10-03-04-m-006,II,TT,18,228.006,15.150000000000006,1.0,34,el deseo racional de concluir la CIG con éxito y con cierta celeridad no debería hacer que variásemos el curso que ha seguido la Comisión y el Parlamento respecto al contenido de esa Constitución
10-03-04-m-006,II,TT,19,243.156,12.780000000000001,0.0,30,pero estoy seguro de que la Comisión refleja la opinión mayoritaria en esta Cámara al señalar que el texto redactado por la Convención no se debería haber aguado o diluido
10-03-04-m-006,II,TT,20,255.936,12.22999999999999,0.0,33,todos por supuesto hemos escuchado a la máxima que es mejor que no haya una constitución que que haya una constitución mala y ninguna persona sensata podría estar en desacuerdo con esta afirmación
10-03-04-m-006,II,TT,21,268.166,5.7099999999999795,0.0,12,pero no se puede considerar que esto sea las únicas alternativas reales
10-03-04-m-006,II,TT,22,273.876,9.54000000000002,1.0,29,el riesgo no es que haya una mala Constitución puesto que es poco probable que la CIG pueda ponerse de acuerdo respecto a una cosa que no fuera eficaz
10-03-04-m-006,II,TT,23,283.416,28.160000000000025,0.0,69,el verdadero riesgo es más bien que el texto de la Convención se modifique hasta tal punto que de manera acumulativa y casi por accidente la ambición y el atractivo que tiene la Constitución se vea mermado y que la oportunidad singular que tenemos para aclarar y desarrollar la Unión la oportunidad que nos ha presentado la posibilidad de redactar una Constitución pues que esto se quede en nada
10-03-04-m-006,II,TT,24,311.576,6.21999999999997,0.0,18,además los pueblos de la Unión Europea heritarían una serie de problemas más que una serie de respuestas
10-03-04-m-006,II,TT,25,317.796,6.139999999999986,0.0,17,por eso la base de la Constitución tendría que seguir siendo el texto presentado por la Convención
10-03-04-m-006,II,TT,26,323.936,3.390000000000043,0.0,9,evidentemente respecto a algunos puntos la mejora es posible
10-03-04-m-006,II,TT,27,327.326,21.839999999999975,1.0,45,por ejemplo los debates en los meses antes del Consejo de diciembre de Bruselas mostraron que el hecho de que un cambio pueda recabar el apoyo de muchos Estados miembros no necesariamente significa esto que pueda ser un cambio hacia peor como parece indicar algunos
10-03-04-m-006,II,TT,28,349.166,17.03000000000003,0.0,50,y la Comisión y recalco que fue por el interés de la Unión la Comisión digo quiere señalar que la mayoría si no todas las delegaciones se han dado cuenta de que hacer una distinción entre la los comisarios con voto y sin voto sencillamente no funcionará en la práctica
10-03-04-m-006,II,TT,29,366.196,8.46999999999997,0.0,18,por lo tanto confiamos en que ninguna variante respecto a ese tema tan importante surja durante las negociaciones
10-03-04-m-006,II,TT,30,374.666,7.75,0.0,17,naturalmente el Parlamento el Consejo la Comisión y todos los demás tienen que seguir ejercitando mucha prudencia
10-03-04-m-006,II,TT,31,382.416,16.399999999999977,0.0,43,por ejemplo la Presidencia italiana de manera muy útil ha señalado que algunos de los textos que se presentaron en las últimas horas de la cumbre europea de diciembre que algunos consideraban que eran compromisos de la Presidencia no tienen ningún estatus oficial
10-03-04-m-006,II,TT,32,398.816,8.600000000000023,0.0,21,la mayoría de esas sugerencias no hubieran sido aceptables o para la Comisión o para este Parlamento o incluso para ambos
10-03-04-m-006,II,TT,33,407.416,17.899999999999977,0.0,35,consideramos que la Presidencia irlandesa mostrará su propias sensibilidades constructivas independientemente del momento en el que se encuentren las negociaciones y por supuesto la Cámara es claramente consciente de las cuestiones controvertidas que quedan pendientes
10-03-04-m-006,II,TT,34,425.316,15.535000000000025,0.0,31,la Comisión ha señalado claramente en numerosas ocasiones que en su opinión el compromiso logrado en la Convención de un representante de Asuntos Exteriores de la Unión Europea no debería cambiarse
10-03-04-m-006,II,TT,35,440.851,9.545000000000016,0.0,24,la mejora de los poderes presupuestarios del Parlamento Europeo no deberían alterarse que el ámbito de la votación por mayoría cualificada no debería reducirse
10-03-04-m-006,II,TT,36,450.396,20.129999999999995,0.0,46,y la Comisión también ha señalado claramente cuál es su opinión en particular cuando sólo estamos unas pocas semanas de una Unión Europea con veinticinco Estados miembros y lo práctico que resulta una extensión de la votación por mayoría cualificada que es más necesaria que nunca
10-03-04-m-006,II,TT,37,470.526,11.449999999999989,0.0,34,y sobre este punto Presidente sabrán ustedes que la Comisión considera que la propuesta de doble mayoría de la Convención es el mejor planteamiento a la hora de definir la votación por mayoría cualificada
10-03-04-m-006,II,TT,38,481.976,7.490000000000009,0.0,17,esto también refleja una idea de de de ser prácticos y también incluye la noción de proporcionalidad
10-03-04-m-006,II,TT,39,489.466,32.379999999999995,0.0,87,evidentemente esto garantizará que la toma de decisiones en una Europa ampliada no será más fácil pero para que se puedan lograr una serie de acuerdos eficaces respecto a las decisiones que se deben tomar incluso fijando un umbral para la mayoría cualificada que sea tan elevado que se centre todo en crear minorías de bloqueo en vez de lo intentar lograr consenso sería una fórmula que daría lugar a la estasis y la Unión en su totalidad no se beneficiaría de una situación de este tipo
10-03-04-m-006,II,TT,40,521.846,11.590000000000032,0.0,34,la opinión de la Comisión sigue siendo que una doble mayoría de cincuenta por ciento de los Estados miembros que representen el cincuenta por ciento de la población sería un sistema claro y equilibrado
10-03-04-m-006,II,TT,41,533.436,21.519999999999982,0.0,59,sin embargo la Comisión aceptó el compromiso de la Convención de el cincuenta por ciento de los Estados miembros y el sesenta por ciento de la población aunque debo decir que la Comisión sigue pensando que una fórmula de cincuenta y cincuenta y cinco por ciento encajaría perfectamente con el propósito de poder tomar las decisiones de forma eficaz
10-03-04-m-006,II,TT,42,554.956,14.199999999999932,0.0,36,independientemente del compromiso al que se llegue finalmente Presidente es evidente que nadie debe olvidar que el proyecto de Constitución requerirá la aprobación y la ratificación a través de los procesos democráticos de veinticinco Estados miembros
10-03-04-m-006,II,TT,43,569.156,16.290000000000077,1.0,45,un acuerdo que aumente la complejidad del mismo y que intensifique las dificultades que supone el que funcione bien la Unión ampliada es poco probable que atraiga la comprensión o el apoyo en ninguno de los parlamentos ni de los posibles plebiscitos que puedan celebrarse
10-03-04-m-006,II,TT,44,585.446,11.059999999999945,0.0,28,nosotros y desde luego la Presidencia también la mayoría de los miembros de este Parlamento y un amplio espectro de gobiernos y de opiniones públicas lo entiende así
10-03-04-m-006,II,TT,45,596.506,8.399999999999977,1.0,25,y le deseamos muchísimo éxito a la Presidencia irlandesa por todos los esfuerzos que han realizado a favor de una Unión modernizada y sus ciudadanos
10-03-04-m-006,II,TT,46,604.906,0.45506299999999555,0.0,1,gracias
11-02-04-m-045,I,ST,0,0.0,1.63,0.0,3,is this working
11-02-04-m-045,I,ST,1,1.63,2.0300000000000002,0.0,3,thank you President
11-02-04-m-045,I,ST,2,3.66,6.73,0.0,19,the Nuclear Non-Proliferation Treaty is an agreement by a hundred and eighty-nine nations to eliminate nuclear weapons
11-02-04-m-045,I,ST,3,10.39,28.229999999999997,0.0,81,and yet thirty-four years after it entered into force we're in a situation where the United States is willing to launch preemptive nuclear strikes where the UK refuses to rule out the use of nuclear weapons in Iraq where research and development and the testing of nuclear weapons continues where nuclear weapons are still considered a vital part of NATO defence planning where new generations of battlefield nuclear weapons are developed and the nuclearisation of space is well underway
11-02-04-m-045,I,ST,4,38.62,13.050000000000004,0.0,35,in the last review conference in two thousand the thirteen-step plan was agreed as a way of implementing the NPT and it renewed the unequivocal undertaking by the nuclear States to eliminate their weapons
11-02-04-m-045,I,ST,5,51.67,7.100000000000001,0.0,23,the PrepCom in New York is the last chance to implement this programme before the next review conference in two thousand and five
11-02-04-m-045,I,ST,6,58.77,9.699999999999996,0.0,25,unless we take a strong stand now the NPT is in danger of becoming meaningless full of good intentions but resulting in little political action
11-02-04-m-045,I,ST,7,68.47,6.5,0.0,21,the European Union has a duty to take a leading role in this and to ensure that real action is taken
11-02-04-m-045,I,ST,8,74.97,4.409999999999997,0.0,10,nuclear weapons make the world more insecure and more dangerous
11-02-04-m-045,I,ST,9,79.38,10.939999999999998,0.0,31,the International Court of Justice ruled in nineteen ninety-six that their use or even their threatened use was unlawful which makes the strengthening of the NPT all the more urgent
11-02-04-m-045,I,ST,10,90.32,9.38000000000001,0.0,24,and we are talking here about real existing weapons of mass destruction and destroying them in the most effective way by enforcing international agreements
11-02-04-m-045,I,ST,11,99.7,8.079999999999998,0.0,23,we're asking the Presidency the Council and the Commission what exactly is being done in preparation for the PrepCom in New York
11-02-04-m-045,I,ST,12,107.78,6.060000000000002,1.0,16,what progress has been made for example on the thirteen practical steps on nuclear-free zones
11-02-04-m-045,I,ST,13,113.84,3.8699999999999903,0.0,12,my own constituency Wales declared itself nuclear-free in nineteen eighty-two
11-02-04-m-045,I,ST,14,117.71,13.250000000000014,1.0,41,and what is being done to support the pioneering work of the mayors of Hiroshima and Nagasaki in mobilising cities throughout the world to work for the total abolition of nuclear weapons which must be the goal of all of us
11-02-04-m-045,I,TT,0,0.0,2.696,0.0,2,gracias Presidente
11-02-04-m-045,I,TT,1,2.696,6.470000000000001,1.0,20,el Tratado de No Proliferación Nuclear es un acuerdo de ciento noventa y nueve países para eliminar las armas nucleares
11-02-04-m-045,I,TT,2,9.166,12.43,0.0,24,hace treinta y cuatro años después de la entrada en vigor estamos en una situación donde Estados Unidos está lanzando ataques preventivos en Iraq
11-02-04-m-045,I,TT,3,21.596,16.48,0.0,34,la investigación y el desarrollo se sigue aplicando en armas nucleares y se siguen considerando estas armas nucleares parte importante del sistema de defensa de la OTAN y el espacio nuclearizado está en marcha
11-02-04-m-045,I,TT,4,38.076,12.229999999999997,1.0,36,en la última conferencia de revisión año dos mil se llegó a un acuerdo sobre un plan sobre la aplicación del TNP y hubo un acuerdo por parte de los países nucleares para eliminar sus armas
11-02-04-m-045,I,TT,5,50.306,7.43,0.0,24,el PrepCom en Nueva York es la última oportunidad para aplicar este programa antes de la próxima conferencia de revisión en dos mil cinco
11-02-04-m-045,I,TT,6,57.736,9.830000000000005,0.0,24,a no ser que actuemos contundentemente ahora el TNP corre el riesgo de no tener ningún sentido si no hay resultados a nivel político
11-02-04-m-045,I,TT,7,67.566,6.310000000000002,0.0,21,la Unión Europea tiene la obligación de tener un papel de liderazgo garantizar que se lleve a cabo una acción real
11-02-04-m-045,I,TT,8,73.876,4.219999999999999,0.0,12,las armas nucleares hacen que el mundo sea más peligroso más inseguro
11-02-04-m-045,I,TT,9,78.096,7.849999999999994,-1.0,21,el Tribunal Europeo de Justicia en el noventa y seis estableció que el uso o la amenaza de uso es ilegal
11-02-04-m-045,I,TT,10,85.946,4.180000000000007,0.0,12,por lo tanto es muy urgente más urgente todavía reforzar el TNP
11-02-04-m-045,I,TT,11,90.126,3.714999999999989,0.0,10,hablamos de la existencia real de armas de destrucción masiva
11-02-04-m-045,I,TT,12,93.841,4.585000000000008,0.0,12,hay que destruirlas de la forma más eficaz aplicando los acuerdos internacionales
11-02-04-m-045,I,TT,13,98.426,8.670000000000002,0.0,25,solicitamos a la Presidencia al Consejo y a la Comisión que nos digan exactamente qué se ha hecho de cara al PrepCom en Nueva York
11-02-04-m-045,I,TT,14,107.096,8.159999999999997,0.0,22,cuáles son los avances que se han alcanzado en esos trece pasos concretos en zonas nucleares libres o libres de armas nucleares
11-02-04-m-045,I,TT,15,115.256,3.1400000000000006,0.0,10,mi propia circunscripción se ha declarado libre de armas nucleares
11-02-04-m-045,I,TT,16,118.396,11.332719000000012,0.0,28,también hay que apoyar el trabajo pionero de los alcaldes en esa declaración de Hiroshima y Nagasaki e e indicando que haya una abolición total de armas nucleares
11-02-04-m-046,I,ST,0,0.0,7.4,1.0,33,thank you Mr President and it gives me great pleasure on my behalf and on behalf of the presidency to refer to the question to respond to the question that has been asked
11-02-04-m-046,I,ST,1,7.4,9.31,0.0,24,the European Union is committed to to to the Multilateral Treaty System which provides the legal and normative basis for all non-proliferation efforts
11-02-04-m-046,I,ST,2,16.71,7.969999999999999,-1.0,21,on the twelfth of December last the European Council adopted an EU strategy against proliferation of weapons of mass destruction disruption
11-02-04-m-046,I,ST,3,24.68,9.299999999999997,0.0,22,the strategy incorporates and bases itself on the text adopted by the European Council at Thessaloniki in June two thousand and three
11-02-04-m-046,I,ST,4,33.98,8.700000000000003,0.0,21,the WMD strategy outlines the EU's particular commitment to to the Treaty on the non-proliferation of nuclear weapons NPT
11-02-04-m-046,I,ST,5,42.68,8.380000000000003,1.0,23,the EU believes that all of our efforts should be aimed at preserving and strengthening this fundamental instrument of international peace and security
11-02-04-m-046,I,ST,6,51.06,15.789999999999992,0.0,44,the Union supports wholeheartedly the objectives laid down in the Treaty and is committed to the effective implementation of the final document of the two-thousand NPT Review Conference and the decisions and resolutions adopted at the nineteen ninety-five Review and Extension Conference
11-02-04-m-046,I,ST,7,66.85,13.260000000000005,0.0,35,the Union has repeatedly stated that the non-proliferation treaty is the cornerstone of the global non-proliferation regime and the essential foundation for the pursuit of nuclear disarmament under Article six of the Treaty
11-02-04-m-046,I,ST,8,80.11,17.790000000000006,1.0,44,the European Union's statement of to last year's second preparatory committee for the two thousand and five Review Conference of the NPT recalled that Member States continue to attach great importance to achieving the universality of and universal compliance with the NPT
11-02-04-m-046,I,ST,9,97.9,10.86999999999999,1.0,33,in this regard we welcome the accession to the Treaty by Cuba in two thousand and two and by and by Leste in two thousand and three which brings it closer to universality
11-02-04-m-046,I,ST,10,108.77,14.230000000000004,0.0,32,however there are three countries India Israel and Pakistan that remain outside the regime and we continue to call upon them to accede unconditionally to the NPT as non-nuclear weapon States
11-02-04-m-046,I,ST,11,123.0,12.889999999999986,0.0,34,the Council adopted on seventeen November last a common position on the universalisation and reinforcement of multilateral agreements in the field of non-proliferation of weapons of mass destruction and their means of delivery
11-02-04-m-046,I,ST,12,135.89,8.130000000000024,0.0,18,Article four of the common position confirms that achieving universal adherence to the NPT is of crucial importance
11-02-04-m-046,I,ST,13,144.02,19.810000000000002,0.0,50,to this end the European Union will one call on those States not yet parties to the NPT to accede unconditionally to the NPT as non-nuclear weapon States and to put and to place all their nuclear facilities and activities under the provisions of the IAEA comprehensive safeguards system
11-02-04-m-046,I,ST,14,163.83,14.530000000000001,0.0,38,two to urge those States not yet having entered into safeguard agreements with the IAEA IAEA to fulfil their obligations in accordance with Article three of the NPT and to conclude such agreements as a matter of urgency
11-02-04-m-046,I,ST,15,178.36,0.839999999999975,0.0,2,number three
11-02-04-m-046,I,ST,16,179.2,4.530000000000001,0.0,10,to promote all the objectives laid down in the NPT
11-02-04-m-046,I,ST,17,183.73,1.0100000000000193,0.0,1,four
11-02-04-m-046,I,ST,18,184.74,12.009999999999991,1.0,29,to support the final document of the two thousand NPT Review Conference and the decisions and resolution adopted at at the nineteen ninety-five NPT Review and Extension Conference
11-02-04-m-046,I,ST,19,196.75,0.46999999999999886,0.0,1,six
11-02-04-m-046,I,ST,20,197.22,4.349999999999994,0.0,7,to promote further consideration of security assurances
11-02-04-m-046,I,ST,21,201.57,10.79000000000002,0.0,22,and finally to promote measures to ensure that any possible misuse of civilian nuclear programs for military purposes will be effectively excluded
11-02-04-m-046,I,ST,22,212.36,6.0,1.0,16,there is no common Council analysis of the progress on the implementation of the thirteen steps
11-02-04-m-046,I,ST,23,218.36,10.629999999999995,1.0,19,the European Union is however committed to encourage the the progress made towards systematic and progressive efforts towards disarmament
11-02-04-m-046,I,ST,24,228.99,21.439999999999998,0.0,55,the European Union will continue to encourage all efforts to implement Article Article six of the NPT as agreed as well as paragraph three three and four C of the nineteen ninety-five Declaration on Principles and Objectives for Nuclear Non-Proliferation and Disarmament and the practical steps agreed in the two thousand final document
11-02-04-m-046,I,ST,25,250.43,12.75,0.0,34,the Union's commitment to the comprehensive test ban treaty is also clear and was reiterated most recently by the EU common position on universalisation of multilateral instruments adopted in November of last year
11-02-04-m-046,I,ST,26,263.18,7.029999999999973,0.0,15,the Union will continue to promote the early entry into force of the CTBC CTBT
11-02-04-m-046,I,ST,27,270.21,16.160000000000025,0.0,37,pending its entry into force we urge all States with nuclear capacity to abide by a moratorium on nuclear test explosions or any other nuclear explosions and refrain from any actions which are contrary to the CTBT
11-02-04-m-046,I,ST,28,286.37,13.04000000000002,0.0,31,the Union has acknowledged the importance of the nuclear free zones weapon nuclear weapon free zones established on the basis of arrangements freely achieved among Member States of the regions concerned
11-02-04-m-046,I,ST,29,299.41,3.5499999999999545,1.0,8,they enhance global and regional peace and security
11-02-04-m-046,I,ST,30,302.96,8.770000000000039,1.0,22,we welcome and support both signature and ratification by the nuclear weapon States of the relevant protocols of nuclear weapons free zones
11-02-04-m-046,I,ST,31,311.73,16.46999999999997,0.0,42,on the question of verification and safeguards the Union believes that the safeguards serve as a technical tool in support of the political goal of sustaining an environment in which there can be peaceful use of nuclear energy without threat of proliferation
11-02-04-m-046,I,ST,32,328.2,7.5400000000000205,1.0,16,in this connection we strongly support the verification role of the International Energy Atomic Energy Agency
11-02-04-m-046,I,ST,33,335.74,13.409999999999968,0.0,29,the Union also takes the view that adoption and implementation of comprehensive safeguard agreements and additional protocols to them is a prerequisite in the effective and credible safeguard system
11-02-04-m-046,I,ST,34,349.15,11.25,0.0,31,the EU also continues to attach great importance to the fight against terrorism and strongly supports all measures that are aimed at preventing terrorists from acquiring nuclear biological and chemical weapons
11-02-04-m-046,I,ST,35,360.4,11.349977000000024,0.0,24,the WMD strategy emphasises the Union's commitment to strengthen export control policies and practices within its borders and beyond in coordination with partners
11-02-04-m-046,I,ST,36,371.749977,5.450022999999987,0.0,12,the European Union will work towards improving the existing export control mechanisms
11-02-04-m-046,I,ST,37,377.2,9.590000000000032,0.0,22,it will advocate adherence to effective export control criteria by countries outside the existing regime and arrangements including in the nuclear field
11-02-04-m-046,I,ST,38,386.79,11.139999999999986,0.0,26,as regards the proliferation security initiative the Council has not adopted a position on this this issue and not all Member States participate in the PSI
11-02-04-m-046,I,ST,39,397.93,5.5400000000000205,0.0,14,the question of the International Mayors Campaign has not been considered by the Council
11-02-04-m-046,I,ST,40,403.47,18.279999999999973,0.0,60,the third preparatory committee for the two thousand and five review conference of the Treaty on non-proliferation of nuclear weapons which will be held on the twenty-sixth of April from the twenty-sixth of April to the seventh of May next will be a pivotal event in terms of disarmament and non-proliferation in two thousand and four
11-02-04-m-046,I,ST,41,421.75,9.259999999999991,0.0,27,as Presidency we will work within the Union and with key partners to seek agreement on a solid basis for the successful outcome of the review cycle
11-02-04-m-046,I,ST,42,431.01,7.900000000000034,0.0,24,this work will take place in the first instance within the working group on non-proliferation and in its troika meetings with third countries
11-02-04-m-046,I,ST,43,438.91,10.439999999999998,0.0,26,the work will include the preparation of an EU common statements on various aspects of the Treaty for delivery by the presidency at the preparatory committee
11-02-04-m-046,I,ST,44,449.35,7.739999999999952,1.0,27,the Presidency will inform the European Parliament on the progress achieved in this field in accordance with Article twenty-one of the Treaty of the European Union
11-02-04-m-046,I,ST,45,457.09,1.2700000000000387,0.0,4,thank you Mr President
11-02-04-m-046,I,TT,0,0.0,4.386,0.0,3,gracias señor Presidente
11-02-04-m-046,I,TT,1,4.386,3.8999999999999995,0.0,12,en nombre de la presidencia irlandesa voy a responder a las preguntas
11-02-04-m-046,I,TT,2,8.286,10.69,0.0,26,la Unión Europea se ha comprometido a un sistema multilateral de tratados que brinda las bases jurídicas y normativas para todos los esfuerzos de no proliferación
11-02-04-m-046,I,TT,3,18.976,6.48,-1.0,25,el doce de diciembre de dos mil tres el Consejo europeo adoptó una estrategia de la Unión contra la proliferación de armas de destrucción masiva
11-02-04-m-046,I,TT,4,25.456,8.900000000000002,0.0,24,esta estrategia incorpora y de hecho se basa en los textos adoptados por el Consejo europeo de Tesalónica de junio de dos mil tres
11-02-04-m-046,I,TT,5,34.356,9.939999999999998,-1.0,26,la estrategia contra las armas de destrucción masiva subraya el especial esfuerzo de la Unión Europea en relación al tratado de no proliferación de armas nucleares
11-02-04-m-046,I,TT,6,44.296,8.910000000000004,1.0,22,considera la Unión Europea que todos nuestros esfuerzos deberían dirigirse a conservar y reforzar este instrumento fundamental de paz y seguridad internacional
11-02-04-m-046,I,TT,7,53.206,14.36,0.0,40,la Unión Europea apoya firmemente los objetivos establecidos en el tratado y se compromete a aplicar el documento final de la conferencia de revisión del TNP de dos mil y las decisiones y resolución adoptadas en el noventa y cinco
11-02-04-m-046,I,TT,8,67.566,8.069999999999993,0.0,24,la Unión Europea ha insistido una y otra vez que el TNP es la piedra angular del sistema de no proliferación mundial que tenemos
11-02-04-m-046,I,TT,9,75.636,5.960000000000008,0.0,19,es la base esencial para seguir con los esfuerzos de desarme nuclear en virtud del artículo seis del tratado
11-02-04-m-046,I,TT,10,81.596,15.899999999999991,0.0,39,la declaración de la Unión Europea en el comité preparatorio del año pasado para la conferencia de revisión de dos mil cinco del TNP recordaba a los Estados miembros que es importante seguir buscando un cumplimiento universal del TNP
11-02-04-m-046,I,TT,11,97.496,13.060000000000002,0.0,42,a este respecto estamos acogiendo muy favorablemente la adhesión a Cuba la adhesión de Cuba al tratado en dos mil dos y de Timor Oriental en dos mil tres cosa que nos acerca cada vez más a la universalidad de este tratado
11-02-04-m-046,I,TT,12,110.556,13.230000000000004,0.0,31,sin embargo hay tres países la India Israel y Pakistán que siguen fuera del sistema y seguimos instándoles a que accedan sin condiciones al TNP como Estados libres de armas nucleares
11-02-04-m-046,I,TT,13,123.786,15.889999999999986,0.0,39,el Consejo adoptó el diecisiete de noviembre de dos mil tres una posición común sobre la universalización y el refuerzo de los acuerdos multilaterales en el ámbito de la no proliferación de armas de destrucción masiva y medios afines
11-02-04-m-046,I,TT,14,139.676,7.52000000000001,0.0,18,el artículo cuatro de dicha posición común confirma que la adhesión universal al TNP es de importancia primordial
11-02-04-m-046,I,TT,15,147.196,16.849999999999994,0.0,45,para ello la Unión Europea tendrá que instar a todos los Estados que todavía no son partes del TNP a que accedan de forma incondicional al TNP y a que todas sus instalaciones nucleares y actividades sean sometidas a la supervisión de la del OIEA
11-02-04-m-046,I,TT,16,164.046,15.080000000000013,0.0,40,insta también a estos Estados que todavía no han entrado en los acuerdos de salvaguardia de la OIEA a que cumplan sus obligaciones en conformidad con el artículo tres del TNP y a que concluyan dichos acuerdos de forma urgente
11-02-04-m-046,I,TT,17,179.126,4.97999999999999,0.0,12,en tercer lugar busca promover todos los objetivos establecidos en el TNP
11-02-04-m-046,I,TT,18,184.106,14.060000000000002,0.0,39,en cuarto lugar apoyar en el documento final de la conferencia de revisión del TNP de dos mil y en las decisiones de resolución adoptadas en el noventa y cinco en la conferencia de revisión y ampliación del TNP
11-02-04-m-046,I,TT,19,198.166,15.319999999999993,0.0,31,promover también una mayor consideración de las garantías de seguridad y por último promover medidas para garantizar que cualquier uso erróneo de programas civiles nucleares con objetivo militar quede directamente descartado
11-02-04-m-046,I,TT,20,213.486,5.6200000000000045,0.0,13,no existe un análisis común del Consejo sobre cómo aplicar estos trece pasos
11-02-04-m-046,I,TT,21,219.106,10.5,0.0,23,sin embargo la Unión Europea se ha comprometido a fomentar estos progresos que se realizan buscando esfuerzos sistemáticos y progresivos hacia el desarme
11-02-04-m-046,I,TT,22,229.606,22.599999999999994,0.0,57,la Unión Europea seguirá impulsando todos los esfuerzos de aplicación del artículo seis del TNP así como los párrafos tres y cuatro C de la decisión de mil novecientos noventa y cinco sobre principios y objetivos para la no proliferación y el desarme nuclear así como los pasos prácticos acordados en el documento final de dos mil
11-02-04-m-046,I,TT,23,252.206,16.76000000000002,0.0,45,el compromiso de la Unión Europea hacia el tratado de prohibición de ensayos nucleares también queda patente y se ha reiterado recientemente en la posición común de la Unión sobre la universalización de los instrumentos multilaterales que se adoptó en noviembre de dos mil tres
11-02-04-m-046,I,TT,24,268.966,6.3799999999999955,0.0,17,la Unión Europea seguirá promoviendo la entrada en vigor de este tratado de prohibición de ensayos nucleares
11-02-04-m-046,I,TT,25,275.346,16.055000000000007,0.0,41,de aquí a que entre en vigor instamos a los Estados que tienen capacidad nuclear a que cumplan con la moratoria para no realizar ensayos de explosiones nucleares ni explosiones nucleares y para que no realicen acciones contrarias a este tratado
11-02-04-m-046,I,TT,26,291.401,11.774999999999977,0.0,28,la Unión Europea ha reconocido la importancia de las zonas libres de armas nucleares que se establecen en función de acuerdos entre los Estados de las regiones afectadas
11-02-04-m-046,I,TT,27,303.176,12.0,1.0,33,aumentan la paz y la seguridad mundial y por eso las apoyamos y las suscribimos así como apoyamos a los Estados que las suscriben y las apoyan a través de los protocolos pertinentes
11-02-04-m-046,I,TT,28,315.176,18.569999999999993,-1.0,49,en cuanto a la verificación y las salvaguardias la Unión Europea considera que las salvaguardias son un instrumento técnico muy importante para apoyar el objetivo político de conseguir un medio ambiente donde la energía nuclear sea de uso pacífico y no tenga que temer la amenaza de la proliferación
11-02-04-m-046,I,TT,29,333.746,15.25,0.0,40,a este respecto apoyamos totalmente el papel de verificación del OIEA y consideramos que la adopción y aplicación de acuerdos globales de salvaguardia así como de sus protocolos es una condición indispensable para que haya un sistema de salvaguardias creíble
11-02-04-m-046,I,TT,30,348.996,15.439999999999998,-1.0,34,la Unión Europea sigue concediendo una gran importancia a la lucha contra el terrorismo y apoya firmemente todas las medidas que buscan evitar que los terroristas se hagan con armas nucleares biológicas y químicas
11-02-04-m-046,I,TT,31,364.436,13.410000000000025,0.0,35,la estrategia de armas de destrucción masiva refuerza que la Unión Europea está comprometida a ampliar sus políticas de control y sus prácticas tanto dentro de sus fronteras como fuera en coordinación con sus socios
11-02-04-m-046,I,TT,32,377.846,11.319999999999993,1.0,26,trabajaremos para mejorar los mecanismos de control existentes en materia de exportaciones y buscaremos que haya más países que se sumen a los criterios de control
11-02-04-m-046,I,TT,33,389.166,12.259999999999991,0.0,18,por lo que se refiere a la iniciativa sobre proliferación el Consejo no se ha pronunciado al respecto
11-02-04-m-046,I,TT,34,401.426,2.2900000000000205,0.0,8,no todos los Estados miembros participan en ella
11-02-04-m-046,I,TT,35,403.716,5.110000000000014,0.0,17,en cuanto a la campaña internacional de los alcaldes todavía no ha sido considerada por el Consejo
11-02-04-m-046,I,TT,36,408.826,14.019999999999982,0.0,37,el tercer comité preparatorio para dos mil cinco previsto del veintiséis de abril al siete de mayo supondrá un acontecimiento importantísimo por lo que se refiere al desarme y a la no proliferación en dos mil cuatro
11-02-04-m-046,I,TT,37,422.846,14.889999999999986,1.0,32,como Presidencia de la Unión Europeo trabajaremos junto con la Unión y nuestros principales socios para buscar un acuerdo sustentado en bases sólidas que nos permita arrancar bien el ciclo de revisión
11-02-04-m-046,I,TT,38,437.736,11.090000000000032,0.0,23,en primer lugar tendrán lugar los trabajos del Grupo de Trabajo sobre no proliferación CONOP las reuniones de la troika y países terceros
11-02-04-m-046,I,TT,39,448.826,11.315405999999996,0.0,26,la Presidencia desde luego informará al Parlamento Europeo de los progresos conseguidos en este campo en conformidad con el artículo veintiuno del Tratado de la Unión
11-02-04-m-047,I,ST,0,0.0,0.72,0.0,1,President
11-02-04-m-047,I,ST,1,0.72,13.33,1.0,30,I welcome the opportunity to contribute to this debate today though inevitably I will be traversing some of the ground which has been so ably covered already by the presidency
11-02-04-m-047,I,ST,2,14.05,13.099999999999998,0.0,25,recent revelations on the proliferation of nuclear weapons technology to Iran Libya and North Korea have highlighted the importance of maintaining and strengthening effective controls
11-02-04-m-047,I,ST,3,27.15,14.68,0.0,34,it's a matter of historic record that the clandestine acquisition of nuclear weapons by India and Pakistan in the nineteen-nineties and the consequent impact on regional stability gave rise to grave concern
11-02-04-m-047,I,ST,4,41.83,13.310000000000002,0.0,35,North Korea's withdrawal from the Treaty on the Non-Proliferation of Nuclear Weapons last year was a further dangerous and destabilising step both for the immediate region and the international community as a whole
11-02-04-m-047,I,ST,5,55.14,10.579999999999998,0.0,27,the Treaty on the Non-Proliferation of Nuclear Weapons which entered into force in nineteen seventy established the international nuclear non-proliferation regime as we know it
11-02-04-m-047,I,ST,6,65.72,3.739999999999995,0.0,9,and this regime established the basic norms for behaviour
11-02-04-m-047,I,ST,7,69.46,15.870000000000005,0.0,33,it provides as the House will know a legal ban on nuclear proliferation beyond the five nuclear weapons states recognised by the Treaty and makes nuclear proliferation activity illegal in the international community
11-02-04-m-047,I,ST,8,85.33,14.120000000000005,0.0,28,with it came the principle of regulated nuclear trade the concept of nuclear safeguards and of course the International Atomic Energy Authority whose excellent work underpins the regime
11-02-04-m-047,I,ST,9,99.45,3.7099999999999937,0.0,12,understandably much of the focus has been on the regime's failures
11-02-04-m-047,I,ST,10,103.16,3.074989000000002,0.0,6,but we often underestimate the success
11-02-04-m-047,I,ST,11,106.234989,9.685011000000003,0.0,23,it was John F Kennedy who in a nineteen sixty presidential debate envisaged a world with perhaps twenty nations with a nuclear capability
11-02-04-m-047,I,ST,12,115.92,6.189999999999998,0.0,18,that his vision was never realised has been due in large part to the creation of the NPT
11-02-04-m-047,I,ST,13,122.11,21.929999999999993,0.0,45,South Africa Argentina Brazil Taiwan South Korea for example have all turned their backs on the proliferation of nuclear weapons partly as a result of international pressure but also as a result of sensible and wise decisions taken in response to domestic debate and opinion
11-02-04-m-047,I,ST,14,144.04,6.840000000000003,0.0,17,we also have positive recent developments with Iran which has now accepted the Additional Protocol and Libya
11-02-04-m-047,I,ST,15,150.88,12.900000000000006,-1.0,29,against this background while recognising the challenges the NPT faces particularly on nuclear proliferation and disarmament we believe the forthcoming Third Preparatory Committee can be approached with some confidence
11-02-04-m-047,I,ST,16,163.78,9.259999999999991,0.0,24,there may well be shortcomings in the non-proliferation regime but they're certainly not terminal and they can in our judgment be addressed
11-02-04-m-047,I,ST,17,173.04,10.480000000000018,0.0,28,we must continue to pursue the universal adoption of the NPT by countries that have so far refused to do so and in particular India Pakistan and Israel
11-02-04-m-047,I,ST,18,183.52,4.6699999999999875,0.0,10,North North Korea must return to conformity with the Treaty
11-02-04-m-047,I,ST,19,188.19,5.610000000000014,0.0,14,we must also extend the ratification of the important Additional Protocol to the Treaty
11-02-04-m-047,I,ST,20,193.8,6.549999999999983,0.0,13,this protocol provides the IAEA with enhanced and tougher powers to perform inspections
11-02-04-m-047,I,ST,21,200.35,12.960000000000008,1.0,32,in this context the Commission role is first in assisting the presidency who see progress in this area as a high priority and second in encouraging the maximum degree of EU coordination
11-02-04-m-047,I,ST,22,213.31,6.729976999999991,0.0,18,the last twelve months have seen the EU take enormous strides in strengthening its approach to non-proliferation
11-02-04-m-047,I,ST,23,220.039977,11.680023000000006,0.0,32,the European Security Strategy that was adopted at the December two thousand and three European Council identifies weapons of mass destruction as one of the most dangerous threats to today's Europe
11-02-04-m-047,I,ST,24,231.72,6.590000000000003,-1.0,18,at the same European Council the EU strategy against the proliferation of weapons of mass destruction was approved
11-02-04-m-047,I,ST,25,238.31,3.319999999999993,0.0,10,this strategy is now being followed up by concrete action
11-02-04-m-047,I,ST,26,241.63,7.0800000000000125,0.0,20,work on implementation of the strategy is proceeding in a large number of areas too numerous to set out today
11-02-04-m-047,I,ST,27,248.71,3.319999999999993,0.0,8,but perhaps I could highlight some important examples
11-02-04-m-047,I,ST,28,252.03,19.52000000000001,0.0,47,the first was last November's adoption by the General Affairs and External Relations Council of a text aimed at mainstreaming non-proliferation policies into the European Union's wider relations with third countries among other things by introducing a non-proliferation clause in agreements with them
11-02-04-m-047,I,ST,29,271.55,11.20999999999998,0.0,26,this new commitment on non-proliferation is important because the new EU strategy aims at including provisions on non-proliferation in all agreements with third countries
11-02-04-m-047,I,ST,30,282.76,10.930000000000007,-1.0,26,this is now part of ongoing negotiations for example with Syria placing non-proliferation on a similar level to human rights and the fight against terrorism
11-02-04-m-047,I,ST,31,293.69,22.319999999999993,0.0,53,the EU joint action for disarmament and non-proliferation in Russia was established in nineteen ninety-nine by the Council to enhance cooperation with the Russian Federation in the latter's pursuit of a safe secure and environmentally sound dismantlement destruction or conversion of those weapons of mass destruction infrastructure equipment and materials
11-02-04-m-047,I,ST,32,316.01,5.980000000000018,1.0,12,the projects support chemical destruction and the disposal of weapons-grade plutonium
11-02-04-m-047,I,ST,33,321.99,18.80000000000001,0.0,51,these projects which are implemented by the Commission in close cooperation with a number of Member States are a small but important part of the Community's one billion euro contribution to the G8 global partnership that launched at the launched at the meeting in two thousand and two in Canada
11-02-04-m-047,I,ST,34,340.79,26.379999999999995,-1.0,58,the Inter-Parliamentary Conference hosted by the Commission under the Non-Proliferation and Disarmament Cooperation Initiative on the twentieth and twenty-first of November last year which took place of course here in Strasbourg highlighted the considerable future challenges ahead if we're to dispose safely of the dangerous remains of Cold War weapons of mass destruction programmes
11-02-04-m-047,I,ST,35,367.17,13.319999999999993,0.0,29,the Conference's significance was confirmed through its status as an inter-parliamentary gathering of figures from key national parliaments including the United States Congress and the Russian Duma
11-02-04-m-047,I,ST,36,380.49,13.199999999999989,-1.0,30,for the WMD threat to be removed it must become and remain a high priority issue for national governments for regional organisations and for the international community as a whole
11-02-04-m-047,I,ST,37,393.69,12.199999999999989,-1.0,30,from a Community perspective we're grateful for the increased attention given by the European Parliament to the need to fund adequately threat reduction activities in the next budget cycle
11-02-04-m-047,I,ST,38,405.89,14.110000000000014,0.0,39,the Commission in cooperation with the European Parliament is seeking to define future non-proliferation priorities and thanks to a recent decision by the Parliament we'll be able shortly to launch a pilot project to further this work
11-02-04-m-047,I,ST,39,420.0,8.879999999999995,0.0,25,once again I I'm grateful for the opportunity of taking part in this short but important debate on a matter of such international significance
11-02-04-m-047,I,TT,0,0.0,1.376,0.0,3,gracias señor Presidente
11-02-04-m-047,I,TT,1,1.376,2.41,0.0,8,gracias por permitirme contribuir al debate de hoy
11-02-04-m-047,I,TT,2,3.786,11.120000000000001,0.0,15,inevitablemente voy a repetir algunas de las cosas que también ha expuesto ya la Presidencia
11-02-04-m-047,I,TT,3,14.906,11.49,0.0,31,las revelaciones recientes sobre la proliferación de las armas nucleares en Irán Libia Libia y Corea del Norte han puesto de manifiesto la importancia de mantener y reforzar un control efectivo
11-02-04-m-047,I,TT,4,26.396,15.71,0.0,34,es una cuestión histórica saber que la adquisición clandestina de armamento nuclear por por Pakistán en los noventa y el impacto que eso tuvo en la estabilidad regional pues dio lugar a muchísima preocupación
11-02-04-m-047,I,TT,5,42.106,11.769999999999996,0.0,32,la retirada de Corea del Norte del tratado de no proliferación el año pasado fue otro paso peligroso desestabilizador tanto para la región colindante como para la comunidad internacional en su totalidad
11-02-04-m-047,I,TT,6,53.876,12.130000000000003,0.0,26,el TNP que entró en vigor en mil novecientos setenta estableció el régimen de no proliferación internacional tal y como lo conocemos a fecha de hoy
11-02-04-m-047,I,TT,7,66.006,4.510000000000005,0.0,9,ese régimen supone unas normas básicas para el comportamiento
11-02-04-m-047,I,TT,8,70.516,8.819999999999993,0.0,24,supone como ustedes sabrán una prohibición de de proliferación nuclear más allá de los cinco de las cinco potencias nucleares que reconoce el tratado
11-02-04-m-047,I,TT,9,79.336,5.590000000000003,0.0,15,además hace que la actividad de proliferación nuclear sea sea ilegal en la comunidad internacional
11-02-04-m-047,I,TT,10,84.926,13.819999999999993,0.0,28,con este tratado llegó el principio del comercio nuclear regulado las salvaguardias nucleares y evidentemente la Organización Internacional de la Energía Atómica cuyo excelente trabajo apoya este régimen
11-02-04-m-047,I,TT,11,98.746,9.050000000000011,1.0,22,es comprensible que se haya prestado mucha atención a los errores de este sistema a sus fallos pero se subestima su éxito
11-02-04-m-047,I,TT,12,107.796,7.849999999999994,0.0,16,fue John F Kennedy el que preveía en su momento un mundo con veinte potencias nucleares
11-02-04-m-047,I,TT,13,115.646,5.359999999999999,0.0,18,esa estimación nunca se hizo realidad y eso se debe en gran parte a la creación del TNP
11-02-04-m-047,I,TT,14,121.006,24.599999999999994,0.0,59,Sudáfrica Argentina Brasil Taiwán Corea del Sur por ejemplo son todos ellos países que no han aceptado la proliferación de armamento nuclear y eso gracias primordialmente a la presión de la comunidad internacional pero también gracias a unas decisiones muy razonables tomadas para responder a unos debates domésticos y a la opinión pública de cada uno de estos países
11-02-04-m-047,I,TT,15,145.606,5.02000000000001,0.0,17,además también ha habido cambios últimamente en Irán que ha aceptado el protocolo adicional y también Libia
11-02-04-m-047,I,TT,16,150.626,14.620000000000005,0.0,36,ante ese trasfondo y aunque reconocemos los desafíos a que se enfrenta el TNP especialmente en cuanto se refiere al desarme y a la proliferación nuclear consideramos que el próximo comité preparatorio puede observarse con confianza
11-02-04-m-047,I,TT,17,165.246,6.409999999999997,0.0,16,puede haber problemas con el régimen de no proliferación pero no son fallos imposibles de subsanar
11-02-04-m-047,I,TT,18,171.656,1.4099999999999966,0.0,3,hay que abordarlos
11-02-04-m-047,I,TT,19,173.066,9.759999999999991,0.0,27,tenemos que continuar persiguiendo que se apruebe universalmente el TNP para que lo hagan también los países que no lo han suscrito especialmente India Israel y Pakistán
11-02-04-m-047,I,TT,20,182.826,5.219999999999999,0.0,12,Corea del Norte debe volver a cumplir también las disposiciones del tratado
11-02-04-m-047,I,TT,21,188.046,4.460000000000008,0.0,11,tenemos que extender la ratificación de los protocolos anexos al tratado
11-02-04-m-047,I,TT,22,192.506,2.069999999999993,0.0,6,también esta ratificación es muy importante
11-02-04-m-047,I,TT,23,194.576,5.550000000000011,0.0,15,esos protocolos dan a la OIEA unos poderes más amplios para llevar a cabo inspecciones
11-02-04-m-047,I,TT,24,200.126,14.669999999999987,0.0,40,y en este contexto el papel de la Comisión está centrado en apoyar a la Presidencia que considera este ámbito muy prioritario y también en segundo lugar debe fomentar que haya la máxima coordinación a nivel de la Unión Europea
11-02-04-m-047,I,TT,25,214.796,6.405000000000001,-1.0,15,últimamente la Unión Europea ha reforzado muchísimo sus esfuerzos para luchar contra la proliferación nuclear
11-02-04-m-047,I,TT,26,221.201,4.034999999999997,0.0,14,hay una estrategia comunitaria aprobada en diciembre de dos mil tres en el Consejo
11-02-04-m-047,I,TT,27,225.236,10.820000000000022,0.0,24,es identificaba esa decisión a las armas las armas nucleares como una de las amenazas más importantes a que nos enfrentamos en este momento
11-02-04-m-047,I,TT,28,236.056,7.060000000000002,-1.0,27,también se aprobó un plan de acción una estrategia para luchar contra la proliferación de este tipo de armamento y se están tomando las primeras medidas prácticas
11-02-04-m-047,I,TT,29,243.116,6.719999999999999,0.0,15,uno de los aspectos importantes de esta estrategia se centra en avanzar en ámbitos numerosos
11-02-04-m-047,I,TT,30,249.836,3.049999999999983,0.0,11,pero les voy a dar un ejemplo concreto algunos ejemplos concretos
11-02-04-m-047,I,TT,31,252.886,13.840000000000003,0.0,39,en primer lugar en noviembre del año pasado el Consejo de Asuntos Exteriores y Relaciones Exteriores aprobó un texto para introducir de forma transversal las políticas de no proliferación en las relaciones de la Unión Europea con otros países
11-02-04-m-047,I,TT,32,266.726,4.810000000000002,0.0,20,esto se hará a través de la introducción de una cláusula de no proliferación en los acuerdos con esos países
11-02-04-m-047,I,TT,33,271.536,10.560000000000002,0.0,31,este nuevo compromiso para con la no proliferación es importante porque la nueva estrategia de la Unión Europea desea introducir disposiciones sobre no proliferación en todos los acuerdos con terceros países
11-02-04-m-047,I,TT,34,282.096,12.069999999999993,-1.0,38,esto forma parte ahora de las negociaciones que están en curso por ejemplo con Siria y coloca a la no proliferación a un nivel similar a la lucha contra el terrorismo y la defensa de los derechos humanos
11-02-04-m-047,I,TT,35,294.166,7.160000000000025,0.0,31,la acción conjunta de la Unión Europea por el desarme y la no proliferación en Rusia es algo que se estableció ya por parte del Consejo en el noventa y nueve
11-02-04-m-047,I,TT,36,301.326,16.289999999999964,1.0,41,el objetivo es mejorar la cooperación con la Federación Rusa a fin de que se lleve a cabo un desmantelamiento una destrucción una conversión de las armas de destrucción masiv- de las armas de destrucción masiva de la mejor forma posible
11-02-04-m-047,I,TT,37,317.616,8.689999999999998,0.0,29,se intenta regular la forma en que hay que desmantelar este tipo de armamento y qué hay que hacer con los restos por ejemplo el plutonio para uso militar
11-02-04-m-047,I,TT,38,326.306,6.699999999999989,0.0,13,esto implica que se está avanzando en ese programa de la Unión Europea
11-02-04-m-047,I,TT,39,333.006,9.160000000000025,0.0,25,además hay que citar que la Unión Europea lleva a cabo una contribución importantísima a una iniciativa internacional lanzada en dos mil dos en Canadá
11-02-04-m-047,I,TT,40,342.166,28.939999999999998,-1.0,69,una una conferencia interparlamentaria organizada por la Comisión de conformidad con la iniciativa de cooperación y no desarme celebrada los días veinte y veintiuno de noviembre del año pasado una reunión que se celebró evidentemente aquí en Estrasburgo subrayó los desafíos futuros importantes a que nos enfrentamos si queremos destruir de una forma segura lo que queda de los programas de armamento de destrucción masiva de la Guerra Fría
11-02-04-m-047,I,TT,41,371.106,11.610000000000014,0.0,32,todo esto se confirmó en una reunión interparlamentaria en que participaron representantes de alto nivel de muchísimos parlamentos internacionales por ejemplo de la Duma de Rusia y del Congreso de Estados Unidos
11-02-04-m-047,I,TT,42,382.716,11.240000000000009,0.0,27,creo que este esfuerzo tiene que continuar siendo una máxima prioridad para los los gobiernos internacionales para los organismos internacionales y para la comunidad internacional en general
11-02-04-m-047,I,TT,43,393.956,12.609999999999957,-1.0,41,desde la óptica de la Unión Europea agradecemos que el Parlamento Europeo preste cada vez más atención a la necesidad de dar una financiación adecuada a las actividades de reducción de amenaza en el próximo ejercicio presupuestario en el próximo ciclo
11-02-04-m-047,I,TT,44,406.566,13.020000000000039,0.0,39,la Comisión en cooperación con el Parlamento está intentando definir las prioridades futuras en materia de no proliferación y gracias a una decisión reciente de esta Cámara en breve podremos lanzar un proyecto piloto para continuar con este trabajo
11-02-04-m-047,I,TT,45,419.586,9.864844000000005,0.0,26,muchísimas gracias de nuevo por concederme la oportunidad de de participar en este debate corto pero importantísimo sobre un tema tan significativo a a nivel internacional
11-02-04-m-051,I,ST,0,0.0,1.95,0.0,3,thank you President
11-02-04-m-051,I,ST,1,1.95,5.21,0.0,19,the third Non-Proliferation Treaty PrepCom in New York in a few months time has to be a success
11-02-04-m-051,I,ST,2,7.16,24.38,-1.0,83,and to that end I think it is essential that the Irish Ireland as the holders of the Presidency ensure that Member States adopt a common position that will become part of its commitment to an EU strategy against proliferation of weapons of mass destruction which was adopted in Thessaloniki because what we're talking here about is the ultimate weapon of mass destruction and Ireland as one of the instigators of the Non-Proliferation Treaty have a major role to play here
11-02-04-m-051,I,ST,3,31.54,10.270000000000003,0.0,31,we would like in the Parliament here to know in relation to the Council Working Group on on Nuclear Weapons what priorities are taken in relation to the NPT PrepCom meeting
11-02-04-m-051,I,ST,4,41.81,5.169999999999995,0.0,15,Parliament needs to know which Member States are being cooperative and which ones are not
11-02-04-m-051,I,ST,5,46.98,15.480000000000004,1.0,46,Council should prepare regular progress reports on this issue to Parliament particularly in relation to the issues of dismantling of nuclear weapons arsenals nuclear weapons free zones and no first strike option and we need to know which Member States are cooperative and which aren't
11-02-04-m-051,I,ST,6,62.46,2.1300000000000026,0.0,8,I think this is in the public interest
11-02-04-m-051,I,ST,7,64.59,9.450000000000003,0.0,32,we need to know how far EU Member States have implemented the action programme of the thirteen practical steps that were agreed in two thousand and two at the NPT review conference
11-02-04-m-051,I,ST,8,74.04,17.279999999999987,0.0,54,I also think that it's very important that the Irish take a really proactive role in this during the presidency to ensure that Ireland and that Europe becomes a nuclear free zone that the UK and France get rid of their nuclear arsenals that NATO's first strike policy has to be abolished
11-02-04-m-051,I,ST,9,91.32,12.340000000000003,1.0,39,and I also think that the Council has to prepare a statement on the progress made by the EU since the report back in nineteen ninety-five by this Parliament on the NPT and indeed the many resolutions since
11-02-04-m-051,I,ST,10,103.66,7.790000000000006,0.0,24,and I would like to see a really proactive position by the Irish presidency informing this Parliament on what is happening within the Council
11-02-04-m-051,I,ST,11,111.45,0.5900000000000034,0.0,2,thank you
11-02-04-m-051,I,TT,0,0.0,2.936,0.0,3,gracias señor Presidente
11-02-04-m-051,I,TT,1,2.936,21.41,0.0,76,el tercer la PrepCom la tercera PrepCom del Tratado de de No Proliferación de Nueva York tiene que ser un éxito y en ese sentido yo creo que es indispensable que la presidencia irlandesa garantice que los Estados miembros aprueben la posición común que se va a integrar en su compromiso para una estrategia de la Unión Europea en contra de la proliferación de las armas de destrucción masiva tal y como se acordó en Salónica
11-02-04-m-051,I,TT,2,24.346,4.059999999999999,0.0,11,aquí estamos hablando de la el arma de destrucción masiva definitiva
11-02-04-m-051,I,TT,3,28.406,4.200000000000003,0.0,14,yo creo que Irlanda y la presidencia tienen que desempeñar aquí un papel importantísimo
11-02-04-m-051,I,TT,4,32.606,9.420000000000002,0.0,30,el Parlamento desea saber en relación con el grupo de trabajo del Consejo sobre no proliferación que prioridades se van a aprobar de cara a la reunión de la PrepCom
11-02-04-m-051,I,TT,5,42.026,5.299999999999997,0.0,16,el Parlamento tiene que saber qué Estados miembros están cooperando y cuáles no lo están haciendo
11-02-04-m-051,I,TT,6,47.326,12.299999999999997,0.0,32,el Consejo debería preparar informes de avance sobre este tema para el Parlamento especialmente en cuanto se refiere al desmantelamiento de los arsenales de armamento nuclear las zonas sin armamento nuclear etcétera
11-02-04-m-051,I,TT,7,59.626,2.9299999999999997,0.0,14,tenemos que saber cuáles son los Estados miembros que quieren cooperar y cuáles no
11-02-04-m-051,I,TT,8,62.556,2.0400000000000063,0.0,8,me parece que eso es de interés público
11-02-04-m-051,I,TT,9,64.596,9.340000000000003,0.0,33,también tenemos que saber hasta qué punto los Estados miembros han aplicado el programa de acción de los trece puntos prácticos acordados en dos mil dos en la conferencia de revisión del TNP
11-02-04-m-051,I,TT,10,73.936,20.239999999999995,0.0,63,me parece también que es importantísimo que los irlandeses desempeñen un papel proactivo durante su presidencia para garantizar que Irlanda y Europa se convierta en su totalidad en una zona libre de armamento nuclear que el que el Reino Unido y Francia se quiten de encima sus armamentos nucleares que la política de la OTAN en este sentido se llegue a su fin
11-02-04-m-051,I,TT,11,94.176,11.030000000000001,0.0,38,y yo creo que hay que preparar un informe sobre el avance de la Unión Europea desde el informe del noventa y cinco de este Parlamento sobre el TNP y las resoluciones numerosas que hemos aprobado desde entonces
11-02-04-m-051,I,TT,12,105.206,5.799999999999997,0.0,25,quiero una posición proactiva por parte de la presidencia irlandesa para que informe a este Parlamento sobre lo que se está haciendo dentro del Consejo
11-02-04-m-051,I,TT,13,111.006,0.8598130000000026,0.0,1,gracias
11-02-04-m-053,I,ST,0,0.0,2.26,0.0,3,thank you President
11-02-04-m-053,I,ST,1,2.26,4.95,0.0,17,I have to say I don't share the optimism of either Council or Commission on this
11-02-04-m-053,I,ST,2,7.21,12.0,0.0,36,I believe the fact that two Member States of the European Union possess nuclear weapons undermines the moral authority of the whole of the EU when it comes to the debate about weapons of mass destruction
11-02-04-m-053,I,ST,3,19.21,12.009999999999998,0.0,34,the overwhelming hypocrisy of the government of my own country and of the United States in demanding the disarmament of others while simultaneously upgrading their own nuclear capacity is clear for all to see
11-02-04-m-053,I,ST,4,31.22,6.719999999999999,0.0,13,this is an untenable position a hypocritical position and a very destabilising position
11-02-04-m-053,I,ST,5,37.94,10.190000000000005,0.0,30,we've heard a lot about international law recently so let me remind Britain and France that according to the ICJ at The Hague nuclear weapons are immoral and illegal
11-02-04-m-053,I,ST,6,48.13,12.21,0.0,30,according to commitments made at the sixth NPT Review Conference all nuclear states agreed an unequivocal undertaking to accomplish the total elimination of their nuclear arsenals leading to nuclear disarmament
11-02-04-m-053,I,ST,7,60.34,1.3499999999999943,0.0,5,that was four years ago
11-02-04-m-053,I,ST,8,61.69,2.210000000000001,1.0,7,and very little progress has been made
11-02-04-m-053,I,ST,9,63.9,4.940000000000005,0.0,13,Britain and France should lead by example and unilaterally dismantle their nuclear warheads
11-02-04-m-053,I,ST,10,68.84,5.689999999999998,0.0,19,there should be immediate removal of US weapons Señorías por favor nuclear atendan a su colega from European soil
11-02-04-m-053,I,ST,11,74.53,1.2000000000000028,0.0,5,these are undoubtedly ambitious aims
11-02-04-m-053,I,ST,12,75.73,6.1499999999999915,0.0,23,but if we're serious about the threats posed by weapons of mass destruction this is the route that we have to take
11-02-04-m-053,I,TT,0,0.0,2.606,0.0,3,gracias señor Presidente
11-02-04-m-053,I,TT,1,2.606,4.87,0.0,15,he de decir que no comparto el optimismo ni del Consejo ni de la Comisión
11-02-04-m-053,I,TT,2,7.476,11.34,0.0,35,creo que hay dos Estados miembros de la Unión Europea que poseen armas nucleares y claro esto nos priva de autoridad moral a toda la Unión cuando se trata hablar de armas de destrucción masiva
11-02-04-m-053,I,TT,3,18.816,14.645,0.0,34,esta hipocresía abrumadora del gobierno de mi país y del de los Estados Unidos que piden que se desarmen los demás y y van aumentando su propia capacidad nuclear paralelamente es verdaderamente algo insostenible
11-02-04-m-053,I,TT,4,33.461,4.615000000000002,0.0,6,es --dramántico)) dramático y además desestabilizador
11-02-04-m-053,I,TT,5,38.076,5.0,0.0,6,recientemente ha habido mucha legislación nacional
11-02-04-m-053,I,TT,6,43.076,6.255000000000003,0.0,13,según el Tribunal de la Haya las armas nucleares son inmorales e ilegales
11-02-04-m-053,I,TT,7,49.331,14.195,0.0,36,según la conferencia de revisión todos los Estados nucleares adoptaron un compromiso inequívoco de comprometerse a eliminar sus arsenales nucleares para acabar con finalmente con el desarme nuclear y sin embargo ha habido muy pocos progresos
11-02-04-m-053,I,TT,8,63.526,6.880000000000003,0.0,16,el Reino Unido y Francia por ejemplo hablaron de un desmantelamiento unilateral de cabezas nucleares pero
11-02-04-m-053,I,TT,9,70.406,2.839999999999989,0.0,3,interrumpe el Presidente
11-02-04-m-053,I,TT,10,73.246,8.541813000000005,-1.0,26,se trata de objetivos muy ambiciosos pero ante la amenaza de las armas de destrucción masiva cabe preguntarse si este es el camino que debemos emprender
11-02-04-p-121,I,ST,0,0.0,8.37,0.0,6,thank you very much madam President
11-02-04-p-121,I,ST,1,8.37,11.459999999999999,0.0,29,in addressing the situation in the Middle East I regret to say that there have been very few developments of a positive nature in the region in recent months
11-02-04-p-121,I,ST,2,19.83,8.55,1.0,22,and I shall have to be frank and to say that prospects for progress in the near term are not overly encouraging
11-02-04-p-121,I,ST,3,28.38,3.9600000000000044,1.0,12,nonetheless the European Union continues to attach great importance to this issue
11-02-04-p-121,I,ST,4,32.34,13.869999999999997,1.0,36,and as presidency we shall play an active role in in international peace efforts and in particular as a member of the international Quartet of the European Union Russia the United States and the United Nations
11-02-04-p-121,I,ST,5,46.21,2.789999999999999,0.0,7,we will be energetic in this issue
11-02-04-p-121,I,ST,6,49.0,8.54,0.0,25,the Irish Foreign Minister in his capacity as President of the Council visited Israel and Egypt on the fourteenth and to eighteen of January last
11-02-04-p-121,I,ST,7,57.54,5.380000000000003,0.0,20,he met the Prime Minister and Foreign Minister of Israel and paid a courtesy call to the President of Israel
11-02-04-p-121,I,ST,8,62.92,9.260000000000005,1.0,26,in his meetings Minister Cowen pointed out that the status quo was not sustainable and that progress must be made on the implementation of the roadmap
11-02-04-p-121,I,ST,9,72.18,12.389999999999986,1.0,34,he suggested that if initial steps envisaged in phase one of the roadmap are are proving too great then perhaps smaller steps might be taken as a means of building confidence in the region
11-02-04-p-121,I,ST,10,84.57,3.8800000000000097,0.0,9,the Israeli side showed some interest in these ideas
11-02-04-p-121,I,ST,11,88.45,11.289999999999992,0.0,31,similar suggestions have been had been made to the Palestinian Foreign Minister Dr Nabil Sha'ath when he during the course of a visit to Dublin on the ninth of January
11-02-04-p-121,I,ST,12,99.74,7.710000000000008,1.0,23,these ideas also attracted support from the President and the Foreign Minister of Egypt and from the Secretary General of the Arab League
11-02-04-p-121,I,ST,13,107.45,10.980000000000004,0.0,26,Palestinian Prime Minister Qurei visited Dublin on Monday last and his discussions with the Prime Minister and the Foreign Minister included further discussions of these ideas
11-02-04-p-121,I,ST,14,118.43,2.6199999999999903,0.0,9,the meetings were conducted in a very cordial atmosphere
11-02-04-p-121,I,ST,15,121.05,4.219999999999999,0.0,10,and the discussions were wide-ranging and they were frank
11-02-04-p-121,I,ST,16,125.27,8.91000000000001,0.0,24,the Palestinian Prime Minister briefed his Irish interlocutors on the preparations which are being made for a meeting with the Prime Minister of Israel
11-02-04-p-121,I,ST,17,134.18,6.109999999999985,0.0,18,he said that he is willing to meet Prime Minister Sharon on a at a mutually convenient time
11-02-04-p-121,I,ST,18,140.29,8.140000000000015,0.0,20,he also announced a number of positive measures with the which the Palestinian Government is taking or will shortly take
11-02-04-p-121,I,ST,19,148.43,17.400000000000006,1.0,36,these included the continued return of Palestinian police to the streets firm action to end incitement and an unequivocal statement reaffirming the stated Palestinian position on Israel's right to exist in peace and in security
11-02-04-p-121,I,ST,20,165.83,9.98999999999998,0.0,25,Prime Minister Qurei also outlined the work of the Palestinian Elections Commission which is preparing for elections in the Palestine Territory in the coming months
11-02-04-p-121,I,ST,21,175.82,20.140000000000015,0.0,53,he also urged that the Quartet have the Israeli Government stop the building of the wall because continuing construction would lead to to the undermining of the roadmap and the two-state solution in addition of course to the human catastrophe for the Palestinian people's way of life that the wall entails
11-02-04-p-121,I,ST,22,195.96,13.409999999999997,1.0,34,Mr President there can be no doubt that the construction by Israel of a separation wall which extends deep into Palestinian territories is a major obstacle to progress and to peace in that region
11-02-04-p-121,I,ST,23,209.37,9.699999999999989,0.0,26,this has been the subject of statements by the European Union and others who have urged Israel to consider the long-term consequences of this construction
11-02-04-p-121,I,ST,24,219.07,13.25,0.0,32,I need hardly say that the wall figured prominently in the discussions which the President of the Council had in Israel two weeks ago and that the Israeli attitude was regrettably uncompromising
11-02-04-p-121,I,ST,25,232.32,10.51000000000002,0.0,31,on the twenty-first of October last year the Member States of the European Union and the acceding states co-sponsored a resolution in the General Assembly of the United Nations
11-02-04-p-121,I,ST,26,242.83,9.569999999999993,0.0,27,that resolution called on Israel to stop and reverse construction of the wall and asked the Secretary-General of the United Nations to report on Israeli compliance
11-02-04-p-121,I,ST,27,252.4,20.049999999999983,0.0,49,when at the end of November the Secretary-General reported that there was no evidence of Israeli compliance the General Assembly adopted a resolution asking the International Court of Justice to render an advisory opinion on the legal consequences of the construction of a wall in occupied Palestinian territory
11-02-04-p-121,I,ST,28,272.45,3.569999999999993,0.0,8,this resolution was adopted on eighth December last
11-02-04-p-121,I,ST,29,276.02,3.920000000000016,0.0,10,on that occasion the European Union abstained in the vote
11-02-04-p-121,I,ST,30,279.94,16.05000000000001,1.0,43,the decision to abstain was taken after intense consultations and was based on the conviction of many Member States that transferring the matter of the wall to a legal forum would do nothing to advance the political process which is necessary for peace
11-02-04-p-121,I,ST,31,295.99,8.569999999999993,0.0,24,abstention did not in any way suggest that the European Union's position that the wall was in contravention of international law had changed
11-02-04-p-121,I,ST,32,304.56,2.2799999999999727,0.0,3,quite the opposite
11-02-04-p-121,I,ST,33,306.84,14.410000000000025,0.0,40,on receiving the resolution of the Secretary of of the General Assembly the Court invited Member States of the United Nations to submit statements or information to the Court which might be of assistance to the Court in its deliberations
11-02-04-p-121,I,ST,34,321.25,7.6200000000000045,0.0,23,some Member States of the European Union felt that it would be desirable for a common position to be submitted to the Court
11-02-04-p-121,I,ST,35,328.87,5.189999999999998,0.0,13,other states had a strong preference for individual national submissions to the Court
11-02-04-p-121,I,ST,36,334.06,21.269999999999982,0.0,48,after considerable discussion including at the General Affairs and External Relations Council on the twenty-sixth of January it was agreed that there would be a presidency submission on behalf of the Union and that individual Member States might make national submissions based on established European Union positions
11-02-04-p-121,I,ST,37,355.33,10.509999999999991,0.0,25,the presidency had annexed the texts of presidency statements to the United Nations General Assembly on the twentieth of October and the eighth of December
11-02-04-p-121,I,ST,38,365.84,8.0,0.0,24,these were transmitted to the Registrar of the International Court of Justice in The Hague by the Irish Ambassador on thirtieth thirtieth of January
11-02-04-p-121,I,ST,39,373.84,7.580000000000041,0.0,20,the written submissions of all interested parties including the Israelis and the Palestinians have now been received by the Court
11-02-04-p-121,I,ST,40,381.42,12.889999999999986,0.0,32,it is expected that oral submissions will commence on twenty-third February and that the Court will deliver its advisory opinion to the General Assembly sometime between late May and late July
11-02-04-p-121,I,ST,41,394.31,6.660000000000025,1.0,15,amid the gloom prevalent in the region there have been some small signs of hope
11-02-04-p-121,I,ST,42,400.97,13.779999999999973,1.0,26,the Geneva Initiative promoted by Yossi Beilin and Yasser Abed Rabo is a welcome indication that rational discussion between senior people on both sides is possible
11-02-04-p-121,I,ST,43,414.75,10.149999999999977,1.0,26,this plan points to some ways in which the difficult final status issues such as Jerusalem and the right of return of refugees might be addressed
11-02-04-p-121,I,ST,44,424.9,6.75,0.0,22,I was pleased to see that the authors were recently in Brussels to brief the European Union's High Representative Dr Solana
11-02-04-p-121,I,ST,45,431.65,9.939999999999998,0.0,20,other initiatives among civil society representatives are also in train involving academics political figures and former military and intelligence officers
11-02-04-p-121,I,ST,46,441.59,8.660000000000025,0.0,19,this will serve to show that dialogue is possible even in even on very difficult and very emotional issues
11-02-04-p-121,I,ST,47,450.25,9.870000000000005,0.0,27,I'm also encouraged by suggestions that the Arab League may move to reiterate its initial its initiative adopted at the Beirut Summit almost two years ago
11-02-04-p-121,I,ST,48,460.12,12.350000000000023,0.0,33,this idea advanced by the Crown Prince of Saudi Arabia was that in return for Israel's withdrawal to the nineteen sixty-seven boundaries relations with all Arab neighbours would be now normalised
11-02-04-p-121,I,ST,49,472.47,17.189999999999998,0.0,40,normalisation would involve de de jure recognition of Israel by the entire membership of the Arab League the establishment of diplomatic relations the establishment of trade links and the opening of possibilities for technical and investment exchange in all sectors
11-02-04-p-121,I,ST,50,489.66,10.71999999999997,0.0,27,at the time this proposal received insufficient attention in Israel but I think that with the roadmap on the table this initiative could prove to be complementary
11-02-04-p-121,I,ST,51,500.38,7.769999999999982,1.0,23,it might also serve to reassure Israel as to the wisdom of proceeding towards a peace agreement with its neighbours Syria and Lebanon
11-02-04-p-121,I,ST,52,508.15,10.639999999999986,0.0,28,I would urge the leaders of the Arab League to use the opportunity of their forthcoming summit meeting to advance the prospect of normalisation to Israel once again
11-02-04-p-121,I,ST,53,518.79,8.360000000000014,1.0,22,they should emphasise their desire for a comprehensive peace which can only be of benefit to all the countries of the region
11-02-04-p-121,I,ST,54,527.15,16.210000000000036,0.0,38,I would also urge the Israeli leadership to consider carefully the benefits and advantages which they could reap from a formal relationship with their wider neighbourhood and assuming their proper role in their natural economic and political region
11-02-04-p-121,I,ST,55,543.36,28.549999999999955,1.0,86,a final finally Madam President I should like to assure this House that the search for a peaceful solution in the Arab-Israeli conflict based on the well-established positions of the European Union is a priority of the Irish presidency and that we shall make every effort to take the roadmap forward and to convince the parties to the conflict to make the necessary efforts to achieve a comprehensive and lasting peace for the benefit of all of the peoples and States of the region
11-02-04-p-121,I,ST,56,571.91,1.7699770000000399,0.0,4,thank you very much
11-02-04-p-121,I,TT,0,0.0,5.266,0.0,3,gracias señor Presidente
11-02-04-p-121,I,TT,1,5.266,19.57,1.0,43,ante el panorama de Oriente Medio tengo que lamento decir que ha habido pocas mejores pocas mejoras positivas en los últimos meses y voy a ser sincero y decir que las perspectivas de éxito a medio plazo tampoco son muy alentadoras que digamos
11-02-04-p-121,I,TT,2,24.836,20.28,0.0,44,sin embargo la Unión Europea da mucha importancia a este tema y vamos a desempeñar un papel activo en los esfuerzos internacionales de pacificación y sobre todo como miembros del cuarteto Unión Europea Rusia Naciones Unidas y Estados Unidos vamos a actuar con decisión
11-02-04-p-121,I,TT,3,45.116,8.490000000000002,0.0,12,nuestro ministerio visitó Egipto e Israel del catorce al dieciocho de enero
11-02-04-p-121,I,TT,4,53.606,5.524999999999999,0.0,14,nos reunimos con el primer ministro y el ministro de Asuntos Exteriores de Israel
11-02-04-p-121,I,TT,5,59.131,9.454999999999998,0.0,24,en sus reuniones señaló que el status quo no podía permanecer y que había que avanzar en la aplicación de la hoja de ruta
11-02-04-p-121,I,TT,6,68.586,12.5,0.0,30,sugirió que los pasos de la fase primera de la hoja de ruta quizá podrían aprobarse para luego ir avanzando poquito a poco e ir creando confianza en la región
11-02-04-p-121,I,TT,7,81.086,5.409999999999997,0.0,9,la parte israeliana mostró cierto interés en estas ideas
11-02-04-p-121,I,TT,8,86.496,10.490000000000009,0.0,22,este tipo de sugerencias también se le habían hecho al ministro de Asuntos Exteriores palestino cuando visitó Dublín el nueve de enero
11-02-04-p-121,I,TT,9,96.986,8.36,0.0,12,Egipto también apoya estas ideas y el secretario general de nuestro Parlamento
11-02-04-p-121,I,TT,10,105.346,10.054999999999993,0.0,27,el ministro Qurei visitó Israel el lunes pasado y se reunió con el primer ministro y el ministro de Asuntos Exteriores debatiendo más a fondo estos temas
11-02-04-p-121,I,TT,11,115.401,6.465000000000003,0.0,16,las reuniones se desenvolvieron en un ambiente muy cordial y los debates fueron francos y amplios
11-02-04-p-121,I,TT,12,121.866,8.820000000000007,0.0,21,el primer ministro palestino nos preguntó sobre los preparativos que se estaban realizando para una reunión con el primer ministro israelí
11-02-04-p-121,I,TT,13,130.686,6.439999999999998,0.0,19,nos dijo que estaba deseoso de reunirse con el presidente con el primer ministro Sharon en un momento adecuado
11-02-04-p-121,I,TT,14,137.126,8.409999999999997,0.0,20,también anunció una serie de medidas positivas que el gobierno palestino está iniciando o va a iniciar dentro de poco
11-02-04-p-121,I,TT,15,145.536,17.0,0.3333333333333333,32,incluye el retorno de la policía palestina a las calles acciones firmes para acabar con la violencia y una reafirmación del derecho de Palestina e Israel a convivir en paz y seguridad
11-02-04-p-121,I,TT,16,162.536,9.849999999999994,0.0,28,el primer ministro Qurei también señaló el trabajo de la Comisión Electoral palestina que se está preparando para las elecciones en los territorios palestinos en los próximos meses
11-02-04-p-121,I,TT,17,172.386,14.069999999999993,0.0,29,también lanzó un llamamiento para que Israel ponga fin a la construcción del muro de seguridad porque eso socava la hoja de ruta y la solución en dos fases
11-02-04-p-121,I,TT,18,186.456,6.010000000000019,0.0,15,supondría una catástrofe humana para el pueblo palestino para los que trabajan en esta zona
11-02-04-p-121,I,TT,19,192.466,13.859999999999985,1.0,40,señor Presidente no cabe ninguna duda de que la construcción de este muro de seguridad por parte de Israel que avanza y se adentra en territorio palestino es un gran obstáculo para el progreso y la paz en esta zona
11-02-04-p-121,I,TT,20,206.326,23.599999999999994,0.0,59,este ha sido el tema de algunas declaraciones de la Unión Europea y otros que han reivindicado ante Israel que tenga en cuenta las consecuencias a largo plazo de esta construcción y no cabe decir que este muro fue objeto de discusión en las reuniones de hace dos semanas y que la actitud israeliana no demostró ser demasiado comprometida
11-02-04-p-121,I,TT,21,229.926,14.820000000000022,0.0,39,el veintiuno de octubre del año pasado los miembros de la Unión Europea y de los países candidatos acordaron una solución en las Naciones Unidas en la que se pedía a Israel que parara la construcción de este muro
11-02-04-p-121,I,TT,22,244.746,6.2099999999999795,0.0,13,el Secretario General de las Naciones Unidas se lo transmitió así a Israel
11-02-04-p-121,I,TT,23,250.956,17.72999999999999,0.0,46,cuando el Secretario General manifestó que no había ninguna prueba del cumplimiento por parte de Israel se aprobó una resolución pidiendo al Tribunal Penal Internacional para que entregara un dictamen de asesoramiento sobre las consecuencias legales de la construcción del muro en los territorios palestinos ocupados
11-02-04-p-121,I,TT,24,268.686,8.350000000000023,0.0,25,esta resolución fue aprobada el ocho de diciembre del año pasado y en esta ocasión la Unión Europea se abstuvo en las en las votaciones
11-02-04-p-121,I,TT,25,277.036,15.139999999999986,0.0,38,la decisión de abstenerse se tomó después de consultas y se basó en la convicción de muchos Estados miembros de que transferir el problema del muro a un sector puramente legal no iba a hacer avanzar la paz
11-02-04-p-121,I,TT,26,292.176,12.710000000000036,-1.0,22,la abstención no suponía que la Unión Europea crea que el muro sea legal o que no atente contra las leyes internacionales
11-02-04-p-121,I,TT,27,304.886,12.5,0.0,27,el Secretario General invitó a los miembros de las Naciones Unidas para que presentaran declaraciones ante el Tribunal que pudieran ser útiles al Tribunal en sus deliberaciones
11-02-04-p-121,I,TT,28,317.386,7.619999999999948,0.0,19,algunos miembros de la Unión Europea expresaron su sentimiento que era mejor presentar una posición común ante el Tribunal
11-02-04-p-121,I,TT,29,325.006,8.200000000000045,0.0,13,otros Estados en cambio prefieren declaraciones y opiniones individuales nacionales ante el Tribunal
11-02-04-p-121,I,TT,30,333.206,18.939999999999998,0.0,44,después del Consejo de Asuntos Generales del veintiséis de enero se acordó que la Presidencia presentaría en nombre de la Unión Europea una opinión y que los Estados miembros podrían si lo deseaban presentar sus propias declaraciones basándose en la de la Unión Europea
11-02-04-p-121,I,TT,31,352.146,9.649999999999977,0.0,21,la Presidencia añadió los textos de las declaraciones de la Presidencia el veinte de octubre y la del ocho de diciembre
11-02-04-p-121,I,TT,32,361.796,8.430000000000007,0.0,20,eso se transmitió al registro del Tribunal Penal Internacional en La Haya por parte del embajador el treinta de enero
11-02-04-p-121,I,TT,33,370.226,7.25,0.0,22,las declaraciones escritas de todas las partes interesadas incluyendo a los israelíes y a los palestinos ahora están en manos del Tribunal
11-02-04-p-121,I,TT,34,377.476,14.800000000000011,0.0,33,esperamos que las presentaciones orales empezaran el veintitrés de febrero y que el Tribunal va a presentar su dictamen a la Asamblea General a finales entre finales de mayo y finales de julio
11-02-04-p-121,I,TT,35,392.276,7.4599999999999795,0.0,13,con esta situación en esta zona pues podemos detectar algunas pequeñas señales esperanzadoras
11-02-04-p-121,I,TT,36,399.736,11.949999999999989,0.0,25,la iniciativa de Yossi Beilin y Yasser Abed Rabo es un indicador de que el debate racional entre personas serias en ambos lados es posible
11-02-04-p-121,I,TT,37,411.686,9.375,0.0,17,este programa señala las dificultades como por ejemplo Jerusalén el posible retorno de los refugiados et cétera
11-02-04-p-121,I,TT,38,421.061,7.335000000000036,0.0,16,me complace ver que los autores han estado en Bruselas hace poco para resumir sus ideas
11-02-04-p-121,I,TT,39,428.396,10.379999999999995,0.0,21,otras iniciativas en la sociedad civil también están en curso e incluyen al mundo académico político militar y de la inteligencia
11-02-04-p-121,I,TT,40,438.776,6.849999999999966,0.0,18,por lo tanto eso demuestra que el diálogo es posible incluso en unas condiciones muy difíciles y emotivas
11-02-04-p-121,I,TT,41,445.626,10.710000000000036,0.0,19,también parece ser que se va a repetir las iniciativas adoptadas en la cumbre de Beirut hace dos años
11-02-04-p-121,I,TT,42,456.336,12.199999999999989,0.0,32,esta idea presentada por el príncipe heredero de Arabia Saudita es que a cambio de la retirada de Israel de sus fronteras las relaciones con todos los miembros van a ser normalizadas
11-02-04-p-121,I,TT,43,468.536,17.029999999999973,0.0,33,la normalización incluiría el reconocimiento de Israel por parte de toda la Liga Árabe el establecimiento de las relaciones diplomáticas establecimiento de relaciones comerciales y la posibilidad de inversiones en todos los sectores
11-02-04-p-121,I,TT,44,485.566,11.950000000000045,0.0,24,cuando se presentó esta propuesta no recibió suficiente atención en Israel pero creo que con la hoja de ruta esta iniciativa podría ser complementaria
11-02-04-p-121,I,TT,45,497.516,8.529999999999973,1.0,22,con eso también se puede tranquilizar a Israel sobre la forma de proceder hacia la paz con sus vecinos Siria y Libano
11-02-04-p-121,I,TT,46,506.046,8.79000000000002,0.0,25,yo pediría a los líderes de la Liga Árabe para que aprovechen esta oportunidad para seguir adelante con la normalización en sus relaciones con Israel
11-02-04-p-121,I,TT,47,514.836,10.100000000000023,1.0,29,de nuevo deberían insistir en su deseo de una paz amplia y general que no puede hacer más que redundar en beneficio de todos los países de la región
11-02-04-p-121,I,TT,48,524.936,16.279999999999973,0.0,32,también pido al liderazgo israelí que tenga en cuenta los beneficios y ventajas que podrían cosechar de una relación normal con sus vecinos asumiendo su papel en este espacio económico y político
11-02-04-p-121,I,TT,49,541.216,11.700000000000045,0.0,31,finalmente señor Presidente me gustaría asegurarle a esta Cámara que la búsqueda de una solución pacífica en el conflicto árabe-israelí se basa en posiciones bien establecidas en la Unión Europea
11-02-04-p-121,I,TT,50,552.916,14.649999999999977,1.0,53,es una es una prioridad de la Presidencia y vamos a hacer todo lo posible para que avance la hoja de de ruta y convencer a todas las partes que ellos también tienen que esforzarse para lograr una paz duradera y amplia en beneficio de todos los pueblos y estados de la región
11-02-04-p-121,I,TT,51,567.566,2.3333749999999327,0.0,1,gracias
11-02-04-p-124,I,ST,0,0.0,9.93,0.0,30,Israel's occupation of the West Bank and Gaza is deeply troubling and I would refer in that context to the shooting and subsequent death of my constituent Tom Hurndall
11-02-04-p-124,I,ST,1,9.93,4.819977,-1.0,10,but the security threat to Israel is also very serious
11-02-04-p-124,I,ST,2,14.749977,5.350023000000002,0.0,26,it is fair to ask if the only point of the barrier is to stop suicide bombers the barrier why is not on the green line
11-02-04-p-124,I,ST,3,20.1,4.68,0.0,13,why does it make such incursions into Palestinian territory and create such hardship
11-02-04-p-124,I,ST,4,24.78,5.559999999999999,1.0,21,I do at least welcome the announcement two days ago that the barrier will be moved closer to the green line
11-02-04-p-124,I,ST,5,30.34,5.349999999999998,1.0,14,I also welcome Prime Minister Sharon's intention to withdraw from the Gaza settlements
11-02-04-p-124,I,ST,6,35.69,11.410000000000004,1.0,35,a senior fellow at the Council on Foreign Relations in Washington Henry Siegman wrote recently that support for the cause of Palestinian nationhood does not require denial of Jews to live in their own state
11-02-04-p-124,I,ST,7,47.1,1.9399999999999977,0.0,5,that is precisely my position
11-02-04-p-124,I,ST,8,49.04,6.730000000000004,1.0,22,two states side by side with the right of return of Palestinians largely to a state in the West Bank and Gaza
11-02-04-p-124,I,ST,9,55.77,2.3799999999999955,0.0,7,but it must be a viable state
11-02-04-p-124,I,ST,10,58.15,4.899999999999999,0.0,13,of course the achievement of this does not rest just on Israeli shoulders
11-02-04-p-124,I,ST,11,63.05,3.240000000000009,1.0,8,Palestinians have to want peace and avoid terrorism
11-02-04-p-124,I,ST,12,66.29,7.409999999999997,1.0,22,it is very difficult to contest Israel's right to make itself secure when Palestinian leaders seem unable to stop suicide bombers
11-02-04-p-124,I,ST,13,73.7,5.679999999999993,0.0,18,there are desperate people but I am not convinced that desperation is the only basis for suicide bombers
11-02-04-p-124,I,ST,14,79.38,4.160000000000011,0.0,10,I think they are they are also recruited and exploited
11-02-04-p-124,I,ST,15,83.54,9.799976999999998,-1.0,27,the Palestinian Authority is in crisis not only because of Israeli hostility though that is a a strong factor but also because of corruption and criminal lawlessness
11-02-04-p-124,I,ST,16,93.339977,6.860022999999998,0.0,19,I note that three hundred and fifty activists resigned in protest last weekend from Yasser Arafat's Fatah movement
11-02-04-p-124,I,ST,17,100.2,8.64,-1.0,20,perhaps this parallels the the case taken by Israeli NGOs in the Israeli Supreme Court to protest against the barrier
11-02-04-p-124,I,ST,18,108.84,4.0,0.0,10,the crucial priority is to get back to political negotiations
11-02-04-p-124,I,ST,19,112.84,5.739999999999995,0.0,17,I am not convinced that the International Court of Justice case helps because it diverts from that
11-02-04-p-124,I,ST,20,118.58,5.219999999999999,0.0,13,what would help is grassroots democratic pressure both in Israel and in Palestine
11-02-04-p-124,I,ST,21,123.8,0.3200000000000074,0.0,2,thank you
11-02-04-p-124,I,TT,0,0.0,16.576,0.0,22,la ocupación de Israel de Cisjordania y Gaza es abominable y quiero hacer honor a un señor de mi circunscripción Tom Hurndall
11-02-04-p-124,I,TT,1,16.576,8.370000000000001,0.0,12,hay que parar con los hombres bomba no solamente en esta zona
11-02-04-p-124,I,TT,2,24.946,5.939999999999998,0.0,17,me parece bien el anuncio de que la barrera se va a acercar a la línea verde
11-02-04-p-124,I,TT,3,30.886,12.129999999999999,0.0,20,me parece bien lo que ha dicho el Señor Sharon de retirarse de las zonas y los asentamientos de Gaza
11-02-04-p-124,I,TT,4,43.016,9.420000000000002,1.0,15,es como querer decir que los palestinos no tienen derecho a vivir en su país
11-02-04-p-124,I,TT,5,52.436,6.140000000000001,0.0,14,tienen que vivir hombro con hombro pero tiene que de ser un estado viable
11-02-04-p-124,I,TT,6,58.576,12.770000000000003,0.0,14,esto no le resta justicia o no hace que sean indeseables los soldados israelíes
11-02-04-p-124,I,TT,7,71.346,4.25,0.0,8,y hay que acabar con los hombres bomba
11-02-04-p-124,I,TT,8,75.596,11.090000000000003,0.0,19,son personas desesperadas pero la desesperación no es la única razón que les mueve porque les lavan el cerebro
11-02-04-p-124,I,TT,9,86.686,7.6299999999999955,-1.0,21,hay una crisis no solamente por la hostilidad israelí que es un factor importante desde luego pero también por la corrupción
11-02-04-p-124,I,TT,10,94.316,9.319999999999993,0.0,11,trescientos cincuenta activistas salieron del movimiento al-Fatah de Yasser Arafat
11-02-04-p-124,I,TT,11,103.636,9.400000000000006,0.0,16,quizás tenga razón el movimiento de las ONG de llevar a los colonos a los tribunales
11-02-04-p-124,I,TT,12,113.036,6.939999999999998,0.0,15,yo no estoy convencida de que el caso ante la Corte Internacional de Justicia ayude
11-02-04-p-124,I,TT,13,119.976,5.251093999999995,0.0,15,yo creo que lo que ayuda es la presión democrática a Israel y a Palestina
11-02-04-p-129,I,ST,0,0.0,1.28,0.0,1,President
11-02-04-p-129,I,ST,1,1.28,1.6700000000000002,0.0,3,President-in-Office
11-02-04-p-129,I,ST,2,2.95,8.2,0.0,20,Israeli premier Ariel Sharon claims that the construction of its controversial wall is to protect its citizens from terrorist attacks
11-02-04-p-129,I,ST,3,11.15,7.0699999999999985,1.0,22,I abhor terrorism and would support the right of any government to take appropriate measures to defend the lives of its citizens
11-02-04-p-129,I,ST,4,18.22,6.040000000000003,0.0,16,however the strategy of building this wall is morally wrong as well as being counter-productive
11-02-04-p-129,I,ST,5,24.26,6.559999999999999,0.0,19,like many of Mr Sharon's counter-terrorist strategies he consistently fails to tackle the root causes of terrorism
11-02-04-p-129,I,ST,6,30.82,3.3599999999999994,0.0,9,Palestinian land has been confiscated to build the barrier
11-02-04-p-129,I,ST,7,34.18,6.229999999999997,0.0,17,thousands of Palestinian farmers and traders are cut off from their land and means of economic survival
11-02-04-p-129,I,ST,8,40.41,12.590000000000003,0.0,37,if the wall is completed it is estimated that approximately some three hundred and eighty thousand Palestinians will be trapped between the wall and Israel's nineteen sixty-seven pre-occupation border the so-called Green Line
11-02-04-p-129,I,ST,9,53.0,5.210000000000001,0.0,17,furthermore a hundred and sixty thousand of these would be trapped in double walled ghettos or enclaves
11-02-04-p-129,I,ST,10,58.21,4.109999999999999,0.0,9,Palestinian communities would effectively be isolated from one another
11-02-04-p-129,I,ST,11,62.32,8.380000000000003,0.0,28,they would they would also be cut off in certain instances from centres such as Jerusalem which have been the focus of their economic social and religious life
11-02-04-p-129,I,ST,12,70.7,3.6899999999999977,0.0,7,recent proposed modifications will not prevent this
11-02-04-p-129,I,ST,13,74.39,7.950000000000003,1.0,22,furthermore the restriction on the freedom of movement of good and services will intensify the problems for an already weakened Palestinian economy
11-02-04-p-129,I,ST,14,82.34,12.11999999999999,-1.0,33,the consequences of this ill-conceived security strategy on the part of the Israeli Government will provide a fertile breeding ground for creating another generation of terrorists rather than effectively tackling the problem
11-02-04-p-129,I,ST,15,94.46,4.460000000000008,0.0,13,the issue of the legality of the wall has now moved centre stage
11-02-04-p-129,I,ST,16,98.92,15.280000000000001,0.0,49,the refusal of Israel to comply with the resolution passed at the October General Assembly of the United Nation to stop and reverse the construction of the wall led to the General Assembly decision of the eighth of December to refer the matter to the International Court of Justice
11-02-04-p-129,I,ST,17,114.2,4.25,0.0,11,Israel should pause and reflect on the consequence of its actions
11-02-04-p-129,I,ST,18,118.45,13.299999999999997,-1.0,32,the wall violates the Fourth Geneva Convention specifically in the two areas of prohibition on the use of collective punishment and prohibition against annexation which cannot be abrogated by invoking military necessity
11-02-04-p-129,I,ST,19,131.75,11.460000000000008,0.0,29,it also violates the Oslo Agreement in respect of the obligation to preserve the territorial integrity of the Occupied Palestinian Territories and the prohibition against restricting freedom of movement
11-02-04-p-129,I,ST,20,143.21,9.370000000000005,0.0,26,when one also considers the continued refusal by Israel to comply with UN resolutions it begs the question where does Israel think that it is going
11-02-04-p-129,I,ST,21,152.58,12.929999999999978,1.0,43,does it want to be a pariah state regarded in the same light as rogue states that are in constant defiance of their international obligations or instead will it will it work with the international community to create peace in the Middle East
11-02-04-p-129,I,ST,22,165.51,10.810000000000002,1.0,30,with progress on the so-called roadmap slow or virtually not non-existent one has to question the merit of imposing such a controversial controversial measure on the Palestinian people
11-02-04-p-129,I,ST,23,176.32,10.689999999999998,1.0,36,if the Israelis are serious about making real progress in the peace process and putting the roadmap back on track the building work on the security wall should not only stop but it should be reversed
11-02-04-p-129,I,ST,24,187.01,9.830000000000013,0.0,31,the Israelis and the Palestinians should be working together to take down barriers instead and to build confidence between the two communities if an agreed settlement is ever to be reached
11-02-04-p-129,I,ST,25,196.84,8.069999999999993,1.0,28,the recent declaration by Sharon that he plans to dismantle most of the twenty-one Jewish settlements in the Gaza Strip are a step in the right direction
11-02-04-p-129,I,ST,26,204.91,9.450000000000017,1.0,27,however building yet more security walls and crippling the already impoverished Palestinian economy serves only to make it more difficult to achieve peace in the Middle East
11-02-04-p-129,I,TT,0,0.0,2.716,0.0,2,señor Presidente
11-02-04-p-129,I,TT,1,2.716,2.1550000000000002,0.0,3,Presidente del Consejo
11-02-04-p-129,I,TT,2,4.871,14.78,0.0,27,el el Primer Ministro de Israel Ariel Sharon reivindica que la construcción de este muro tan controvertido está destinada a proteger a sus ciudadanos de ataques terroristas
11-02-04-p-129,I,TT,3,19.651,1.3649999999999984,0.0,4,yo aborrezco el terrorismo
11-02-04-p-129,I,TT,4,21.016,14.380000000000003,0.0,31,sin embargo la construcción de este muro es una equivocación moral y es contraproducente como muchas de las estrategias antiterroristas del Señor Sharon porque no ataca las las raíces del terrorismo
11-02-04-p-129,I,TT,5,35.396,5.729999999999997,0.0,11,el territorio palestino se ha confiscado para poder construir este muro
11-02-04-p-129,I,TT,6,41.126,12.18,0.0,25,miles de agricultores palestinenses y comerciantes se ven se ven apartados de sus tierras y ya no disponen de ningún recurso para su supervivencia económica
11-02-04-p-129,I,TT,7,53.306,24.460000000000008,0.0,59,si el muro se llega a construir del todo trescientos ochenta mil palestinos se verán atrapados entre este muro y la línea verde anterior a la ocupación de mil novecientos sesenta y siete y ciento sesenta y ciento sesenta mil de ellos van a estar atrapados incluso en guetos o enclaves que van a contar con un doble muro
11-02-04-p-129,I,TT,8,77.766,4.959999999999994,0.0,12,las comunidades palestinas van a estar aisladas las unas de las otras
11-02-04-p-129,I,TT,9,82.726,9.060000000000002,0.0,18,muchas veces también se encontrarán apartadas de Jerusalén de su centro económico social y de su vida religiosa
11-02-04-p-129,I,TT,10,91.786,25.450000000000003,1.0,58,estas restricciones de la libertad de movimiento de bienes y de servicios van a aumentar los problemas de los que ya padece la economía palestina de por sí disminuida y las consecuencias de esta supuesta estrategia de seguridad por parte del gobierno israelí van a ser un caldo de cultivo para la generación de nuevas generaciones de terroristas
11-02-04-p-129,I,TT,11,117.236,25.559999999999988,0.0,59,en cuanto a la legalidad de este muro pues ahora después de que Israel se negara a aceptar la resolución de las Naciones Unidas a y a desmantelar este muro pues se ha producido ahora la decisión desde la Asamblea General de las Naciones Unidas del ocho de diciembre para trasladar este asunto ante el Tribunal de Justicia Internacional
11-02-04-p-129,I,TT,12,142.796,4.409999999999997,0.0,9,Israel debería reflexionar sobre las consecuencias de sus actos
11-02-04-p-129,I,TT,13,147.206,11.860000000000014,0.0,23,hay las normas de la la Cuarta Convención de Ginebra sobre la prohibición de castigos colectivos y la prohibición de de cualquier anexión
11-02-04-p-129,I,TT,14,159.066,10.900000000000006,1.0,24,también estamos ante una violación del Acuerdo de Oslo con respecto a la obligación de conservar la integridad territorial de los territorios palestinos ocupados
11-02-04-p-129,I,TT,15,169.966,13.199999999999989,0.0,24,y si Israel sigue negándose a aprobar y a cumplir con las resoluciones de Naciones Unidas realmente habrá que preguntarse cuál es su futuro
11-02-04-p-129,I,TT,16,183.166,8.259999999999991,0.0,16,quiere convertirse en uno más de los llamados estados canalla que ya existen en el mundo
11-02-04-p-129,I,TT,17,191.426,15.950000000000017,1.0,35,también en lo que se refiere al progreso de la llamada del llamado de la llamada hoja de ruta uno se tiene que preguntar hasta qué punto esta medida controvertida puede conducir a progreso alguno
11-02-04-p-129,I,TT,18,207.376,10.653936999999985,1.0,23,si los israelíes realmente quieren este progreso hacia la paz tienen que adoptar otras medidas y en todo caso accelerar desmantelar este muro
11-02-04-p-132,I,ST,0,0.0,1.17,0.0,3,thank you President
11-02-04-p-132,I,ST,1,1.17,8.17,1.0,28,I think it's a matter of great regret that the European Council has not supported the examination of the Israeli wall at the International Court of Justice
11-02-04-p-132,I,ST,2,9.34,2.84,0.0,6,this is a hugely wasted opportunity
11-02-04-p-132,I,ST,3,12.18,7.370000000000001,0.0,22,opposition to a hearing at the ICJ because it's a legal forum not a political one I think misses the point
11-02-04-p-132,I,ST,4,19.55,6.759999999999998,0.0,22,the ICJ is probably the last available instrument of pressure on Tel Aviv and we should be grasping it with both hands
11-02-04-p-132,I,ST,5,26.31,10.27,0.0,30,and those people who say that instead we should be relying on European pressure on Israel should tell me when European pressure alone on Israel has ever yielded any results
11-02-04-p-132,I,ST,6,36.58,1.0500000000000043,0.0,3,it doesn't
11-02-04-p-132,I,ST,7,37.63,7.189999999999998,0.0,21,and yet when there's an international multilateral forum that exists to address this issue we turn our backs upon it
11-02-04-p-132,I,ST,8,44.82,11.369999999999997,-1.0,29,Palestinians rightly point to the inconsistency of our position in urging them to give up violence while simultaneously denying them the chance to seek redress through international legal institutions
11-02-04-p-132,I,ST,9,56.19,13.310000000000002,-1.0,34,as a Palestinian negotiator has observed the US Britain and Germany ask the Palestinians not to have recourse to violence but when the Palestinians have recourse to diplomacy they slam the door on us
11-02-04-p-132,I,ST,10,69.5,3.930000000000007,0.0,8,moreover there are compelling humanitarian reasons to act
11-02-04-p-132,I,ST,11,73.43,15.36,0.0,37,I visited the Occupied Territories last month and saw for myself how the wall is destroying thousands of acres of farmland and trees demolishing homes and shops and leaving thousands of families landless jobless hungry and hopeless
11-02-04-p-132,I,ST,12,88.79,9.0,0.0,30,and as a result according to studies by the World Bank and the UN the Palestinian people have been reduced to the poverty and malnutrition levels of sub-Saharan Africa
11-02-04-p-132,I,ST,13,97.79,8.849999999999994,0.0,31,now the Israeli claim that this is something to do with security I think is completely undermined by the fact that it does not follow the nineteen sixty-seven green line
11-02-04-p-132,I,ST,14,106.64,3.8400000000000034,0.0,11,instead as people have said it cuts deep into Palestinian land
11-02-04-p-132,I,ST,15,110.48,17.28,1.0,61,Mr President this wall is intolerable illegal and immoral and by failing to support the ICJ as a forum to consider it I think the Council has been reckless and irresponsible and I believe they've also been untransparent because what I would like to see is a copy of this letter that contains the presidency's submission to the ICJ
11-02-04-p-132,I,ST,16,127.76,2.3999999999999915,0.0,8,I believe that should be made widely available
11-02-04-p-132,I,TT,0,0.0,2.966,0.0,3,gracias señora Presidenta
11-02-04-p-132,I,TT,1,2.966,7.669999999999999,0.0,20,es lamentable que el Consejo Europeo no haya apoyado el examen del muro israelí en la Corte Internacional de Justicia
11-02-04-p-132,I,TT,2,10.636,2.6800000000000015,0.0,4,es una oportunidad perdida
11-02-04-p-132,I,TT,3,13.316,8.97,0.0,14,la oposición de esta audiencia ante el CIJ me parece que no es correcto
11-02-04-p-132,I,TT,4,22.286,5.189999999999998,0.0,20,esta Corte es el el último instrumento de presión sobre Tel Aviv y deberíamos haberlo agarrado con las dos manos
11-02-04-p-132,I,TT,5,27.476,9.600000000000001,0.0,33,la gente que dice que en en su lugar deberíamos fiarnos de la presión europea sobre Israel que me digan que me digan cuándo la presión europea sobre Israel ha dado algún resultado
11-02-04-p-132,I,TT,6,37.076,0.5799999999999983,0.0,1,cuándo
11-02-04-p-132,I,TT,7,37.656,3.3500000000000014,0.0,1,nunca
11-02-04-p-132,I,TT,8,41.006,4.850000000000001,0.0,15,y sin embargo hay foros internacionales para ejercer esta presión y les damos la espalda
11-02-04-p-132,I,TT,9,45.856,12.0,-1.0,32,los palestinos han hablado de la incoherencia de nuestra posición instándoles a abandonar la violencia mientras que al mismo tiempo negamos una oportunidad de plantear este tema en un un foro internacional
11-02-04-p-132,I,TT,10,57.856,19.82,-1.0,38,el negociador palestino ha dicho atinadamente que la Unión Europea Estados Unidos y Alemania piden que los palestinos renuncien a la violencia pero cuando se pide que se les pide que recurran a la diplomacia dan un portazo
11-02-04-p-132,I,TT,11,77.676,4.060000000000002,0.0,6,yo he estado visitando esta región
11-02-04-p-132,I,TT,12,81.736,9.539999999999992,0.0,13,he visto cómo se derriban establecimientos escuelas casas y mucha gente queda abandonada
11-02-04-p-132,I,TT,13,91.276,11.540000000000006,0.0,24,los estudios del Banco Mundial la Unión Europea demuestran que se está llegando a niveles de pobreza como en la África el África Subsahariana
11-02-04-p-132,I,TT,14,102.816,8.75,0.0,22,esto se ve también socavado por el hecho de que no se sigue la línea verde sino que entra en territorio palestino
11-02-04-p-132,I,TT,15,111.566,20.379999999999995,0.0,48,este muro es intolerable ilegal e inmoral y si no ayudamos la Corte Internacional yo creo que el Consejo habrá sido irresponsable y además poco transparente porque lo que me gustaría ver es una copia de esta carta que incluye una solicitud por parte de la Corte Internacional
11-02-04-p-132,I,TT,16,131.946,1.5511250000000132,0.0,3,debería hacerse pública
11-02-04-p-140,I,ST,0,0.0,1.9,0.0,6,thank you very much Mr President
11-02-04-p-140,I,ST,1,1.9,13.35,0.0,47,Mr President once again there has been a very valuable it's been very valuable I think for the Council to have heard all the views expressed in today's discussion concerning the wall and of course concerning the situation in the Middle East and more widely
11-02-04-p-140,I,ST,2,15.25,9.64,0.0,25,many of the points made from the floor from to the House correspond with the position of the Council which I sought to summarise earlier
11-02-04-p-140,I,ST,3,24.89,7.810000000000002,0.0,25,it must be clear from my previous statement that the Irish presidency will strongly hold to to the view that the current situation is unacceptable
11-02-04-p-140,I,ST,4,32.7,6.57,0.0,22,Members of this House will know I come from a small island where we know something about divides and walls and separation
11-02-04-p-140,I,ST,5,39.27,13.619999999999997,0.0,32,we will continue to actively explore with all parties the possibility of resuming forward movement and even although through modest steps at the outset in in a process that has repeatedly stalled
11-02-04-p-140,I,ST,6,52.89,4.32,0.0,17,I want to refer to a number of the points made during the course of the debate
11-02-04-p-140,I,ST,7,57.21,14.79,1.0,50,as for the wider approach to the Middle East region there has been which has been mentioned during the debate let me just say that the effort to promote peace progress and prosperity should in the first place have strong local ownership on the part of those in the region
11-02-04-p-140,I,ST,8,72.0,7.099999999999994,0.0,18,also it must have it must be have an appropriately strong focus on resolving the Israeli Palestinian conflict
11-02-04-p-140,I,ST,9,79.1,16.090000000000003,0.0,43,after all the continuation of the conflict is a central security reality for many people who live in the region nor with the renewed EU focus on the wider region bypass or set aside the benefits of existing mechanisms including the Barcelona Process
11-02-04-p-140,I,ST,10,95.19,7.960000000000008,0.0,22,Mr Swoboda in his contribution suggested that the European Union's voice was not being heard on the illegality of the wall
11-02-04-p-140,I,ST,11,103.15,4.22999999999999,0.0,16,and let me reiterate where the Union stands in relation to the extension of the wall
11-02-04-p-140,I,ST,12,107.38,6.260000000000005,0.0,20,you cannot accept that a fence or wall built on Palestinian land would best serve Israel's long-term security
11-02-04-p-140,I,ST,13,113.64,3.4399999999999977,0.0,13,nor did anything that I said suggest that that would be the case
11-02-04-p-140,I,ST,14,117.08,9.650000000000006,0.0,32,the European Council's expressed its concern for the route envisaged for the security fence and the departure that the route of the route from the Green Line in the West Bank
11-02-04-p-140,I,ST,15,126.73,3.089999999999989,0.0,12,the appropriation of land in the West Bank or Gaza is illegal
11-02-04-p-140,I,ST,16,129.82,2.990000000000009,0.0,10,it's contrary to international law and it fuels tension
11-02-04-p-140,I,ST,17,132.81,13.129999999999995,0.0,32,furthermore the restrictions associated with the security fence have resulted in unnecessary suffering for the Palestinian people and the deterioration of the economy of the of the Occupied region region treaty Territories
11-02-04-p-140,I,ST,18,145.94,4.219999999999999,0.0,14,the Union's voice on this has been absolutely clear in all international fora
11-02-04-p-140,I,ST,19,150.16,11.509999999999991,0.0,37,the construction of the fence or the wall has also been the subject of a resolution in the UN General Assembly on twenty-first October when all Member of the Union and the acceding states co-sponsored
11-02-04-p-140,I,ST,20,161.67,8.810000000000002,0.0,21,one other speaker it was Miss Lucas Member Lucas who called on the presidency to publish the submission to the ICJ
11-02-04-p-140,I,ST,21,170.48,15.689999999999998,0.0,43,the Member may not be aware but the rules of procedure of the International Court of Justice specifically preclude our making the submission publicly available and indeed the Court of Justice itself will not be publishing statements received for the very same reason
11-02-04-p-140,I,ST,22,186.17,27.920000000000016,0.0,73,Mr Chairman Mr President Minister Cowen speaking recently in the Irish Senate pointed out that the that the people of Israel need not need not live in a fortress surrounded by hostile neighbours where they are in danger walking the streets or driving the roads where young soldiers mere boys or girls are placed at constant risk and where a great part of their national resources are consumed by the burden of defence
11-02-04-p-140,I,ST,23,214.09,19.25999999999999,0.0,53,equally the people of Palestine need not live in hopelessness and indignity where young people are encouraged to blow themselves up where homes are bulldozed and destroyed where employment is scarce or non-existent where people are not free to travel around their country where immigration seems to offer the only escape route
11-02-04-p-140,I,ST,24,233.35,20.75,1.0,57,we must all hope we must all help the people of Israel and of Palestine to find the courage and the wisdom to build a new peace courage to face down those who would reject compromise wisdom to understand that putting an end to insecurity and suffering of their neighbours is in their own long-term interest
11-02-04-p-140,I,ST,25,254.1,7.109999999999985,1.0,22,and we can achieve this and if we do achieve this the Holy Land may become a land of peace and prosperity
11-02-04-p-140,I,ST,26,261.21,5.470000000000027,1.0,22,again Mr President I want to thank all the Members of this House for their constructive support and concern in this matter
11-02-04-p-140,I,ST,27,266.68,11.40997699999997,0.0,24,I believe that the approach which has been adopted by the Council is is an appropriate approach in this particular in this particular matter
11-02-04-p-140,I,ST,28,278.089977,1.8000230000000101,0.0,8,and this I said in the very outset
11-02-04-p-140,I,ST,29,279.89,12.389999999999986,0.0,33,no Member of this House need have any concern or question or doubt as to the interest of this presidency in resolving this particular issue or helping to resolve this this particular issue
11-02-04-p-140,I,ST,30,292.28,6.690000000000055,0.0,21,as I said I come from a small island where we know something of the causes and the costs of division
11-02-04-p-140,I,ST,31,298.97,1.589999999999975,0.0,6,thank you very much Mr President
11-02-04-p-140,I,TT,0,0.0,3.441,0.0,3,gracias señor Presidente
11-02-04-p-140,I,TT,1,3.441,7.885000000000001,0.0,14,de nuevo ha habido contribuciones muy importantes por parte del Parlamento y el Consejo
11-02-04-p-140,I,TT,2,11.326,3.0999999999999996,0.0,6,desde luego las tomará en cuenta
11-02-04-p-140,I,TT,3,14.426,12.339999999999998,0.0,23,muchos de los aspectos que se han planteado aquí en este debate se corresponden con la posición del Consejo que ya resumí previamente
11-02-04-p-140,I,TT,4,26.766,28.120000000000005,1.0,58,se habrá entendido que la Presidencia irlandesa también es de la opinión que la situación actual es inaceptable y nosotros sabemos muy bien cuáles son las consecuencias de separaciones de muros de divisiones y nosotros con nuestros partidos vamos a intentar impulsar el desarrollo para que haya progreso en el sentido que aquí se ha subrayado muchas veces
11-02-04-p-140,I,TT,5,54.886,11.059999999999995,0.0,27,hay una serie de aspectos a los cuales me quisiera ahora referir en lo que se refiere a un planteamiento más amplio con respecto a la región
11-02-04-p-140,I,TT,6,65.946,25.64,0.0,48,pues aquí se ha dicho que los esfuerzos para lograr una solución del conflicto deberían centrarse en los problemas a nivel local y también en la resolución del propio conflicto entre Israel y Palestina porque tiene consecuencias grave para graves para muchos de los habitantes de la zona
11-02-04-p-140,I,TT,7,91.586,6.790000000000006,0.0,12,y desde luego aquí también habría que resucitar el Proceso de Barcelona
11-02-04-p-140,I,TT,8,98.376,10.379999999999995,0.0,26,el Señor Swoboda ha dicho que la voz de la Unión Europea no se ha hecho oír con respecto a la a la ilegalidad del muro
11-02-04-p-140,I,TT,9,108.756,21.889999999999986,0.0,45,desde luego no se puede aceptar que un muro de estas características pueda servir los intereses ni siquiera de de Israel y desde luego no al resto de la zona y en todo caso de construirlo pues habría que construirlo detrás de la Línea Verde
11-02-04-p-140,I,TT,10,130.646,13.75,1.0,33,aquí sin embargo se ha construido en un territorio que no pertenece a Israel y con ello viola el derecho internacional y además crea aquí un sufrimiento totalmente innecesario para el pueblo palestino
11-02-04-p-140,I,TT,11,144.396,10.340000000000003,0.0,24,causa graves consecuencias para la economía palestina de la zona y así pues la Unión Europea lo ha manifestado en todos los foros internacionales
11-02-04-p-140,I,TT,12,154.736,11.0,0.0,24,y también así lo han puesto de manifiesto el veintiuno de octubre las Naciones Unidas donde todos los miembros coincidieron incluida la Unión Europea
11-02-04-p-140,I,TT,13,165.736,23.230000000000018,0.0,38,el Señor Lucas pues ha planteado de nuevo ha exigido que el asunto se lleve ante el Tribunal de Justicia Internacional y sin embargo hay que seguir los procedimientos previstos que no se han cumplido en este caso
11-02-04-p-140,I,TT,14,188.966,15.109999999999985,0.0,27,el ministro Cowen ha pronunciado un discurso en el Senado irlandés subrayando que el pueblo de Israel no debe vivir en una fortaleza rodeada de vecinos hostiles
11-02-04-p-140,I,TT,15,204.076,15.200000000000017,0.0,28,no deberían no deberían deambular por sus calles llenos de de miedo a que algo les pueda suceder y esto desde luego se entiende y se se apoya
11-02-04-p-140,I,TT,16,219.276,15.139999999999986,-1.0,30,pero del mismo modo tampoco se puede aceptar que los palestinos tengan que vivir en la desesperanza expuestos a violencia a ataques terroristas a perder sus casas sus vidas continuamente
11-02-04-p-140,I,TT,17,234.416,4.8799999999999955,0.0,11,todos tenemos que hacer lo posible para ayudar a ambos pueblos
11-02-04-p-140,I,TT,18,239.296,8.060000000000002,1.0,17,los dos tienen que encontrar el valor pero también la sabiduría para llegar a una verdadera paz
11-02-04-p-140,I,TT,19,247.356,8.219999999999999,0.0,19,tienen que intentar comprenderse los unos a los otros y que poner punto final al sufrimiento de su vecino
11-02-04-p-140,I,TT,20,255.576,2.880000000000024,0.0,7,va a arrendar en su propio beneficio
11-02-04-p-140,I,TT,21,258.456,8.794999999999959,1.0,21,y así a lo mejor la Tierra Santa finalmente se vuelva a convertir en una tierra de paz y de prosperidad
11-02-04-p-140,I,TT,22,267.251,14.545000000000016,0.0,29,yo estoy convencido de que el enfoque que se ha adoptado por parte del Consejo es el adecuado en este asunto en concreto y ya lo dije al principio
11-02-04-p-140,I,TT,23,281.796,12.819999999999993,0.0,29,ningún diputado de esta Casa debe dudar del gran interés que esta Presidencia va a poner en resolver o al menos intentar acercar a este conflicto a una solución
11-02-04-p-140,I,TT,24,294.616,6.860000000000014,0.0,20,yo vengo de una pequeña isla donde sabemos muy bien cuáles son las causas y los costes de las divisiones
11-02-04-p-140,I,TT,25,301.476,1.6580000000000155,0.0,3,gracias señor Presidente
12-02-04-m-006,I,ST,0,0.0,0.43,0.0,1,President
12-02-04-m-006,I,ST,1,0.43,7.19,0.0,20,I'd like to apologize to the honorable Member at the outset for missing the first minute of his speech
12-02-04-m-006,I,ST,2,7.62,14.11,0.0,35,but I'd like to say how much I agreed with the other moments of his speech and particularly with what the honorable gentleman said about the continuing priority which we must give to Afghanistan
12-02-04-m-006,I,ST,3,21.73,14.639999999999997,0.0,32,and I also of course agree very strongly with what he said about the the commitment the dedication and the courage of some of those who are implementing our programmes in Afghanistan
12-02-04-m-006,I,ST,4,36.37,6.590000000000003,1.0,12,so I so I very much welcome this opportunity to discuss Afghanistan
12-02-04-m-006,I,ST,5,42.96,22.639999999999993,1.0,50,I welcome the opportunity in the week before I go to Afghanistan again and I welcome the opportunity in the run-up to the most challenging goal set in the Bonn Agreement of two thousand and one that is the free and fair election of a democratic government in Afghanistan
12-02-04-m-006,I,ST,6,65.6,10.820000000000007,0.0,20,there was I think it's fair to say enormous optimism at Bonn about building a strong and democratic Afghanistan
12-02-04-m-006,I,ST,7,76.42,6.390000000000001,1.0,10,optimism about delivering a peace dividend to the whole population
12-02-04-m-006,I,ST,8,82.81,8.870000000000005,0.0,17,since then there have been huge strides forward but there are still formidable challenges ahead of us
12-02-04-m-006,I,ST,9,91.68,17.25,0.0,33,last year I suggested that Afghanistan was at a critical crossroads and I also suggest that the international community should redouble its efforts to help President Karzai extend his authority across the country
12-02-04-m-006,I,ST,10,108.93,6.559999999999988,0.0,13,it's increasingly clear that this also means stamping out opium poppy production
12-02-04-m-006,I,ST,11,115.49,7.390000000000001,0.0,13,the two thousand and three UN Opium Poppy Survey makes extremely disturbing reading
12-02-04-m-006,I,ST,12,122.88,11.150000000000006,0.0,25,not only has production risen by six percent from the bumper levels seen in two thousand and two but cultivation has spread into new areas
12-02-04-m-006,I,ST,13,134.03,4.9199999999999875,0.0,8,it now affects almost ninety percent of provinces
12-02-04-m-006,I,ST,14,138.95,19.100000000000023,0.0,30,this pernicious trade valued at about two and a half billion euro undermines the efforts to build a functioning plural democratic state and it also fuels ongoing instability and conflict
12-02-04-m-006,I,ST,15,158.05,12.719999999999999,0.0,31,but before discussing how the international community is working with the Afghan government to tackle this I'd like to highlight what Afghanistan has actually achieved in the last twelve months
12-02-04-m-006,I,ST,16,170.77,8.619999999999976,0.0,19,first a new Constitution which recognises women as equal to men has been agreed by the Constitutional Loya Jirga
12-02-04-m-006,I,ST,17,179.39,13.910000000000025,0.0,30,next the process of disarmament demobilisation and reintegration has started and there have been some encouraging early results on the reduction of heavy arms in Kabul and the Panshir Valley
12-02-04-m-006,I,ST,18,193.3,8.429999999999978,0.0,21,there's also been a start to the election registration process though we need to speed up the pace of that
12-02-04-m-006,I,ST,19,201.73,13.320000000000022,0.0,25,on the economic front GDP growth has raced ahead by thirty percent in two thousand and two and an expected twenty percent for last year
12-02-04-m-006,I,ST,20,215.05,6.060000000000002,0.0,13,the new currency introduced in late two thousand and two has remained stable
12-02-04-m-006,I,ST,21,221.11,6.139999999999986,0.0,15,and the Afghan government has succeeded in increasing the flow of tax revenues to Kabul
12-02-04-m-006,I,ST,22,227.25,8.400000000000006,0.0,14,the international community has also continued to do more than we promised at Tokyo
12-02-04-m-006,I,ST,23,235.65,13.359999999999985,0.0,28,total European Union commitments in two thousand and three exceeded eight hundred and thirty-five million euro of which just over three hundred million came from the Commission
12-02-04-m-006,I,ST,24,249.01,12.240000000000009,1.0,28,as in two thousand and two over seventy percent of the Commission's support has been contracted in year which is an impressive track record by any standards
12-02-04-m-006,I,ST,25,261.25,10.5,0.0,21,the Commission's development programme has ensured that health services are delivered to six provinces covering twenty percent of the population
12-02-04-m-006,I,ST,26,271.75,8.139999999999986,0.0,20,our programme has ensured that travel times on the Kabul-Jalalabad Road have already been cut by up to half
12-02-04-m-006,I,ST,27,279.89,6.090000000000032,0.0,13,and work to fully construct the road reconstruct the road is now beginning
12-02-04-m-006,I,ST,28,285.98,7.169999999999959,0.0,13,key public sector workers including doctors teachers and police are back at work
12-02-04-m-006,I,ST,29,293.15,6.920000000000016,0.0,14,the rural economy continues to grow reflecting the provision of improved seed animal vaccination
12-02-04-m-006,I,ST,30,300.07,9.879999999999995,0.0,19,and the widespread rehabilitation of irrigation structures and demining continues to enable people to return to their own homes
12-02-04-m-006,I,ST,31,309.95,14.660000000000025,1.0,32,in addition funding from ECHO of one hundred twenty-seven million euro has helped to support the return of two and a half million refugees to Afghanistan since two thousand and two
12-02-04-m-006,I,ST,32,324.61,6.189999999999998,0.0,8,however Afghanistan's future depends critically on security
12-02-04-m-006,I,ST,33,330.8,13.879999999999995,-1.0,36,the escalating violence in two thousand and three has claimed as the honorable gentleman said has claimed the lives lives of aid workers it's claimed the lives of ISAF troops and of many Afghan citizens
12-02-04-m-006,I,ST,34,344.68,7.349999999999966,0.0,18,it's it's left large parts of the south and south-east off limits for international staff
12-02-04-m-006,I,ST,35,352.03,10.490000000000009,0.0,23,by the end of two thousand and three thirteen million euros worth of Commission projects in high-risk areas had been temporally suspended
12-02-04-m-006,I,ST,36,362.52,9.629999999999995,0.0,18,and we must recognise that insecurity and burgeoning opium poppy production are two sides of the same coin
12-02-04-m-006,I,ST,37,372.15,11.680000000000007,0.0,22,without better security without better security reconstruction will certainly stall and we'll find ourselves struggling to hold open and credible elections
12-02-04-m-006,I,ST,38,383.83,10.569999999999993,1.0,21,so I very strongly welcome Member States engagement in the provincial reconstruction teams as well as their continued support to ISAF
12-02-04-m-006,I,ST,39,394.4,5.970000000000027,1.0,13,and I strongly hope that NATO will be able to provide more troops
12-02-04-m-006,I,ST,40,400.37,15.879999999999995,1.0,40,I also welcome the role that France Germany Italy and the United Kingdom are playing in helping the Afghan government to build an efficient army police force and judicial system as well as to implement an effective anti-narcotics policy
12-02-04-m-006,I,ST,41,416.25,7.579999999999984,-1.0,16,without stronger institutions and better law enforcement we'll get nowhere in the fight against drugs
12-02-04-m-006,I,ST,42,423.83,15.939999999999998,1.0,40,this is exactly why the Commission committed an extra fifty million euro to support the police in late two thousand and three and it's why we'll continue to play our part in delivering security including tackling opium production
12-02-04-m-006,I,ST,43,439.77,17.430000000000007,0.0,32,as I'm sure the House is aware in May last year the Afghan government adopted a robust anti-narcotics policy embracing alternative livelihoods institution building effective law enforcement and demand reduction
12-02-04-m-006,I,ST,44,457.2,11.259999999999991,0.0,27,the Commission has worked closely with the Afghan government the UK the lead donor on anti-narcotics and the UN to help develop and implement this strategy
12-02-04-m-006,I,ST,45,468.46,22.430000000000007,1.0,48,in particular last year the Commission has committed nine million euro to promote alternative livelihoods in the eastern region three million euro to reinforce border control along the Afghan-Iran border sixty-five and a half million to support the police in delivering effective law enforcement across Afghanistan
12-02-04-m-006,I,ST,46,490.89,14.480000000000018,0.0,35,and in addition the wider one hundred million euro rural development for two thousand and three two thousand and four will help to provide long-term legitimate employment for those currently involved in poppy production
12-02-04-m-006,I,ST,47,505.37,6.659999999999968,0.0,12,this underlines the huge importance we attach to curbing the drug economy
12-02-04-m-006,I,ST,48,512.03,21.220000000000027,1.0,50,I've asked Commission services to report back on how this will be taken forward following the drugs conference a few days ago on the eighth and ninth of February and I hope to have substantive discussions on this when I return to Kabul with the ministerial troika next week
12-02-04-m-006,I,ST,49,533.25,3.7799999999999727,0.0,9,building a secure Afghanistan won't be achieved overnight
12-02-04-m-006,I,ST,50,537.03,3.259999999999991,0.0,11,we all know that the road ahead is far from easy
12-02-04-m-006,I,ST,51,540.29,4.340000000000032,-1.0,11,but we can't afford to let reconstruction fail in Afghanistan
12-02-04-m-006,I,ST,52,544.63,11.940000000000055,1.0,22,and it's critical that the international community underlines its strong and continued support for President Karzai at the upcoming international conference
12-02-04-m-006,I,ST,53,556.57,8.979999999999905,0.0,20,I'd like to finish by thanking the House for its unwavering commitment to Afghanistan especially as regards the budget
12-02-04-m-006,I,ST,54,565.55,14.050000000000068,0.0,33,and I look forward to building on this over the coming year and of course informing the House in due course on the conclusions I arrive at after my next visit to Afghanistan
12-02-04-m-006,I,TT,0,0.0,1.916,0.0,2,señor Presidente
12-02-04-m-006,I,TT,1,1.916,34.010000000000005,1.0,77,quiero disculpar ante su Señoría al principio por perderme el primer minuto de su discurso pero quiero decir que estoy totalmente de acuerdo con el resto de su discurso y sobre todo con lo que su Señoría dijo sobre la prioridad continuada que hemos de dar a Afganistán y también estoy de acuerdo enormemente con lo que dijo sobre el compromiso la dedicación y el valor de algunos de aquellos que están aplicando nuestros programas en Afganistán
12-02-04-m-006,I,TT,2,35.926,6.689999999999998,0.0,12,me alegro por la oportunidad que se me brinda de discutir Afganistán
12-02-04-m-006,I,TT,3,42.616,24.659999999999997,1.0,55,me alegra la oportunidad que se me brinda en la semana antes de ir yo personalmente a Afganistán de nuevo y me alegra la oportunidad que se me brinda al acercarnos al objetivo más ambicioso establecido en el acuerdo del dos mil de Bonn uno del establecimiento de un gobierno libre y democrático en Afganistán
12-02-04-m-006,I,TT,4,67.276,15.939999999999998,1.0,38,creo que se puede decir con justicia que hubo un enorme optimismo en su día en Bonn acerca de la construcción de un Afganistán fuerte y democrático optimismo sobre la llegada de la paz para toda la población
12-02-04-m-006,I,TT,5,83.216,9.690000000000012,0.0,17,desde entonces ha habido enormes pasos hacia adelante pero sigue habiendo obstáculos muy considerables delante de nosotros
12-02-04-m-006,I,TT,6,92.906,16.809999999999988,0.0,40,el año pasado sugerí que Afganistán estaba en un cruce crítico y también sugerí que la comunidad internacional debía duplicar y redoblar sus esfuerzos para ayudarle al Presidente Karzai a ampliar y a extender su autoridad hacia todo el país
12-02-04-m-006,I,TT,7,109.716,7.1000000000000085,0.0,15,está cada vez más claro que eso también significa el eliminar la producción del opio
12-02-04-m-006,I,TT,8,116.816,8.819999999999993,0.0,16,en el dos mil tres el estudio de Naciones Unidas del opio realmente da resultados preocupantes
12-02-04-m-006,I,TT,9,125.636,14.310000000000002,0.0,40,la producción no solo ha aumentado un seis por ciento de los niveles realmente considerables del dos mil dos sino que el cultivo se ha ido a otras áreas y ahora afecta casi un noventa por ciento a las provincias
12-02-04-m-006,I,TT,10,139.946,17.94999999999999,1.0,32,este comercio nefasto con que se calculan los dos mil millones de euros socava los esfuerzos para construir una democracia pluralista y funcional y también contribuye a la inestabilidad y al conflicto
12-02-04-m-006,I,TT,11,157.896,13.210000000000008,-1.0,31,pero antes de discutir cómo la comunidad internacional va a trabajar con el gobierno afgano para retarse el problema quiero señalar lo que ha conseguido Afganistán en los últimos doce meses
12-02-04-m-006,I,TT,12,171.106,10.960000000000008,0.0,25,primero una nueva Constitución que reconoce a la mujer en igualdad de condiciones con el hombre y se ha considerado por la Loya Jirga constitucional
12-02-04-m-006,I,TT,13,182.066,14.039999999999992,0.0,31,luego la desmovilización reintegración y desarme que se han iniciado y ha habido algunos resultados precoces alentadores sobre la reducción de armas pesadas en Kabul y en el Valle del Panshir
12-02-04-m-006,I,TT,14,196.106,6.8799999999999955,0.0,22,y también ha habido una mejora en el proceso de registro para las elecciones pero hay que acelerar aún más este proceso
12-02-04-m-006,I,TT,15,202.986,12.090000000000003,0.0,33,en cuanto a la economía el crecimiento del PNB ha surgido en un treinta por ciento en el dos mil dos y un veinte por ciento que se espera para el año pasado
12-02-04-m-006,I,TT,16,215.076,14.189999999999998,0.0,29,la nueva moneda introducida a finales del del dos mil dos se ha mantenido estable y el gobierno afgano ha logrado aumentar el flujo de ingresos fiscales para Kabul
12-02-04-m-006,I,TT,17,229.266,6.340000000000003,0.0,13,la comunidad internacional también ha continuado haciendo más de lo prometido en Tokio
12-02-04-m-006,I,TT,18,235.606,9.200000000000017,0.0,21,el compromiso total de la Unión Europea en el dos mil tres excedió los ochocientos treinta y cinco millones de euros
12-02-04-m-006,I,TT,19,244.806,4.949999999999989,0.0,13,de de ellos unos trescientos millones vinieron tan solo de la Comisión Europea
12-02-04-m-006,I,TT,20,249.756,13.960000000000008,1.0,39,al igual que en el dos mil dos más de un setenta por ciento del apoyo de la Comisión se ha contratado en un año y eso es realmente un logro extraordinario si se compara con cualquier otra cosa
12-02-04-m-006,I,TT,21,263.716,8.920000000000016,0.0,27,el programa de desarrollo de la Comisión ha asegurado que los servicios sanitarios se presten en seis provincias que cubren un veinte por ciento de la población
12-02-04-m-006,I,TT,22,272.636,14.060000000000002,0.0,38,el programa asegura que los períodos de viaje en la vía de Jalalabad a Kabul se va a reducir a la mitad y el trabajo para la reconstrucción total de la carretera se está iniciando en este momento
12-02-04-m-006,I,TT,23,286.696,7.339999999999975,0.0,14,hay un sector público de trabajo incluyendo médicos profesores y policías están nuevamente trabajando
12-02-04-m-006,I,TT,24,294.036,16.519999999999982,0.0,32,la economía está mejorando y esto refleja refleja la mejora de semillas ganadería proyectos de irrigación etcétera y el desminado continúa para permitir a la gente que vuelva a sus propias casas
12-02-04-m-006,I,TT,25,310.556,13.920000000000016,0.0,32,además la financiación de ECHO de ciento veintisiete millones de euros ha ayudado a apoyar el retorno de dos millones y medio de refugiados a Afganistán desde el año dos mil dos
12-02-04-m-006,I,TT,26,324.476,6.649999999999977,0.0,12,sin embargo Afganistán tiene un futuro que depende enormemente de la seguridad
12-02-04-m-006,I,TT,27,331.126,32.24000000000001,-1.0,80,la violencia que ha escalado en el dos mil tres ha producido como lo dijo su Señoría la vida de ocho de trabajadores de ayuda perdón y de tropas ISAF y de muchos ciudadanos afganos y ha dejado grandes partes del sur y sudeste fuera de límites para la ayuda internacional y hacia finales del dos mil tres trece millones de euros se dedicaron a proyectos de la Comisión para zonas de alto riesgo pero se tuvieron que suspender temporalmente
12-02-04-m-006,I,TT,28,363.366,8.960000000000036,0.0,21,y se reconoció que la falta de seguridad y la creciente producción de opio son dos caras de la misma medalla
12-02-04-m-006,I,TT,29,372.326,13.20999999999998,0.0,24,sin una mejor seguridad la reconstrucción desde luego se va a parar y nos vamos a ver luchando para celebrar elecciones creíbles y abiertas
12-02-04-m-006,I,TT,30,385.536,15.079999999999984,1.0,33,así que me alegra mucho el compromiso de los Estados miembros en la reconstrucción provincial y también el continuado apoyo a ISAF y espero que la OTAN pueda poner a disposición más tropas
12-02-04-m-006,I,TT,31,400.616,16.840000000000032,0.0,42,también me alegra el papel de Francia Alemania Italia y del Reino Unido a la hora de ayudar al gobierno afgano a crear un ejército eficaz fuerzas policiales y un sistema judiciales que funcione al igual que aplicar una política antinarcótica eficaz
12-02-04-m-006,I,TT,32,417.456,23.514999999999986,-1.0,75,sin instituciones más fuertes y una mejor aplicación de la legislación no vamos a lograr nada en la lucha contra el narcotráfico y es justamente por eso que la Comisión prevé cincuenta millones de euros adicionales para apoyar las fuerzas policiales y esto a finales del dos mil tres y es porqué vamos a continuar desempeñando nuestro papel a la hora de ayudar en la seguridad incluyendo en la lucha contra la producción de opio
12-02-04-m-006,I,TT,33,440.971,17.225000000000023,0.0,33,estoy seguro que el Parlamento sabe que en mayo del año pasado el gobierno afgano adoptó un política antinarcótica muy rígida previendo posibilidades alternativas creación de instituciones instituciones para aplicación de legislación etcétera
12-02-04-m-006,I,TT,34,458.196,11.389999999999986,0.0,25,la Comisión ha cooperado estrechamente con el gobierno afgano el Reino Unido el donante principal para la lucha antinarcótico para ayudar a aplicar esta estrategia
12-02-04-m-006,I,TT,35,469.586,36.99000000000001,0.0,102,finalmente la Comisión ha dedicado a finales del año pasado nueve millones de euros para prever alternativas de vida en la zona oriental tres millones de euros para reforzar los controles fronterizos a lo largo de la frontera entre Irán y Afganistán sesenta y cinco millones y medio para apoyar las fuerzas policiales a la hora de velar por la seguridad en todo Afganistán y además cien millones más para el desarrollo rural para el año dos mil tres y dos mil cuatro que ayudará a crear empleo legítimo a largo plazo para aquellos que están actualmente dedicados al cultivo del opio
12-02-04-m-006,I,TT,36,506.576,27.129999999999995,0.0,67,esto pone en relieve la enorme importancia que damos a reducir la economía del narcotráfico y he pedido el servicio de la Comisión a que informen acerca de cómo esto se va a llevar adelante tras la conferencia de narcotráfico hace algunos días el ocho y nueve de febrero pasado y vamos a discutirlo ampliamente espero cuando vuelva a Kabul con la troika ministerial la semana próxima
12-02-04-m-006,I,TT,37,533.706,3.949999999999932,0.0,16,el crear un Afganistán seguro no se va a lograr de la noche a la mañana
12-02-04-m-006,I,TT,38,537.656,19.340000000000032,1.0,47,sabemos que el camino por delante está sembrado de obstáculos pero no podemos darnos el lujo de fallar en la reconstrucción de Afganistán y es crítico que la comunidad internacional ponga de relieve su apoyo fuerte y continuado para el Presidente Karzai en las próximas conferencias internacionales
12-02-04-m-006,I,TT,39,556.996,22.49000000000001,0.0,57,quisiera concluir dándo gracias al Parlamento por su compromiso permanente frente a Afganistán sobre todo en lo que se refiere al presupuesto y espero poder continuar por esta vía en los años venideros y de informar también al Parlamento en su debido momento sobre la conclusión a la que llegue después de mi siguiente visita a Afganistán
12-02-04-m-006,I,TT,40,579.486,0.7457500000000437,0.0,2,muchas gracias
12-02-04-m-016,I,ST,0,0.0,1.78,0.0,4,thank you Madam Chairman
12-02-04-m-016,I,ST,1,1.78,6.63,1.0,19,my congratulations to the rapporteur for a very fine report indeed that I know that we will all support
12-02-04-m-016,I,ST,2,8.41,5.699999999999999,0.0,17,thanks too for the Commissioner and his team for their fine work as well in the field
12-02-04-m-016,I,ST,3,14.11,8.54,0.0,19,colleagues I remind you that in October two thousand and one the oppression of Afghan women was highlighted globally
12-02-04-m-016,I,ST,4,22.65,6.360000000000003,0.0,17,the assumption was made that the removal of the Taliban regime would ease the women's plight
12-02-04-m-016,I,ST,5,29.01,11.349999999999998,0.0,26,today two and a half years on Amnesty claims that the international community and the Afghan administration have been unable to protect the rights of women
12-02-04-m-016,I,ST,6,40.36,6.410000000000004,-1.0,14,rape and sexual violence by members of the occupying armed forces is still high
12-02-04-m-016,I,ST,7,46.77,4.509999999999998,0.0,12,in the western province of Herat Taliban-like decrees are still widespread
12-02-04-m-016,I,ST,8,51.28,9.469999999999999,0.0,22,and as a result of this oppression more women in Afghanistan are committing suicide now than they were under the Taliban regime
12-02-04-m-016,I,ST,9,60.75,6.090000000000003,-1.0,10,Human Rights Watch even reports many sexual assaults against children
12-02-04-m-016,I,ST,10,66.84,15.719999999999999,0.0,35,despite the rhetoric the creation of the Women's Ministry the Karzai Government pursues anti-women policies and there is no legal protection while older legal systems still in position prohibit them from getting help
12-02-04-m-016,I,ST,11,82.56,4.200000000000003,0.0,11,women's resistance to the regime still has to work underground
12-02-04-m-016,I,ST,12,86.76,7.280000000000001,0.0,19,the Revolutionary Association of Women of Afghanistan is forbidden to open an office nor can it distribute its magazine
12-02-04-m-016,I,ST,13,94.04,5.1299999999999955,-1.0,10,people caught reading its literature are still in physical danger
12-02-04-m-016,I,ST,14,99.17,6.429999999999993,0.0,10,Commissioner Patten said that the Afghanistan had reached a crossroads
12-02-04-m-016,I,ST,15,105.6,11.88000000000001,0.0,37,I believe and so does Amnesty Human Rights Watch and the Revolutionary Association for Women that the government has taken a wrong turn and that the position of women is in fact worse than it was before
12-02-04-m-016,I,TT,0,0.0,5.686,0.0,4,gracias gracias señora Presidente
12-02-04-m-016,I,TT,1,5.686,11.64,0.0,25,enhorabuena señor ponente por su excelente informe que todos vamos a apoyar y también muchas gracias al Comisario por su excelente trabajo sobre el terreno
12-02-04-m-016,I,TT,2,17.326,30.509999999999998,1.0,56,le quiero recordar que la opresión de la mujer afgana quedó patente mundialmente desde hace muchos años y se suponía que al deshacerse de los Talibán iba a mejorar la situación de la mujer pero Amnesty International mantiene que la la comunidad internacional y la autoridad afgana no ha podido proteger a la a la mujer
12-02-04-m-016,I,TT,3,47.836,6.950000000000003,0.0,12,ha habido violaciones incluso en las zonas ocupadas por las tropas internacionales
12-02-04-m-016,I,TT,4,54.786,11.129999999999995,0.0,24,o sea que hay cada vez más mujeres en Afganistán que están cometiendo suicidio más aún que durante la época de de los Talibán
12-02-04-m-016,I,TT,5,65.916,9.230000000000004,0.0,16,Human Watch Human Rights Watch también está registrando abusos de los que son objeto los menores
12-02-04-m-016,I,TT,6,75.146,12.799999999999997,-1.0,28,no hay por lo tanto una protección legal contra contra la mujer y además todos los sistemas jurídicos actuales no prevén el acceso de la mujer a ellos
12-02-04-m-016,I,TT,7,87.946,14.240000000000009,0.0,16,la Organización Revolucionaria de la Mujer en en Afganistán no puede publicar sus sus sus informaciones
12-02-04-m-016,I,TT,8,102.186,4.429999999999993,-1.0,9,corren peligro de muerte si de hecho lo hacen
12-02-04-m-016,I,TT,9,106.616,14.161468999999997,0.0,39,a mí me parece que todas las organizaciones que he citado de de defensa de los derechos humanos piensan que el Gobierno se ha equivocado y que la situación de la mujer en Afganistán ahora es peor que antes
12-02-04-m-019,I,ST,0,0.0,10.23,0.0,26,first of all I would like to congratulate Mr Brie on this excellent report and then if I may I would like to address Commissioner Patten
12-02-04-m-019,I,ST,1,10.23,3.67,0.0,9,so if you would stop talking to him please
12-02-04-m-019,I,ST,2,13.9,7.15,0.0,17,there are two issues which I would like you to raise if you so please Mr Patten
12-02-04-m-019,I,ST,3,21.05,1.5399999999999991,0.0,2,Commissioner Patten
12-02-04-m-019,I,ST,4,22.59,1.2800000000000011,0.0,4,you're not listening
12-02-04-m-019,I,ST,5,23.87,19.19,0.0,46,anyway in November two thousand and three Mr Karzai's Government allowed the enforcement of a nineteen hundred and seventy law banning married women from the classroom which led to the expulsion of possibly more than two or three thousand according to the Deputy Education Minister
12-02-04-m-019,I,ST,6,43.06,3.509999999999998,0.0,12,do you think you could raise the issue of this law enforcement
12-02-04-m-019,I,ST,7,46.57,10.100000000000001,0.0,23,and also Article three of the Constitution states that no law in Afghanistan could be contrary to the beliefs and provisions of Islam
12-02-04-m-019,I,ST,8,56.67,10.629999999999995,0.0,23,this language designed to secure a relatively smooth approval of the new Afghan Constitution may entail high costs for women in the future
12-02-04-m-019,I,ST,9,67.3,8.900000000000006,0.0,20,the control of education by religious authorities is definitely a very alarming signal and an issue which should be raised
12-02-04-m-019,I,ST,10,76.2,9.079999999999998,-1.0,22,many reports confirm that in several regions of Afghanistan there is no security for women and education for girls is under threat
12-02-04-m-019,I,ST,11,85.28,13.14,0.0,28,sixteen attacks have been documented on girls schools since September two thousand and two ranging from rocket attacks to setting schools on fire or forcing closure by gunmen
12-02-04-m-019,I,ST,12,98.42,3.010000000000005,0.0,4,their effect is devastating
12-02-04-m-019,I,ST,13,101.43,16.029999999999987,0.0,34,according to UNDP the primary gross enrolment ratio has been most recently calculated as being thirty-nine per cent for boys with a corresponding rate for girls at three per cent three per cent
12-02-04-m-019,I,ST,14,117.46,7.5800000000000125,1.0,18,the UNICEF programme Back to School launched in March two thousand and two gave rise to great hope
12-02-04-m-019,I,ST,15,125.04,6.499999999999986,0.0,15,more than three million children one third of them girls flooded the classroom in Afghanistan
12-02-04-m-019,I,ST,16,131.54,2.0500000000000114,0.0,7,but there was a position in Kandahar
12-02-04-m-019,I,ST,17,133.59,6.859999999999985,0.0,16,leaflets were distributed with the message stop sending your women to offices and daughters to school
12-02-04-m-019,I,ST,18,140.45,3.3400000000000034,0.0,5,it spreads indecency and vulgarity
12-02-04-m-019,I,ST,19,143.79,4.5,0.0,12,stand ready for the consequences if you do not heed the advice
12-02-04-m-019,I,ST,20,148.29,7.159999999999997,0.0,12,and then after five months these violent attacks on girls schools began
12-02-04-m-019,I,ST,21,155.45,2.8000000000000114,0.0,6,we know the immense challenges that
12-02-04-m-019,I,ST,22,158.25,5.6299999999999955,0.0,19,it took some time to get the attention of the Commissioners so I just need a few more seconds
12-02-04-m-019,I,ST,23,163.88,6.800000000000011,0.0,14,we knew we know the immense challenges that confront the Afghan Transitional Authority today
12-02-04-m-019,I,ST,24,170.68,7.759999999999991,1.0,16,the European Union and the international community should strongly support the economic social and political reconstruction
12-02-04-m-019,I,ST,25,178.44,10.110000000000014,0.0,26,but it is imperative that security for women throughout the country must be a priority for both donors and the Afghan Government Sandbaek yes thank you
12-02-04-m-019,I,ST,26,188.55,4.7099999999999795,-1.0,16,I will say that if we fail that the country the future will be very grim
12-02-04-m-019,I,ST,27,193.26,0.7800000000000011,0.0,2,thank you
12-02-04-m-019,I,TT,0,0.0,14.996,0.0,33,en primer lugar quiero felicitar al señor Brie por el excelente informe y luego si se me permite quisiera dirigirme al Comisario Patten así que por favor no le interrumpa en este momento
12-02-04-m-019,I,TT,1,14.996,4.979999999999999,0.0,8,hay dos asuntos que yo quiero que plantee
12-02-04-m-019,I,TT,2,19.976,5.210000000000001,0.0,10,señor Patten Comisario señor Comisario me está usted prestando atención
12-02-04-m-019,I,TT,3,25.186,22.450000000000003,1.0,48,bueno en noviembre del dos mil tres el señor Karzai y su gobierno permitió que se aplicara una ley del mil novecientos setenta que prohibía a las mujeres casadas de ir a las clases lo que aumentó la cantidad de mujeres que no podían ir a las escuelas
12-02-04-m-019,I,TT,4,47.636,8.82,0.0,27,plantee este asunto y también el artículo tres en la Constitución dice que ninguna ley en Afganistán puede ser contraria a las creencias y disposiciones del Islam
12-02-04-m-019,I,TT,5,56.456,13.599999999999994,0.0,22,este este lenguaje consiguió que se aprobara fácilmente la constitución afgana pero es un a un coste muy alto para las mujeres
12-02-04-m-019,I,TT,6,70.056,6.75,0.0,19,el control por las autoridades religiosas es una señal altamente alarmante y es un tema que hay que plantear
12-02-04-m-019,I,TT,7,76.806,9.579999999999998,0.0,20,muchos informes confirman que en varias regiones del Afganistán no hay seguridad para la mujer ni educación para las niñas
12-02-04-m-019,I,TT,8,86.386,14.730000000000004,0.0,34,dieciséis ataques han sido documentados para escuelas de niñas desde septiembre del dos mil dos que va de ataques con misiles con incendios de escuelas o obligándolos a cerrar a través de las armas
12-02-04-m-019,I,TT,9,101.116,2.6700000000000017,0.0,6,y el efecto ha sido devastador
12-02-04-m-019,I,TT,10,103.786,15.159999999999997,1.0,34,de acuerdo con UNDP la proporción se calculó en que un treinta y nueve por ciento de los niños y un tres por cientos de las niñas están escolarizadas tres por cientos de niñas
12-02-04-m-019,I,TT,11,118.946,6.3700000000000045,0.0,14,el nuevo programa escolar iniciado en marzo en dos mil dos era muy esperanzador
12-02-04-m-019,I,TT,12,125.316,11.870000000000005,0.0,29,más de tres millones de niños una tercera parte niñas inundaron las clases y aulas en Afganistán pero hubo oposición en Kandahar y se distribuyeron folletos con un mensaje
12-02-04-m-019,I,TT,13,137.186,5.259999999999991,0.0,14,dejen de enviar las mujeres a las oficinas y las niñas a las escuelas
12-02-04-m-019,I,TT,14,142.446,9.490000000000009,0.0,20,esto hace que se amplíe la indecencia y la vulgaridad y habrá consecuencias si no se sigue esta este consejo
12-02-04-m-019,I,TT,15,151.936,4.689999999999998,0.0,14,y después de cinco meses iniciaron los ataques violentos en las escuelas las niñas
12-02-04-m-019,I,TT,16,156.626,5.8700000000000045,0.0,8,sabemos cuál es el enorme desafío que hay
12-02-04-m-019,I,TT,17,162.496,4.939999999999998,0.0,18,necesité mucho tiempo para que el Comisario me prestara atención así que necesito un poco más de tiempo
12-02-04-m-019,I,TT,18,167.436,5.299999999999983,0.0,12,sabemos cuáles son los enormes desafíos de las autoridades transitorias de Afganistán
12-02-04-m-019,I,TT,19,172.736,15.570000000000022,0.0,41,la Unión Europea y la comunidad internacional deberán apoyar la reconstrucción económica social y política pero es imperativo que la seguridad para la mujer en todo el país sea una prioridad tanto para los donantes como también para el Gobierno afgano
12-02-04-m-019,I,TT,20,188.306,1.4799999999999898,0.0,1,gracias
12-02-04-m-019,I,TT,21,189.786,3.7920939999999916,0.0,10,si no lo logramos el país no tendrá un futuro
12-02-04-m-020,I,ST,0,0.0,2.15,0.0,2,President Commissioner
12-02-04-m-020,I,ST,1,2.15,5.529999999999999,-1.0,14,Afghanistan sadly has been slightly forgotten about in the aftermath of the Iraq war
12-02-04-m-020,I,ST,2,7.68,17.3,1.0,47,a lot of resources will be needed to rebuild the country and the EU is a large donor which in my view entitles us to lay down significant political conditionality including demanding progress in human rights particularly women's rights to education and access to the workforce
12-02-04-m-020,I,ST,3,24.98,12.860000000000003,0.0,30,I also regret the new Constitution which gives primacy to Sharia law over international UN civil and political treaty obligations which may cause conflict over areas such as female lapidation
12-02-04-m-020,I,ST,4,37.84,8.019999999999996,0.0,21,I am concerned at the lack of security and the necessary concentration of ISAF forces in Kabul to protect the government
12-02-04-m-020,I,ST,5,45.86,8.89,1.0,25,there have been significant regroupings of Taliban and Al-Qaeda forces bent on murdering international aid workers in the provinces which will set back progress
12-02-04-m-020,I,ST,6,54.75,13.379999999999995,0.0,35,I don't believe President Musharraf is doing enough to rein in terrorist groups in Pakistan's tribal areas and north-west frontier provinces ostensibly because Islamabad's writ does not run to these parts
12-02-04-m-020,I,ST,7,68.13,5.469999999999999,0.0,16,more must be done if his credibility to fight international terrorism is to be taken seriously
12-02-04-m-020,I,ST,8,73.6,17.49000000000001,0.0,49,I was delighted that the Bactrian gold treasures were recovered and I would like to see funds devoted to the reconstitution of the National Museum in Kabul as a symbol of national pride under the patronage of the royal family which is a benign uniting force in the land
12-02-04-m-020,I,ST,9,91.09,21.459999999999994,0.0,48,lastly on the subject of the opium crop my amendment has suggested consideration being given to buying and burning or using it for medical purposes as a painkiller as a cheaper alternative to drug enforcement measures by the international organisations dedicated to fighting the drug trade and business
12-02-04-m-020,I,ST,10,112.55,11.159999999999997,0.0,34,I think this would save lot of money to the international community to basically burn it and pay the farmers instead rather than spending many many billions of dollars fighting the drug trafficking trade
12-02-04-m-020,I,ST,11,123.71,0.8900000000000006,0.0,4,thank you very much
12-02-04-m-020,I,TT,0,0.0,5.516,0.0,5,señor señor Presidente señor Comisario
12-02-04-m-020,I,TT,1,5.516,4.029999999999999,-1.0,16,la verdad es que después de la guerra de Irak se había olvidado a a Afganistán
12-02-04-m-020,I,TT,2,9.546,3.130000000000001,0.0,10,se van a necesitar muchos recursos para reconstruir el país
12-02-04-m-020,I,TT,3,12.676,13.659999999999998,1.0,35,la Unión Europea es un gran donente donante lo que nos permite fijar condiciones y exigir progreso en el en los derechos humanos sobre todo de las mujeres educación acceso al al mercado del trabajo
12-02-04-m-020,I,TT,4,26.336,14.259999999999998,0.0,31,lamento la nueva Constitución que pone por encima la la ley Shárea Sharia por y por delante de las obligaciones contractuales del país y otras obligaciones así que permite la lapidación
12-02-04-m-020,I,TT,5,40.596,6.310000000000002,-1.0,15,me preocupa la falta de seguridad y la concentración de ISAF para proteger al Gobierno
12-02-04-m-020,I,TT,6,46.906,9.71,0.0,20,ha habido nueva reagrupaciones de los talibanes y o de otras fuerzas que van a ir en contra del progreso
12-02-04-m-020,I,TT,7,56.616,10.709999999999994,0.0,26,yo no creo que el Señor Musharraf hace lo suficiente para frenar el avance del terrorismo en las zonas tribales y en las zonas del norte
12-02-04-m-020,I,TT,8,67.326,7.790000000000006,0.0,13,hay que hacer más si hay si queremos tomar en serio su credibilidad
12-02-04-m-020,I,TT,9,75.116,18.060000000000002,0.0,49,me alegra que se han recuperado varios de los tesoros históricos y me alegra también de que se dediquen fondos para recomenzar la reconstrucción del el Museo Nacional de Kabul como un símbolo nacional bajo el patrocinio de la familia real una fuerza benigna de unificación en el país
12-02-04-m-020,I,TT,10,93.176,21.83,-1.0,38,y que en relación con la adormidera mi enmienda sugiere que se tome en consideración el comprarlo el venderlo para usos médicos que es más barato que después gastarse tanto para luchar contra el comercio de la droga
12-02-04-m-020,I,TT,11,115.006,2.9399999999999977,0.0,6,me parece que esto ahorraría dinero
12-02-04-m-020,I,TT,12,117.946,7.650000000000006,0.0,25,o sea que se que se queme y se pague a los a los agricultores en lugar de gastarse mucho dinero en controlar el tráfico
12-02-04-m-020,I,TT,13,125.596,0.49315599999999904,0.0,1,gracias
12-02-04-m-021,I,ST,0,0.0,2.17,0.0,4,thank you Madam President
12-02-04-m-021,I,ST,1,2.17,3.76,1.0,11,the situation in Afghanistan is of great interest to this House
12-02-04-m-021,I,ST,2,5.93,6.82,1.0,18,and the importance of this report in context of the development of democracy in Afghanistan is highly topical
12-02-04-m-021,I,ST,3,12.75,5.449999999999999,0.0,15,as the report emphasises the situation since the end of the Taliban regime has improved
12-02-04-m-021,I,ST,4,18.2,2.3100000000000023,0.0,7,but additional efforts need to be made
12-02-04-m-021,I,ST,5,20.51,5.869999999999997,0.0,17,for example as many have spoken about this morning the situation of women has to be highlighted
12-02-04-m-021,I,ST,6,26.38,6.140000000000004,0.0,16,literacy is still unbelievably low with only ten to fifteen per cent of women being literate
12-02-04-m-021,I,ST,7,32.52,2.7099999999999937,0.0,9,only a third of the school children are girls
12-02-04-m-021,I,ST,8,35.23,6.520000000000003,-1.0,27,they are often held back from returning to schools and even if some of these women go to school they face violence against them for just attending
12-02-04-m-021,I,ST,9,41.75,10.54,0.0,32,these trends are strongest outside Kabul in the south and east of the country where the situation of women is not so well known but much worse than in the political centre
12-02-04-m-021,I,ST,10,52.29,6.314989000000004,0.0,14,the Constitution drawn up in January recognises the specific equality between men and women
12-02-04-m-021,I,ST,11,58.604989,4.0950109999999995,0.0,18,and twenty-five per cent of the seats in the House of the People are reserved for women
12-02-04-m-021,I,ST,12,62.7,12.329999999999998,0.0,32,yet it remains uncertain that this provision along with others establishing rights for women will actually help see rights for women being properly implemented and see women elected in the coming election
12-02-04-m-021,I,ST,13,75.03,2.3299999999999983,0.0,9,many Members have talked about the issue of drugs
12-02-04-m-021,I,ST,14,77.36,2.5700000000000074,0.0,11,and I'd like to touch upon that at the moment
12-02-04-m-021,I,ST,15,79.93,6.209999999999994,0.0,21,we live in a world where a poppy grown in Afghanistan can end up being sold illegally as heroin in Scotland
12-02-04-m-021,I,ST,16,86.14,7.6200000000000045,-1.0,21,the human suffering caused by the drugs problem and its linkages to crime in our communities gives us all serious concern
12-02-04-m-021,I,ST,17,93.76,11.280000000000001,1.0,25,that's why we should support the Afghan National Drug Control Strategy which sets the target of complete elimination of poppy growing by twenty thirteen
12-02-04-m-021,I,ST,18,105.04,19.809999999999988,0.0,54,I'm pleased that the UK Government plans to deploy an enhanced drugs team to Kabul and Kandahar by the end of the year and has made seventy million pounds available over three years for law enforcement capacity building alternatives to livelihoods for those who are involved in poppy cultivation and demand reduction initiatives
12-02-04-m-021,I,ST,19,124.85,8.710000000000008,0.0,21,to conclude we must ensure that capacity for effective public administration continues to improve at central and provisional and provincial levels
12-02-04-m-021,I,ST,20,133.56,1.8000000000000114,0.0,6,thank you very much Madam President
12-02-04-m-021,I,TT,0,0.0,2.116,0.0,3,gracias señora Presidente
12-02-04-m-021,I,TT,1,2.116,5.76,0.0,10,la situación en Afganistán es muy interesante para esta Cámara
12-02-04-m-021,I,TT,2,7.876,6.009999999999999,1.0,14,es importante este informe ante el contexto del desarrollo de la democracia en Afganistán
12-02-04-m-021,I,TT,3,13.886,10.04,1.0,21,como hace hincapié este informe la situación desde que cayera el régimen talibán ha mejorado pero se necesita mejorar mucho más
12-02-04-m-021,I,TT,4,23.926,1.860000000000003,0.0,9,se ha hablado de la situación de la mujer
12-02-04-m-021,I,TT,5,25.786,2.5700000000000003,0.0,5,hay que destacar su situación
12-02-04-m-021,I,TT,6,28.356,10.32,0.0,18,el analfebatismo analfabetismo es altísimo con tan sólo el diez el quince por ciento de tasa de alfabetización
12-02-04-m-021,I,TT,7,38.676,8.0,0.0,16,muchos muchas de las mujeres incluso si van a la escuela pueden ser sometidas a vejaciones
12-02-04-m-021,I,TT,8,46.676,11.509999999999998,0.0,35,la situación es incluso peor en el sur y el suroeste del país donde la situación de la mujer no es muy conocida pero es mucho peor que en la capital y en el centro
12-02-04-m-021,I,TT,9,58.186,5.640000000000001,0.0,9,hay que reconocer pues la igualdad entre los sexos
12-02-04-m-021,I,TT,10,63.826,13.93,0.0,33,hay escaños reservados para la mujer en el Parlamento pero todavía queda por ver si estas disposiciones al igual que otros derechos que se han previsto para la mujer van a ser aplicados
12-02-04-m-021,I,TT,11,77.756,4.1200000000000045,-1.0,9,se ha hablado aquí del problema de la droga
12-02-04-m-021,I,TT,12,81.876,7.199999999999989,0.0,12,la adormidera en Afganistán se puede vender ilegalmente como heroína en Escocia
12-02-04-m-021,I,TT,13,89.076,25.27000000000001,-1.0,44,el sufrimiento humano causado por la droga nos preocupa a todos y también las consecuencias financieras y por eso nosotros apoyamos la Estrategia nacional de control de droga que quiere que quiere quiere suprimir la cosecha de adormidera hasta el año dos mil trece
12-02-04-m-021,I,TT,14,114.346,15.919999999999987,0.0,21,hay diecisiete millones durante tres años para crear un sustento para las personas que de momento dependen económicamente de la adormidera
12-02-04-m-021,I,TT,15,130.266,6.310000000000002,1.0,16,por eso tenemos que mejorar la autoridad tanto a nivel central como también regional y municipal
12-02-04-m-021,I,TT,16,136.576,1.163094000000001,0.0,3,gracias señora Presidente
12-02-04-m-025,I,ST,0,0.0,2.3,0.0,6,thank you very much Mr President
12-02-04-m-025,I,ST,1,2.3,3.66,0.0,13,let me first apologise to the House for missing much of this debate
12-02-04-m-025,I,ST,2,5.96,10.98,0.0,36,but unfortunately I had to be present at the STOA Panel to vote to try and prevent the the suppression of the scientific report at the behest of Europe's chocolate multinationals on inedibles in food
12-02-04-m-025,I,ST,3,16.94,3.8099999999999987,0.0,11,doubly unfortunately the vote was lost by eleven votes to eight
12-02-04-m-025,I,ST,4,20.75,7.5,0.0,24,on Afghanistan the subject of our debate firstly can I congratulate Mr Brie on his report on a difficult subject in a difficult country
12-02-04-m-025,I,ST,5,28.25,5.700000000000003,0.0,18,I was privileged to be part of the Foreign Affairs Committee delegation in June last year to Afghanistan
12-02-04-m-025,I,ST,6,33.95,3.3999999999999986,0.0,11,it was clear to me that security is the paramount issue
12-02-04-m-025,I,ST,7,37.35,4.299999999999997,0.0,15,the glass unfortunately seems to me to be increasingly half empty rather than half full
12-02-04-m-025,I,ST,8,41.65,10.29,0.0,32,the occupying coalition troops and the US sit out their days in their fixed and mobile fortresses when on the streets they exhibit the same heavy-handed style currently showing in Iraq
12-02-04-m-025,I,ST,9,51.94,7.920000000000002,0.0,19,ISAF has a footprint centred on Kabul limiting its operations to two per cent of Afghanistan's land area
12-02-04-m-025,I,ST,10,59.86,13.320000000000007,0.0,38,so the rest of the country is effectively abandoned to feuding landlords who monopolise revenues and dispense an arbitrary justice in their private prisons making President Karzai at times little more than the US-backed mayor of Kabul
12-02-04-m-025,I,ST,11,73.18,11.47999999999999,1.0,29,after the marines killed three Afghan national army soldiers in a friendly fire exchange ISAF stepped in to broker peace between the two groups ostensibly on the same side
12-02-04-m-025,I,ST,12,84.66,7.540000000000006,0.0,22,yet for many in the Afghan national army the ISAF and the US troops are merely all flowers from the same garden
12-02-04-m-025,I,ST,13,92.2,6.819999999999993,0.0,16,campaigns without resources to spread ISAF's presence outside of Kabul are wishful and wistful thinking
12-02-04-m-025,I,ST,14,99.02,3.719999999999999,0.0,16,no one seems able or willing to find the money to increase the number of troops
12-02-04-m-025,I,ST,15,102.74,5.859999999999999,0.0,18,an order of magnitude to the fourty thousand that would be needed to cover to have nationwide coverage
12-02-04-m-025,I,ST,16,108.6,14.38000000000001,0.0,42,in the south the main targets for the for for the remnants of the Taliban are foreigners but without reconstruction work the temptation is for the local population to see the situation as no better if not worse than under the Taliban
12-02-04-m-025,I,ST,17,122.98,13.249999999999986,0.0,43,many people argue that large sections of the Taliban could be could be brought back into civic society but to do that would be to shift the social centre of gravity back towards an Islamic conservatism that bodes ill for women's emancipation
12-02-04-m-025,I,ST,18,136.23,3.0500000000000114,0.0,9,human rights is important particularly the situation of women
12-02-04-m-025,I,ST,19,139.28,3.9499999999999886,0.0,16,formal rights may well be given but they're unlikely to play out in the villages
12-02-04-m-025,I,ST,20,143.23,6.700000000000017,1.0,23,the best hope for the future may be universal education which will not change current attitudes but rather those of the next generation
12-02-04-m-025,I,ST,21,149.93,6.72999999999999,0.0,18,the US and the EU are pushing bottom lines that in practice are probably undeliverable please Mr Ford
12-02-04-m-025,I,ST,22,156.66,5.740000000000009,1.0,24,as Lakhdar Brahimi the UN Special Representative said if you're trying to introduce western-style democracy in Afghanistan you're wasting your time
12-02-04-m-025,I,TT,0,0.0,3.186,0.0,4,muchas gracias señor Presidente
12-02-04-m-025,I,TT,1,3.186,23.61,0.0,39,quiero pedir disculpas ante la Cámara por perderme gran parte de este debate pero es que tuve que estar en el panel STOA para votar votar la sobre un informe que iba a dañar la industria chocolatera en Europa
12-02-04-m-025,I,TT,2,26.796,2.5600000000000023,0.0,7,lamentablemente perdimos doce a nueve la votación
12-02-04-m-025,I,TT,3,29.356,9.469999999999999,1.0,29,bueno yo tuve el privilegio de formar parte de la delegación de la Comisión de Asuntos Exteriores a Afganistán en junio y vimos que la seguridad es la prioridad
12-02-04-m-025,I,TT,4,38.826,12.969999999999999,0.0,24,pero pienso que la botella cada vez está más vacía y no llena porque la los las tropas de ISAF están en su fortaleza
12-02-04-m-025,I,TT,5,51.796,12.750000000000007,0.0,26,cuando salen salen armados hasta las hasta los dientes como sus colegas en Iraq y el control tan sólo abarca el dos por ciento del territorio
12-02-04-m-025,I,TT,6,64.546,1.25,0.0,4,el resto se abandona
12-02-04-m-025,I,TT,7,65.796,16.159999999999997,-1.0,31,están a la merced de los señores de la guerra con sus presiones con sus prisiones privadas o sea que el presidente interino es poco más que el alcalde de Bagdad
12-02-04-m-025,I,TT,8,81.956,7.489999999999995,0.0,9,ISAF trató algunas veces de intervenir en estos conflictos
12-02-04-m-025,I,TT,9,89.446,10.900000000000006,0.0,15,pero para muchos ISAF y los los las tropas de Estados Unidos es lo mismo
12-02-04-m-025,I,TT,10,100.346,8.739999999999995,0.0,14,o o sea nadie parece encontrar créditos para incrementar la las tropas desplegadas allí
12-02-04-m-025,I,TT,11,109.086,4.950000000000003,0.0,7,se necesitarían doscientas mil doscientos mil efectivos
12-02-04-m-025,I,TT,12,114.036,12.909999999999997,0.0,23,para los talibán todo esto son extranjeros y para muchos ciudadanos la situación ahora no se presenta mejor que bajo a los talibán
12-02-04-m-025,I,TT,13,126.946,14.650000000000006,0.0,32,se piensa que se puede incorporar a los talibán en la en la sociedad civil pero para eso habría que escorar la sociedad hacia un islamismo violando los derechos de la mujer
12-02-04-m-025,I,TT,14,141.596,5.159999999999997,0.0,15,formalmente se le da derechos a la mujer pero en las aldeas no se aplicarán
12-02-04-m-025,I,TT,15,146.756,8.72999999999999,0.0,22,la mayor apuesta es la enseñanza pero no va a cambiar la mentalidad actual si no la de la las futuras generaciones
12-02-04-m-025,I,TT,16,155.486,9.385593999999998,0.0,17,como el Representante Especial de Naciones Unidas dijo si queremos introducir niveles occidentales estamos perdiendo el tiempo
12-02-04-m-027,I,ST,0,0.0,2.78,0.0,4,thank you Mr President
12-02-04-m-027,I,ST,1,2.78,2.65,0.0,11,I'd like to congratulate Mr Brie on an excellent report
12-02-04-m-027,I,ST,2,5.43,4.5,0.0,13,I had the honour to also to be on the delegation to Afghanistan
12-02-04-m-027,I,ST,3,9.93,4.49,0.0,17,I know that some people have congratulated me on being a first in a number of things
12-02-04-m-027,I,ST,4,14.42,9.74,0.0,29,another a first that I now count is the fact that I was sitting having tea with some of the largest drug dealers and drug producers in the world
12-02-04-m-027,I,ST,5,24.16,20.56,1.0,55,I'm particularly addressing my remarks to my right honourable friend who I know is going to disappear into the sunset before too long and maybe he can make a great contribution to to European safety if he worked in his few months remaining take on board some of the issues I was talking about
12-02-04-m-027,I,ST,6,44.72,7.469999999999999,0.0,21,the total value for of the poppy crop at the farm gate in Afghanistan is estimated at seven hundred million euros
12-02-04-m-027,I,ST,7,52.19,5.850000000000001,0.0,12,its heroin street value is estimated at twelve point five billion euro
12-02-04-m-027,I,ST,8,58.04,10.79,0.0,31,the amount of revenue spent by Member State police forces customs services anti-drug squads to control the heroin import and use alone add up to four billion euro per year
12-02-04-m-027,I,ST,9,68.83,6.469999999999999,0.0,19,the number of arrests for drug law offences throughout the EU is around seven hundred thousand people per year
12-02-04-m-027,I,ST,10,75.3,9.480000000000004,0.0,21,sixty thousand people are imprisoned every year for drug offences leading to annual custodial costs of one point five billion euro
12-02-04-m-027,I,ST,11,84.78,8.579999999999998,0.0,19,what we need is an alternative development approach for Afghanistan which integrates EU drug policy into its development policy
12-02-04-m-027,I,ST,12,93.36,6.8700000000000045,0.0,16,we have to offer the rural population economically viable and steady means of earning an income
12-02-04-m-027,I,ST,13,100.23,7.819999999999993,0.0,25,therefore is is it not far better to stop this trade at the point of growing rather than at the point of consumption or distribution
12-02-04-m-027,I,ST,14,108.05,8.469999999999999,0.0,25,if we do this we will save four four billion euros in policing costs alone and one and a half billion euros in custodial costs
12-02-04-m-027,I,ST,15,116.52,11.290000000000006,1.0,35,I propose to my right honourable friend that we manage this transition from poppy growing to fruit and raisin growing as we now do under the CAP for Greek tobacco which we buy and burn
12-02-04-m-027,I,ST,16,127.81,6.680000000000007,1.0,26,a similar exercise could be done for the poppy crop in Afghanistan and I'd like my right honourable friend to take this on board seriously
12-02-04-m-027,I,ST,17,134.49,0.5099999999999909,0.0,2,thank you
12-02-04-m-027,I,TT,0,0.0,4.166,0.0,3,gracias señor Presidente
12-02-04-m-027,I,TT,1,4.166,3.9000000000000004,0.0,11,quisiera felicitar al Señor Brie por un por un informe excelente
12-02-04-m-027,I,TT,2,8.066,3.8999999999999986,0.0,17,tuve el honor también de de formar parte de la delegación que se que estuvo en Afganistán
12-02-04-m-027,I,TT,3,11.966,4.610000000000001,0.0,17,sé que muchos me han felicitado por ser uno de los primeros por una serie de cosas
12-02-04-m-027,I,TT,4,16.576,12.73,0.0,22,pues me apunto otra porque me senté a tomar té con de con algunos de los mayores productores de droga del mundo
12-02-04-m-027,I,TT,5,29.306,9.669999999999998,0.0,11,hay algunos que conozco que van a desaparecer del horizonte político
12-02-04-m-027,I,TT,6,38.976,8.200000000000003,0.0,22,a lo mejor pueden hacer unas una contribución política si en lo que queda del tiempo pues recogiera alguno de los elementos
12-02-04-m-027,I,TT,7,47.176,9.18,0.0,12,cuanto a la producción de adormidera son setecientos millones de de euros
12-02-04-m-027,I,TT,8,56.356,12.96,0.0,19,y después esa cifra en doce coma cinco billones o mil de miles de millones en después en heroína
12-02-04-m-027,I,TT,9,69.316,16.620000000000005,0.0,31,se trata de cantidades enormes y hay muchísimas personas sufriendo de droga muchas muchos que son que están en la cárcel y esto cuesta a su a su vez muchísimo dinero
12-02-04-m-027,I,TT,10,85.936,9.789999999999992,-1.0,19,lo que necesitamos es una un enfoque distinto para Afganistán con políticas contra la droga más políticas de desarrollo
12-02-04-m-027,I,TT,11,95.726,7.859999999999999,0.0,20,a la gente de los de los pueblos tenemos que ofrecer la oportunidad de ganarse el pan de otra forma
12-02-04-m-027,I,TT,12,103.586,6.640000000000001,0.0,14,entonces no es mejor detener el cultivo que insistir en el en el consumo
12-02-04-m-027,I,TT,13,110.226,21.400000000000006,-1.0,47,en luchar contra el consumo pues nos ahorraríamos cuatro mil millones de euros en políticas y después otros otras cantidades sino también en en otros costes que existen y además se podría se podría pasar a a otro tipo de de cultivos por ejemplo el en frutas
12-02-04-m-027,I,TT,14,131.626,5.278124999999989,0.0,17,se puede hacer lo mismo como se hace en otros sitios y gracias por tomarnos en serio
12-02-04-m-031,I,ST,0,0.0,10.81,0.0,23,President I I'm extremely pleased to have this opportunity to express to Parliament why this communication is in my judgment so important
12-02-04-m-031,I,ST,1,10.81,18.89,1.0,39,I think we've designed a coherent strategy maximising the use of all our instruments to promote respect for democracy for the rule of law and for human rights in a region which poses formidable challenges in this respect
12-02-04-m-031,I,ST,2,29.7,11.690000000000001,0.0,18,the Communication proposes to use our essential elements clause much better through our political dialogue with partner countries
12-02-04-m-031,I,ST,3,41.39,4.640000000000001,0.0,8,it explains how further to involve civil society
12-02-04-m-031,I,ST,4,46.03,6.789999999999999,0.0,13,crucially it invites our Mediterranean partners to develop nationally-owned human rights strategies
12-02-04-m-031,I,ST,5,52.82,2.9099999999999966,0.0,5,this is a an innovation
12-02-04-m-031,I,ST,6,55.73,3.1300000000000026,0.0,6,it's not the only one
12-02-04-m-031,I,ST,7,58.86,6.1299999999999955,1.0,11,countries which progress well will be rewarded with additional MEDA funds
12-02-04-m-031,I,ST,8,64.99,13.760000000000005,1.0,29,this is in addition to the MEDA projects already underway to help reform the judiciary and promote good governance currently funded to the tune of a hundred million euro
12-02-04-m-031,I,ST,9,78.75,6.019999999999996,0.0,13,it's easy simply to dismiss the chance of success of these projects
12-02-04-m-031,I,ST,10,84.77,9.670000000000002,0.0,24,yet as we all know the primary responsibility for the promotion and protection of human rights and the rule of law rests with governments
12-02-04-m-031,I,ST,11,94.44,5.859999999999999,0.0,10,any strategy that ignores this fact is doomed to failure
12-02-04-m-031,I,ST,12,100.3,13.820000000000007,0.0,26,that's also why the Sana'a conference which I know the honourable lady attended was such a breakthrough and one on which we must build
12-02-04-m-031,I,ST,13,114.12,13.36,0.0,25,I'm pleased that the the Director-General of my own department Mr Landaburu was also able to attend that extremely important and significant conference
12-02-04-m-031,I,ST,14,127.48,6.760000000000005,1.0,13,no real progress will be achieved without a freely functioning vibrant civil society
12-02-04-m-031,I,ST,15,134.24,6.259999999999991,1.0,14,this is where the European Initiative for Democracy and Human Rights comes into play
12-02-04-m-031,I,ST,16,140.5,8.490000000000009,0.0,22,twenty-five million euro have been allocated to this region for the period two thousand and two to two thousand and four
12-02-04-m-031,I,ST,17,148.99,22.579999999999984,1.0,50,in addition a substantial proportion of the extra seventeen and a half million euro which this House voted to the European Initiative at the end of last year will be used to reinforce support to grassroots organisations working to defend human rights and democratisation in this part of the world
12-02-04-m-031,I,ST,18,171.57,7.680000000000007,0.0,13,the Communication has already produced encouraging results in Morocco and Jordan in particular
12-02-04-m-031,I,ST,19,179.25,3.0900000000000034,0.0,7,it was warmly welcomed by the Council
12-02-04-m-031,I,ST,20,182.34,5.469999999999999,0.0,10,key partners in civil society have also recognised its value
12-02-04-m-031,I,ST,21,187.81,16.47999999999999,1.0,40,the full support of the European Parliament will be crucial to the success of this which is I repeat a ground-breaking approach in one of the most difficult regions of the world with respect to human rights and democracy
12-02-04-m-031,I,ST,22,204.29,13.800000000000011,1.0,31,the Parliament's resolution also takes up aspects of the management of the European Initiative to Democracy and Human Rights and the Parliament's role in the shaping of the initiative
12-02-04-m-031,I,ST,23,218.09,7.109999999999985,0.0,20,in this context I'd like to recall that we've come a very long way since nineteen ninety-four
12-02-04-m-031,I,ST,24,225.2,8.370000000000005,0.0,21,that was the budget year in which for the first time nine separate budget lines were linked up under one heading
12-02-04-m-031,I,ST,25,233.57,18.120000000000005,0.0,38,five years later in nineteen ninety-nine implementation of these budget lines was put on a firm legal basis with two regulations one for developing countries and one for other countries Wider Europe MEDA Balkans and so on
12-02-04-m-031,I,ST,26,251.69,9.420000000000016,0.0,19,these basic facts define the objectives of the European Initiative shape its instruments and set up the administrative procedures
12-02-04-m-031,I,ST,27,261.11,5.4599999999999795,0.0,12,the European Parliament was fully involved in the making of these regulations
12-02-04-m-031,I,ST,28,266.57,10.170000000000016,1.0,24,I trust that the Parliament will support the extension of the Initiative beyond two thousand and four in line with its current legislative framework
12-02-04-m-031,I,ST,29,276.74,5.019999999999982,0.0,12,the Commission has always kept the Parliament fully informed of our thinking
12-02-04-m-031,I,ST,30,281.76,18.439999999999998,0.0,41,our communication of May two thousand and one on the European Union's role in promoting human rights and democratisation in Third countries which proposed a more strategic approach for the Initiative was welcomed and fully supported by the European Parliament
12-02-04-m-031,I,ST,31,300.2,16.689999999999998,0.0,38,in the same vein since two thousand and two the Commission has kept the Parliament informed about the multi-annual programming of the Initiative and its annual updates and sought appropriate discussion with the Parliament on our priorities
12-02-04-m-031,I,ST,32,316.89,16.569999999999993,0.0,37,I think Members of this House are of course fully aware of the procedural constraints under which the Commission operates operates constraints which are contained in the human rights regulations the financial regulation comitology and so on
12-02-04-m-031,I,ST,33,333.46,3.590000000000032,0.0,12,it's not in the Commission's power to change these rules
12-02-04-m-031,I,ST,34,337.05,15.699999999999989,0.0,39,but I'm fully committed and my services are ready to continue the fruitful dialogue we've had so far on all issues concerning human rights and democratisation including the strategy and objectives of our assistance to Third countries
12-02-04-m-031,I,ST,35,352.75,17.310000000000002,1.0,43,on this basis I'd call on the Parliament to give full support to a speedy extension of the regulations before this Parliament is dissolved in order to have a stable framework in place for the next Parliament and Commission to build upon
12-02-04-m-031,I,ST,36,370.06,5.569999999999993,0.0,8,perhaps I could just make two additional comments
12-02-04-m-031,I,ST,37,375.63,35.39999999999998,0.0,69,I think that the the work that we're doing in this field of democratisation and human rights in the wider Middle East is crucial crucial not only to the sustainable economic and political development of countries in that region but crucial as well to the relationship between Europe and the Islamic world particularly the those parts of the Islamic world which are closer to our own geographical borders
12-02-04-m-031,I,ST,38,411.03,6.560000000000002,0.0,16,this is an area that we have been working in in general terms for some time
12-02-04-m-031,I,ST,39,417.59,17.200000000000045,0.0,34,I read the statements by a very distinguished American public official the other day about what was required in order to develop a more stable and secure and plural region in the Middle East
12-02-04-m-031,I,ST,40,434.79,7.939999999999998,0.0,18,I read those comments with interest and wished I I'd been able to say immediately to him
12-02-04-m-031,I,ST,41,442.73,9.729999999999961,1.0,23,well those are very good ideas we call them the Barcelona Process and have been working on them since the middle nineteen nineties
12-02-04-m-031,I,ST,42,452.46,10.5,0.0,31,I do think we've got to realise to recognise that this is not simply a bright idea for a Monday morning to be forgotten by the end of the week
12-02-04-m-031,I,ST,43,462.96,2.5400000000000205,0.0,6,this is a long-term process
12-02-04-m-031,I,ST,44,465.5,7.2900000000000205,1.0,16,we have to commit ourselves to it I hope with more vigour and occasional tough-mindedness
12-02-04-m-031,I,ST,45,472.79,10.5,1.0,18,we have to recognise that there have to be linkages between financial support and behaviour on the ground
12-02-04-m-031,I,ST,46,483.29,9.0,0.0,23,we have to recognise as well that we're working with the grain of societies and with the grain of people's aspirations
12-02-04-m-031,I,ST,47,492.29,4.75,0.0,12,the second point that I want to make is quite simply this
12-02-04-m-031,I,ST,48,497.04,34.18000000000001,1.0,65,a number of honourable Members in this Chamber I think of the Chairman of the Foreign Affairs Committee I think of the honourable lady who was once speaking from this bench I think of my honourable friend who will I hope catch your eye later in the debate President a a number of honourable Members speak with very considerable authority in this on this subject
12-02-04-m-031,I,ST,49,531.22,18.120000000000005,1.0,43,they've played a key role in developing the European Union's policies on democracy and human rights and it stands to reason that we should listen very carefully to their views on the institutional arrangements that we need to put in place
12-02-04-m-031,I,ST,50,549.34,16.0,0.0,37,but we need to listen very carefully to what they have to say about how we can frankly sharpen up our performance and ensure that what we do is better focused and more effective throughout the region
12-02-04-m-031,I,ST,51,565.34,19.850000000000023,0.0,47,so I just want to underline that as far as I'm concerned speaking for the Commission we are open-minded about the ideas that Members of the Parliament will put to us and simply want to ensure that what we do is as effective as possible
12-02-04-m-031,I,ST,52,585.19,8.219999999999914,0.0,15,two reports two admirable reports by the UNDP have underlined the significance of this work
12-02-04-m-031,I,ST,53,593.41,15.230000000000018,1.0,42,and I for one want to ensure that we in Europe rise to the challenge of those reports and don't simply regard them as containing a few good ideas which can be brought out and dusted down from time to time
12-02-04-m-031,I,TT,0,0.0,13.126,0.0,27,señor Presidente es un gran placer para mí disponer de esta oportunidad para expresar ante el Parlamento Europeo porque esta comunicación reviste tanta importancia a mi juicio
12-02-04-m-031,I,TT,1,13.126,21.29,1.0,37,pienso que hemos diseñado una estrategia coherente que maximiza la utilización de todo nuestro instrumentario para promover la democracia el respeto de los de la ley y los derechos humanos en una región que encierra grandes desafíos
12-02-04-m-031,I,TT,2,34.416,13.990000000000002,0.0,22,la comunicación propone utilizar estas cláusulas en nuestro diálogo político con otros países socios como involucrar aún más a la sociedad civil
12-02-04-m-031,I,TT,3,48.406,8.54,0.0,16,también invita a nuestros socios mediterráneos para que desarrollen sus propias estrategias de derechos humanos nacionales
12-02-04-m-031,I,TT,4,56.946,0.9600000000000009,0.0,4,eso es una innovación
12-02-04-m-031,I,TT,5,57.906,1.1400000000000006,0.0,4,no es la única
12-02-04-m-031,I,TT,6,59.046,22.65,0.0,34,países que avancen por esta senda pues obtendrán más créditos más créditos MEDA y esto se sumará a los créditos presupuestados en MEDA para fomentar la justicia a razón de cien millones de euros
12-02-04-m-031,I,TT,7,81.696,16.010000000000005,1.0,40,lógicamente es muy fácil descartar la probabilidad de éxito de estos proyectos pero sabemos que la responsabilidad principal para la promoción y la protección de los derechos humanos del respeto del del imperio de la ley depende de los gobiernos
12-02-04-m-031,I,TT,8,97.706,20.459999999999994,0.3333333333333333,37,cualquier estrategia que haga caso omiso de esta realidad está abocada al fracaso y por eso la conferencia de Sanaa a la que participó su Señoría fue un gran éxito y un éxito que tenemos que arrancar
12-02-04-m-031,I,TT,9,118.166,12.25,0.0,31,y me alegra que el secretario que el director general de mi propio de mi propia cartera el señor Naval Landaburu estuvo también en esa conferencia e hizo una gran contribución
12-02-04-m-031,I,TT,10,130.416,14.670000000000016,1.0,33,lógicamente no vamos a avanzar si no podemos al mismo tiempo cultivar una sociedad civil viva activa y ahí entra la iniciativa de la Unión Europea por los derechos humanos y la democracia
12-02-04-m-031,I,TT,11,145.086,7.774999999999977,0.0,17,veinticinco millones previstos para esa región para el el período dos mil dos al dos mil cinco
12-02-04-m-031,I,TT,12,152.861,10.455000000000013,0.0,22,además una extensión de los diecisiete coma cinco millones de euros que esta Cámara aprobó a finales del año para esa iniciativa
12-02-04-m-031,I,TT,13,163.316,11.060000000000002,1.0,26,todo esto se utilizará para apoyar las iniciativas cívicas que luchan a favor de la democracia y de los derechos humanos en esa parte del mundo
12-02-04-m-031,I,TT,14,174.376,9.199999999999989,0.0,15,este comunicado ya ha surtido efectos muy alentadores en Jordania y en Marruecos sobre todo
12-02-04-m-031,I,TT,15,183.576,6.920000000000016,0.0,17,el Consejo también se alegró por esta iniciativa y por sus éxitos y también nuestros socios clave
12-02-04-m-031,I,TT,16,190.496,19.75,1.0,45,el apoyo y el respaldo total del Parlamento Europeo será elemental para mantener este éxito porque para nosotros es un enfoque sumamente innovador en una de las regiones más difíciles del mundo en lo que se refiere a la democratización y a los derechos humanos
12-02-04-m-031,I,TT,17,210.246,9.310000000000002,1.0,23,el comunicado también tiene en cuenta los aspectos de gestión de la iniciativa a favor de los derechos humanos y de la democracia
12-02-04-m-031,I,TT,18,219.556,17.75999999999999,0.0,38,y en este contexto me gustaría recordar que nosotros ya hemos avanzado muchísimo desde mil novecientos noventa y cuatro noventa y cuatro ejercicio en el que por primera vez se vincularon nueve líneas presupuestarias con un solo encabezamiento
12-02-04-m-031,I,TT,19,237.316,18.92999999999998,0.0,40,cinco años más tarde en el noventa y nueve la ejecución de estas líneas presupuestarias se asentó sobre una base jurídica con dos partes una para los países en desarrollo y otra para los vecinos de Europa y los Balcanes
12-02-04-m-031,I,TT,20,256.246,8.319999999999993,0.0,17,la Unión Europea por lo por lo tanto está afinando sus sus instrumentos y sus procedimientos burocráticos
12-02-04-m-031,I,TT,21,264.566,14.895000000000039,1.0,36,el Parlamento Europeo estuvo involucrado en la confección de este reglamento y espero que el Parlamento Europeo apoye la extensión de esta iniciativa más allá del año dos mil cuatro de acuerdo con el marco legislativo
12-02-04-m-031,I,TT,22,279.461,5.814999999999998,0.0,11,el Comisario siempre ha informado al Parlamento Europeo sobre nuestras reflexiones
12-02-04-m-031,I,TT,23,285.276,17.75,1.0,48,nuestra comunicación de mayo de dos mil uno sobre el papel de la Unión Europea en la promoción de los derechos humanos y la democratización en terceros países que proponía una estrategia más amplia un un enfoque más estratégico para esta iniciativa gozó del apoyo del Parlamento Europeo
12-02-04-m-031,I,TT,24,303.026,16.25999999999999,0.0,38,y de la misma manera desde mil novecientos dos el la Comisión ha informado el Parlamento Europeo sobre el programa multianual de esta iniciativa y su actualización anual y recabó la opinión del Parlamento Europeo sobre nuestras prioridades
12-02-04-m-031,I,TT,25,319.286,12.050000000000011,0.0,17,pienso que sus Señorías serán conscientes de los imperativos formales que limitan la acción de la Comisión
12-02-04-m-031,I,TT,26,331.336,10.089999999999975,0.0,18,el reglamento sobre derechos humanos el reglamento financiero comitología o sea la Comisión no puede modificar estos imperativos
12-02-04-m-031,I,TT,27,341.426,32.97000000000003,1.0,79,pero mis servicios y yo mismo quieren mantener en pie el diálogo fructífero sobre todo en los aspectos de los derechos humanos y la democratización sobre todo estrategias para colaborar con nuestros socios y por eso hago un llamamiento al Parlamento Europeo para que dé el visto bueno rápidamente a este reglamento antes de que se disuelva este Parlamento a fin de disponer de un marco estable con el que puedan trabajar el futuro Parlamento y la futura Comisión
12-02-04-m-031,I,TT,28,374.396,2.579999999999984,0.0,6,dos comentarios adicionales con su permiso
12-02-04-m-031,I,TT,29,376.976,35.35000000000002,0.0,74,a mí me parece que el trabajo que estamos acometiendo en este ámbito de democratización y respeto de los derechos humanos en el Oriente Próximo Próximo ampliado es clave pero no sólo para el desarrollo sostenible económico de esta región de los países en esta región sino también elemental también para las relaciones entre Europa y el mundo musulmán sobre todo aquellas partes del mundo musulmán que más cerca se sitúan a nuestras fronteras
12-02-04-m-031,I,TT,30,412.326,7.399999999999977,0.0,11,es una zona con la que estamos trabajando desde hace tiempo
12-02-04-m-031,I,TT,31,419.726,18.480000000000018,0.0,31,leí las declaraciones emitidas por un funcionario eminente americano sobre lo que se necesita a fin de poder desarrollar una región más segura más estable y más plural en Oriente Próximo
12-02-04-m-031,I,TT,32,438.206,8.299999999999955,0.0,12,yo tomé buena nota de sus comentarios y me hubiese gustado responderle
12-02-04-m-031,I,TT,33,446.506,2.0500000000000114,0.0,3,son ideas excelentes
12-02-04-m-031,I,TT,34,448.556,1.160000000000025,0.0,4,ya se nos ocurrieron
12-02-04-m-031,I,TT,35,449.716,7.399999999999977,0.0,16,las llamamos el proceso de Barcelona y las estamos aplicando desde mediados de los años noventa
12-02-04-m-031,I,TT,36,457.116,11.889999999999986,0.0,16,hay que reconocer que no es una idea excelente que uno se olvida al día siguiente
12-02-04-m-031,I,TT,37,469.006,2.0500000000000114,0.0,7,no es un proceso a largo plazo
12-02-04-m-031,I,TT,38,471.056,7.240000000000009,0.0,9,tenemos que seguirlo con ahínco con determinación con rigor
12-02-04-m-031,I,TT,39,478.296,10.850000000000023,1.0,20,hay que reconocer que hay una interconexión entre el apoyo financiero y lo que pasa sobre el terreno el comportamiento
12-02-04-m-031,I,TT,40,489.146,10.20999999999998,1.0,18,y lógicamente estamos tenemos que trabajar de acuerdo con las aspiraciones de la sociedad y de la gente
12-02-04-m-031,I,TT,41,499.356,4.930000000000007,0.0,5,no podemos ir a contrapelo
12-02-04-m-031,I,TT,42,504.286,50.95999999999998,0.0,79,el presidente de la Comisión de Asuntos Exteriores pero también la Señora que ya tiene experiencia en la Comisión y otro amigo que supongo que luego va a intervenir señor Presidente muchos son las voces peritas en en en este asunto y son voces que han impulsado las estrategias comunitarias en torno a la democratización y los derechos humanos y por eso tenemos que tomar muy buena nota sobre sus opiniones acerca de la articulación institucional de nuestras estrategias
12-02-04-m-031,I,TT,43,555.246,12.950000000000045,0.0,33,hay que prestar atención a lo que nos tienen que decir sobre como podemos afinar nuestra nuestras prestaciones para que lo que hagamos sea más eficaz y surta efecto en toda la región
12-02-04-m-031,I,TT,44,568.196,7.5499999999999545,0.0,16,lo único que quiero recalcar es que en nombre de la Comisión tenemos una actitud receptiva
12-02-04-m-031,I,TT,45,575.746,11.399999999999977,0.0,31,yo tengo una actitud receptiva frente a las ideas que nos vienen del Parlamento Europeo y lo único que quiero garantizar es que lo que hagamos sea lo más eficaz posible
12-02-04-m-031,I,TT,46,587.146,24.08000000000004,0.0,48,dos informes dos excelentes informes de la PNUD han destacado la importancia de este proceso y espero que nosotros estemos a la altura de estos informes y que no sólo los registremos como informes que contienen buenas ideas que se pueden sacar a relucir de vez en cuando
12-02-04-m-031,I,TT,47,611.226,0.4814689999999473,0.0,1,gracias
12-02-04-m-037,I,ST,0,0.0,1.67,0.0,3,thanks Mr President
12-02-04-m-037,I,ST,1,1.67,26.75,1.0,62,and I've taken the chair of Mr Dimitrakopoulos who's our Vice-President just to remind ourselves that democracy in the Mediterranean didn't begin with this debate and also to thank the Commissioner whose work as Governor of Hong Kong ensured the continuation of the democratic life of that territory which I hope will spark changes in the wider China
12-02-04-m-037,I,ST,2,28.42,7.670000000000002,1.0,18,it's my pleasure to be rapporteur on the Communication reinvigorating democracy and human rights in the Mediterranean
12-02-04-m-037,I,ST,3,36.09,4.719999999999999,1.0,11,and we welcome the Communication and its ten points for action
12-02-04-m-037,I,ST,4,40.81,3.769999999999996,0.0,12,we note that it was published in May two thousand and three
12-02-04-m-037,I,ST,5,44.58,10.060000000000002,0.0,28,since that time of course the MEDA process has taken on a new lease of life with the agreements in December to establish the Euro-Mediterranean Parliamentary Forum
12-02-04-m-037,I,ST,6,54.64,21.14,0.0,48,indeed in in December also the Council while failing to agree on the European Constitution did at least agree that the paper presented by the Commissioner and by the High Representative entitled Strengthening the EU's relations with the Arab world was going to be adopted in March
12-02-04-m-037,I,ST,7,75.78,3.019999999999996,1.0,4,and we welcome that
12-02-04-m-037,I,ST,8,78.8,11.590000000000003,1.0,35,but I am also rapporteur on the two financial two two regulations dealing with the continuation of the European Initiative for Democracy and Human Rights in two thousand and five and two thousand and six
12-02-04-m-037,I,ST,9,90.39,10.319999999999993,1.0,21,and while endorsing the Communication on Reinvigorating human rights and democracy in the Mediterranean we are also examining these two regulations
12-02-04-m-037,I,ST,10,100.71,33.030000000000015,1.0,77,and the Parliament will today vote on whether to have a say over the priorities and running of this programme the European democracy initiative because the resolution put forward by the Foreign Affairs Committee today points out that this fund which uniquely requires no host country consent should perhaps be more focused especially on what I describe as the arc of instability from Russia to Morocco where democracy is fragile or in the Arab world non-existent
12-02-04-m-037,I,ST,11,133.74,13.069999999999993,0.0,34,I believe that the references by the Commission to the UNDP report underline the importance attached to it by the Commission but unfortunately the Commission needs to put its money where its mouth is
12-02-04-m-037,I,ST,12,146.81,7.949999999999989,0.0,21,I think we need to examine very closely the way in which the European Union is funding programmes in this region
12-02-04-m-037,I,ST,13,154.76,5.350000000000023,1.0,19,for example he mentioned a figure of a hundred million for good governance in the in the MEDA region
12-02-04-m-037,I,ST,14,160.11,6.569999999999993,1.0,21,in fact in the wider Mediterranean my understanding is that some five hundred million a year is available for good governance
12-02-04-m-037,I,ST,15,166.68,6.719999999999999,1.0,18,but of this only seven million is currently budgeted through the European Initiative for Democracy and Human Rights
12-02-04-m-037,I,ST,16,173.4,18.25999999999999,0.0,55,and reference has been made in this Chamber this morning to elections which are to come for example in Algeria and to in in Algeria and Tunisia where very very little money is getting through to the NGOs and to the activists who are looking for free media and for the development of human rights
12-02-04-m-037,I,ST,17,191.66,7.77000000000001,1.0,18,unfortunately and I had some experience as the originator of this democracy programme it is now rather bureaucratic
12-02-04-m-037,I,ST,18,199.43,2.1399999999999864,0.0,5,it is now rather safe
12-02-04-m-037,I,ST,19,201.57,7.430000000000007,0.0,24,and I believe that the only way of dealing with this is to try and adapt it to the realities of the present situation
12-02-04-m-037,I,ST,20,209.0,6.189999999999998,0.0,16,an unstable world to our east and an unstable world to our south demands special actions
12-02-04-m-037,I,ST,21,215.19,22.22,1.0,67,and having had the experience of working in this field in the nineteen nineties with the a ex-Soviet Union through an external agency which had the agility and the freedom of manoeuvre which the Commission does not have and the deniability which the Council does not have but with the advantage of the involvement of the Parliament we have I believe a much more effective programme
12-02-04-m-037,I,ST,22,237.41,7.740000000000009,1.0,27,so I welcome the remarks made by the Commissioner in which he says he will be open-minded about further suggestions we might make as a Parliament
12-02-04-m-037,I,ST,23,245.15,14.309999999999974,0.0,42,and I do intend to bring these forward especially since I understand this morning that the Council has decided to withdraw the regulations as presented and to present them in a new format thereby delaying yet further the adoption of the regulations
12-02-04-m-037,I,ST,24,259.46,1.9800000000000182,0.0,7,so this debate will continue Mr President
12-02-04-m-037,I,TT,0,0.0,4.716,0.0,2,gracias Presidente
12-02-04-m-037,I,TT,1,4.716,25.959999999999997,1.0,64,yo le quité la presidencia al Señor Dimitrakopoulos que era el vicepresidente para recordar que la democracia en el Mediterráneo no se inició con este debate y también para dar las gracias al Comisario cuyo trabajo trabajo como gobernador de Hong Kong aseguró la continuación de la vida democrática en ese territorio que espero que sea un ejemplo para cambios en China en general
12-02-04-m-037,I,TT,2,30.676,5.830000000000002,1.0,22,tengo el placer de ser ponente sobre la comunicación de reintegrar la democracia y los derechos humanos en la zona del mediterráneo
12-02-04-m-037,I,TT,3,36.506,5.339999999999996,0.0,12,y nos alegra la comunicación de los diez puntos de acción también
12-02-04-m-037,I,TT,4,41.846,3.25,0.0,12,y tomamos nota que se publicó en mayo del dos mil tres
12-02-04-m-037,I,TT,5,45.096,11.430000000000007,0.0,22,y desde entonces el proceso MEDA ha iniciado una nueva vida con los acuerdos en diciembre para establecer el Foro parlamentario euromediterráneo
12-02-04-m-037,I,TT,6,56.526,22.93,1.0,56,en diciembre también el Consejo no se puso de acuerdo en cuanto a la Constitución europea pero al menos acordó que el documento preparado por el Comisario y por el Alto Representante que se llama Fortalecer las relaciones entre la Unión y el mundo árabe iba a ser aprobado en marzo y nos congratulamos por ello
12-02-04-m-037,I,TT,7,79.456,12.799999999999997,1.0,30,pero también soy ponente para los dos reglamentos que se refieren a la continuación de la iniciativa europea de democracia y derechos humanos del dos mil al dos mil seis
12-02-04-m-037,I,TT,8,92.256,9.959999999999994,1.0,24,y apoyando la comunicación sobre la reintegración de los derechos humanos y de la democracia en el Mediterráneo también examinamos estos dos arreglamentos reglamentos
12-02-04-m-037,I,TT,9,102.216,11.220000000000013,1.0,27,y el Parlamento hoy va a votar para ver si puede pronunciar sobre las prioridades y el funcionamiento de este programa la iniciativa para la democracia europea
12-02-04-m-037,I,TT,10,113.436,22.47,1.0,52,por la resolución presentada por la Comisión de Asuntos Exteriores hoy señala que ese fondo que exige que ningún país o huésped en en cuestión deba centrarse más en el arco de inestabilidad de va de Rusia a Marruecos donde la democracia es frágil o en el mundo árabe donde es inexistente
12-02-04-m-037,I,TT,11,135.906,8.460000000000008,0.0,23,y yo creo que la referencia del Comisario al informe de PNUD pone de relieve la importancia que da la Comisión a ello
12-02-04-m-037,I,TT,12,144.366,4.299999999999983,0.0,10,pero la Comisión también tiene que utilizar correctamente el dinero
12-02-04-m-037,I,TT,13,148.666,6.72999999999999,0.0,19,y hemos de examinar exactamente y muy de cerca de cómo la Unión Europea financia programas en esa región
12-02-04-m-037,I,TT,14,155.396,7.77000000000001,0.0,21,por ejemplo mencionó una cifra de cien millones para la buena governanza en la región MEDA en el Mediterráneo más amplio
12-02-04-m-037,I,TT,15,163.166,4.800000000000011,0.0,16,yo creo que hay quinientos millones al año que están a disposición para la buena governanza
12-02-04-m-037,I,TT,16,167.966,7.099999999999994,1.0,20,pero de ello tan sólo siete millones se prevén actualmente en la iniciativa europea para la democracia y derechos humanos
12-02-04-m-037,I,TT,17,175.066,17.55000000000001,1.0,53,y se ha hecho referencia en el Parlamento a las elecciones que se van a celebrar por ejemplo en Argelia y en Túnez en donde hay poquísimo dinero que está alcanzando a las ONGs y a los activistas que están queriendo la libertad de los medios y que quieren desarrollar los derechos humanos
12-02-04-m-037,I,TT,18,192.616,9.039999999999992,1.0,15,desgraciadamente y yo tengo experiencia como el autor del programa de democracia es bastante burocrático
12-02-04-m-037,I,TT,19,201.656,1.5900000000000034,0.0,3,es bastante seguro
12-02-04-m-037,I,TT,20,203.246,6.429999999999978,0.0,17,y la única forma de enfrentarse a ello es adaptarlo a las realidades en la situación actual
12-02-04-m-037,I,TT,21,209.676,37.06,1.0,106,un mundo inestable al este un mundo inestable al sur exigen acciones especiales y habiendo tenido experiencia de trabajar en el sector en los años noventa con la antigua Unión Soviética a través de una agencia externa que tenía la agilidad y la libertad de maniobra que la Comisión no tiene y y la capacidad que el Consejo que tiene de no denegar pero con la participación del Parlamento creo que hemos tenido un programa mucho más eficaz así que me acongratulo congratulo por los comentarios que ha hecho la Comisión porque dice que van a ser flexible frente a nuevas sugerencias que haga el Parlamento
12-02-04-m-037,I,TT,22,246.736,13.720000000000027,0.0,35,y tengo la intención de plantearlo porque tal como veo el Consejo ha decidido esta mañana retirar el reglamento presentado y de presentarlo con un nuevo formato retrasando aún más la aprobación de los reglamentos
12-02-04-m-037,I,TT,23,260.456,2.3572810000000004,0.0,8,así que este debate va continuar señor Presidente
12-02-04-m-044,I,ST,0,0.0,26.83,0.0,52,President President I don't want I President I don't want to delay the House unduly as it quietly prepares to go about its democratic duty but I was asked one or two questions which perhaps I could respond to in what I think has been an important and useful debate
12-02-04-m-044,I,ST,1,26.83,23.36,0.0,44,I was asked how our proposals have been received by our partners and I think the fairest diplomatic answer is that the ideas have been received rather cautiously in some countries but much more positively in others and Jordan and Morocco spring to mind
12-02-04-m-044,I,ST,2,50.19,12.130000000000003,0.0,29,but whatever the response the ideas that we've put forward are now a central part of the debate a a central part of the dialogue with these countries
12-02-04-m-044,I,ST,3,62.32,12.990000000000002,0.0,20,of course it's important to remember that what we are talking about is not negative conditionality but positive encouragement
12-02-04-m-044,I,ST,4,75.31,13.579999999999998,1.0,31,we're talking about setting aside part of our MEDA funds each year and allocating them to those countries which enter specific partnerships with us to develop democracy and human rights
12-02-04-m-044,I,ST,5,88.89,22.679999999999993,0.0,50,I think that is an important shift of emphasis and an important way of trying to use our development assistance and cooperation to promote political objectives which we all know are crucial not only to the stability and wellbeing of of societies but also to their long-term economic development
12-02-04-m-044,I,ST,6,111.57,12.0,0.0,28,I think in in pressing our views on issues like human rights in Tunisia to which to which the honourable lady rightly referred we have to be vigorous
12-02-04-m-044,I,ST,7,123.57,2.5700000000000074,0.0,6,please wait a moment Commissioner sorry
12-02-04-m-044,I,ST,8,126.14,2.989999999999995,0.0,9,we have to be vigorous we also have to
12-02-04-m-044,I,ST,9,129.13,2.0500000000000114,0.0,1,Señorías
12-02-04-m-044,I,ST,10,131.18,1.9199999999999875,0.0,3,avoid being counterproductive
12-02-04-m-044,I,ST,11,133.1,10.870000000000005,0.0,31,in another part of the world a a couple of weeks ago I was accused when pressing the case for the rule of law and civil liberty of being neo-colonial
12-02-04-m-044,I,ST,12,143.97,5.280000000000001,0.0,20,I had to point out that as far as I was concerned that was a that was a terrible insult
12-02-04-m-044,I,ST,13,149.25,9.289999999999992,0.0,22,I'd been the real thing I'd been a real colonial oppressor and not simply a a neo-colonial has-been
12-02-04-m-044,I,ST,14,158.54,5.920000000000016,0.0,16,so I I think we have to be careful about how we proceed with the debate
12-02-04-m-044,I,ST,15,164.46,11.219999999999999,0.0,32,I think it's also important to recognise that it's a long process and that we need as the as my honourable friend Madam Bonino said we need to be consistent
12-02-04-m-044,I,ST,16,175.68,4.439999999999998,0.0,15,we need to show what we need to show that we mean what we say
12-02-04-m-044,I,ST,17,180.12,13.72999999999999,0.0,40,we have to be mindful of our credibility and we have to make sure that this is a debate that we conduct on the basis of mutual esteem we conduct on the basis that we are on an equal footing
12-02-04-m-044,I,ST,18,193.85,11.629999999999995,1.0,24,I was also asked how our arguments and ideas tied in with those of the United States on democracy and the wider Middle East
12-02-04-m-044,I,ST,19,205.48,6.700000000000017,0.0,23,well I think it's fair to say that this is a a subject about with which we have a decade of experience
12-02-04-m-044,I,ST,20,212.18,3.1599999999999966,1.0,5,we welcome United States interest
12-02-04-m-044,I,ST,21,215.34,8.22999999999999,0.0,21,I'm sure that there will be a lot of discussions as there were last weekend at the Munich security conference
12-02-04-m-044,I,ST,22,223.57,5.800000000000011,1.0,13,I hope that we don't lose the distinctiveness of our own approach
12-02-04-m-044,I,ST,23,229.37,5.490000000000009,1.0,19,I hope that we don't lose sight of the fact that this is a a long-term process
12-02-04-m-044,I,ST,24,234.86,32.15999999999997,1.0,76,and I hope that as the honourable gentleman said late in the debate I hope that we don't lose sight of the relevance of the Middle East dispute of the relationship between Israel and Palestine to the discussion about democracy in the wider region because at the moment undoubtedly some in the Arab world doubt our credentials and our goodwill because they don't think we're doing enough to resolve the problems of Palestine
12-02-04-m-044,I,ST,25,267.02,12.0,0.0,25,and lastly I'd like to repeat again to my honourable friend Mr McMillan-Scott that we go into these debates with an open mind
12-02-04-m-044,I,ST,26,279.02,4.800000000000011,0.0,10,we recognise the experience and the wisdom of the Parliament
12-02-04-m-044,I,ST,27,283.82,20.100000000000023,0.0,45,and we're sure that together Parliament Commission and Council will be able to frame a policy which will not only continue to command the attention of the whole House but will actually lead to the sort of beneficial consequences that we wish to see
12-02-04-m-044,I,TT,0,0.0,10.376,0.0,4,señor Presidente señor Presidente
12-02-04-m-044,I,TT,1,10.376,19.83,0.0,33,no quisiera retrasar aquí a este Parlamento que tranquilamente se prepara para desempeñar su trabajo democrático de la votación pero sí querría decir que ha sido este un debate importante e y útil
12-02-04-m-044,I,TT,2,30.206,18.540000000000003,0.0,36,se me ha preguntado cómo han interpretado nuestros socios las propuestas que hemos hecho y la respuesta más diplomática y justa sería la de decir que con prudencia en algunos países pero positivamente en otros países
12-02-04-m-044,I,TT,3,48.746,2.6199999999999974,0.0,6,se me ocurre Jordania y Marruecos
12-02-04-m-044,I,TT,4,51.366,14.480000000000004,0.0,21,independientemente de las respuestas que demos las ideas que hemos propuesto son el núcleo del debate del diálogo con estos países
12-02-04-m-044,I,TT,5,65.846,13.14,0.0,17,es importante recordar que no estamos hablando aquí de una condicionalidad negativa sino de un incentivo positivo
12-02-04-m-044,I,TT,6,78.986,14.170000000000002,1.0,28,estamos dispuestos a asignar una parte de los fondos MEDA cada año a aquellos países que tienen una cooperación específica con nosotros para fomentar derechos humanos y democracia
12-02-04-m-044,I,TT,7,93.156,20.919999999999987,0.0,47,esto creo que es un cambio de enfoque de importante y una manera importante y nueve nueva en la manera de gestionar estas políticas que son cruciales no sólo para la estabilidad y el bienestar de las sociedades sino también para su desarrollo económico a largo plazo
12-02-04-m-044,I,TT,8,114.076,16.200000000000017,0.0,14,al centrarnos en temas como derechos humanos en Túnez tenemos que actuar con contundencia
12-02-04-m-044,I,TT,9,130.276,6.3799999999999955,0.0,7,y tenemos que evitar que seamos contraproducentes
12-02-04-m-044,I,TT,10,136.656,11.969999999999999,1.0,29,hace unas semanas en una parte del mundo cuando yo insistía en el respeto del estado de derecho y de la sociedad civil se me tildó de neocolonialalista neocolonialista
12-02-04-m-044,I,TT,11,148.626,7.990000000000009,0.0,10,dije que personalmente yo lo he visto como un insulto
12-02-04-m-044,I,TT,12,156.616,1.4199999999999875,0.0,4,yo de neo nada
12-02-04-m-044,I,TT,13,158.036,4.849999999999994,0.0,6,yo he sido colonialista de verdad
12-02-04-m-044,I,TT,14,162.886,4.650000000000006,1.0,8,bueno tenemos que enfocar el debate con prudencia
12-02-04-m-044,I,TT,15,167.536,32.74000000000001,0.0,52,saber que es un proceso a largo plazo y como decía mi estimada amiga la Señora Bonino tenemos que ser coherentes demostrar que decimos lo que pensamos y que pensamos lo que decimos defendiendo nuestra credibilidad y sabiendo que el debate sólo puede hacerse con respeto mutuo y en pie de igualdad
12-02-04-m-044,I,TT,16,200.276,8.569999999999993,1.0,22,también tenemos que ver cómo articulamos nuestras ideas y argumentos con los de Estados Unidos cuando hablan de democracia en el Mediterráneo
12-02-04-m-044,I,TT,17,208.846,5.8799999999999955,0.0,12,es un tema con el que tenemos ya dos lustros de experiencia
12-02-04-m-044,I,TT,18,214.726,3.0900000000000034,0.0,6,conocemos los intereses de Estados Unidos
12-02-04-m-044,I,TT,19,217.816,11.569999999999993,0.0,24,estoy seguro de que va a haber mucho debate tal como el que hubo la semana pasada en la conferencia de seguridad de Munich
12-02-04-m-044,I,TT,20,229.386,5.800000000000011,0.0,13,ahora bien no quisiera perdir perder perder la idiosincrasia de nuestro propio enfoque
12-02-04-m-044,I,TT,21,235.186,25.849999999999994,1.0,51,sabemos que es un proceso a largo plazo y como decía el estimado diputado al final del debate espero que no nos olvidemos tampoco de la relevancia que tiene la disputa entre Israel y Palestina en la zona para el debate general sobre la democracia la región porque qué duda cabe
12-02-04-m-044,I,TT,22,261.036,9.779999999999973,0.0,24,algunos en el mundo árabe dudan de nuestras buenas intenciones porque piensan que no hemos hecho lo suficiente para resolver los problemas de Palestina
12-02-04-m-044,I,TT,23,270.816,13.220000000000027,0.0,19,y finalmente le diría al Señor McMillan-Scott que entramos en el diálogo con un espíritu abierto sin prejuicios
12-02-04-m-044,I,TT,24,284.036,5.980000000000018,0.0,8,conocemos y confiamos en la sabiduría del Parlamento
12-02-04-m-044,I,TT,25,290.016,15.989999999999952,0.0,35,conjuntamente con el Parlamento y el Consejo vamos a poder fraguar una política que no sólo merezca el aprecio y la atención de esta Cámara sino que también lleve a consecuencias positivas que todos deseamos
12-02-04-m-044,I,TT,26,306.006,0.4543440000000487,0.0,1,gracias
12-02-04-p-127,I,ST,0,0.0,1.29,0.0,1,President
12-02-04-p-127,I,ST,1,1.29,2.3,1.0,9,Iran is a great country with a glorious past
12-02-04-p-127,I,ST,2,3.59,7.620000000000001,1.0,22,I also believe it to be one of the most sophisticated Middle Eastern societies with an inherent tendency to progress and modernity
12-02-04-p-127,I,ST,3,11.21,10.48,0.0,27,its fundamentalist Islamic revolution will it with the passage of time be seen as a blip in the curve of its traditionally long historic record of advancement
12-02-04-p-127,I,ST,4,21.69,14.55,0.0,40,it is precisely for this reason that at this critical juncture of power struggle which is going on the EU must retain open supportive dialogue with both the government and the reformists and the modernisers in particular within the government
12-02-04-p-127,I,ST,5,36.24,6.049999999999997,1.0,17,we've already seen the welcome suspension of the barbaric medieval punishment of female lapidation for adultery
12-02-04-p-127,I,ST,6,42.29,13.020000000000003,0.0,36,and Iran has now agreed to sign the NPT Additional Safeguard to put a stop to its covert nuclear weapons programme now fully out in the open after the confessions of Abdul Qadeer Khan in Pakistan
12-02-04-p-127,I,ST,7,55.31,9.200000000000003,1.0,24,ultimately democracy too will prevail and the mullahs of the Council of the Guardians will hopefully return to their intended spiritual and pastoral role
12-02-04-p-127,I,ST,8,64.51,0.5300000000000011,0.0,2,thank you
12-02-04-p-127,I,TT,0,0.0,10.036,1.0,31,Irán es un país señor Presidente con un país con un pasado glorioso y además es una de las sociedades más sofisticadas con una tendencia hacia el progreso y la modernidad
12-02-04-p-127,I,TT,1,10.036,10.13,1.0,19,su revolución islámica fundamentalista con el tiempo será visto como un defecto en ese en ese historial de progreso
12-02-04-p-127,I,TT,2,20.166,15.569999999999997,0.0,34,precisamente por esto en este momento crítico de lucha política es cuando la UE debe apoyar el diálogo con el gobierno y con los con la oposición sobre todo los modernistas dentro del gobierno
12-02-04-p-127,I,TT,3,35.736,16.39,0.0,26,nos alegra que se haya que se haya suspendido esa lapidación para adulterio y Irán ha decidido poner fin al al desarrollo de su programa nuclear
12-02-04-p-127,I,TT,4,52.126,11.494500000000002,1.0,24,además la democracia acabará por prevalecer y los Mullás y el Consejo de los Guardianes volverán al al papel que tenían en el pasado
12-02-04-p-131,I,ST,0,0.0,18.03,0.0,35,I think the whole Parliament would agree or at least most Members of the Parliament that that it's crucial to try to develop a long-term constructive relationship between the European Union and Iran
12-02-04-p-131,I,ST,1,18.03,2.1799999999999997,0.0,1,why
12-02-04-p-131,I,ST,2,20.21,7.079999999999998,0.0,16,I follow first of all the point that was made by my honourable friend Mr Tannock
12-02-04-p-131,I,ST,3,27.29,20.17,1.0,40,Iran is a great pre-Islamic civilisation a pre-Islamic civilisation in which we in the West have occasionally meddled as was said earlier in the debate in ways which weren't always to put it mildly very well judged
12-02-04-p-131,I,ST,4,47.46,6.049999999999997,0.0,8,secondly Iran is an enormously important regional player
12-02-04-p-131,I,ST,5,53.51,5.410000000000004,0.0,14,you just have to look at its neighbourhood to see how important it is
12-02-04-p-131,I,ST,6,58.92,12.129999999999995,0.0,31,and you just have to look at its neighbourhood to recognise that we can't have a credible policy for the wider Middle East that doesn't embrace and include Iran
12-02-04-p-131,I,ST,7,71.05,4.759977000000006,0.0,9,and thirdly and I feel this very strongly myself
12-02-04-p-131,I,ST,8,75.809977,10.500022999999999,1.0,14,we see in Iran in my judgment the first stirrings of genuine Islamic democracy
12-02-04-p-131,I,ST,9,86.31,5.280000000000001,-1.0,10,indeed for the hard-line conservatives that's the problem
12-02-04-p-131,I,ST,10,91.59,10.159999999999997,1.0,16,I happen to think myself that demography is strongly on the side of democracy in Iran
12-02-04-p-131,I,ST,11,101.75,21.5,1.0,50,but the theologians who are seeking to block progress aren't the first theologians we've seen even in our own European experience who haven't been wholly in favour of democracy and the advancement of civil liberties but I want to come back to that again in a moment
12-02-04-p-131,I,ST,12,123.25,13.669999999999987,0.0,24,because of the significance of Iran I've favoured the European Union has has favoured engagement constructive engagement tough-minded engagement with the country
12-02-04-p-131,I,ST,13,136.92,2.6500000000000057,0.0,7,that's taken a number of forms
12-02-04-p-131,I,ST,14,139.57,2.6100000000000136,0.0,8,we've tried to develop a political dialogue
12-02-04-p-131,I,ST,15,142.18,17.129999999999995,0.0,26,that dialogue has focused most recently on our understandable concerns about whether Iran's nuclear ambitions for energy have turned into nuclear ambitions for military purposes
12-02-04-p-131,I,ST,16,159.31,7.139999999999986,0.0,11,we were concerned by the IAEA reports last summer and autumn
12-02-04-p-131,I,ST,17,166.45,7.610000000000014,1.0,22,we're pleased at the progress that's been made following the visit of the three European Union foreign ministers to Tehran
12-02-04-p-131,I,ST,18,174.06,17.710000000000008,0.0,38,but we will now be watching for Doctor El Baradei's next report for discussions in Vienna and for a clear commitment by Iran to meet the undertakings that it gave in Tehran when European foreign ministers visited
12-02-04-p-131,I,ST,19,191.77,12.219999999999999,1.0,26,we also hope that we can develop a dialogue about terrorism as well as weapons of mass destruction about the peace process on the Middle East
12-02-04-p-131,I,ST,20,203.99,12.0,0.0,19,we have established a dialogue on human rights which is an extremely important aspect of our relationship with Iran
12-02-04-p-131,I,ST,21,215.99,7.1200000000000045,1.0,17,it's fair to say we've seen progress in some areas allowing thematic rapporteurs into Iran
12-02-04-p-131,I,ST,22,223.11,10.399999999999977,0.0,20,some of the frankly barbaric punishments which have been carried out appear to have been stopped for the time being
12-02-04-p-131,I,ST,23,233.51,4.3799999999999955,0.0,16,somebody said that during the debate we should talk to the judges and talk to others
12-02-04-p-131,I,ST,24,237.89,1.75,0.0,2,I have
12-02-04-p-131,I,ST,25,239.64,10.160000000000025,0.0,23,I felt talking to some that I'd been transferred back several centuries in order to take part in the in the discussion
12-02-04-p-131,I,ST,26,249.8,6.420000000000016,0.0,16,but it's important that we have these discussions and have them on a frank basis
12-02-04-p-131,I,ST,27,256.22,13.139999999999986,0.0,26,but we say to those that we talk to in Iran a human rights dialogue isn't simply an alternative to doing something about human rights
12-02-04-p-131,I,ST,28,269.36,5.659999999999968,1.0,14,so we do want to see our dialogue leading to progress in that area
12-02-04-p-131,I,ST,29,275.02,9.79000000000002,0.0,20,and we've also and we've also talked to the Iranian Government about trade and investment and economic issues
12-02-04-p-131,I,ST,30,284.81,13.620000000000005,0.0,22,we've had a number of rounds of negotiations towards a trade and cooperation agreement a fairly basic most favoured nation agreement
12-02-04-p-131,I,ST,31,298.43,3.75,0.0,9,we haven't had any discussions for a while
12-02-04-p-131,I,ST,32,302.18,25.29000000000002,0.0,65,those discussions that sort of agreement is I think important to Iran not least because of the number of young people coming on to the job market every year and the requirement on the part of the Iranians to attract more foreign investment in order to create the jobs and the economic development which is needed in order to to deal with that demographic pressure
12-02-04-p-131,I,ST,33,327.47,9.779999999999973,0.0,21,the Iranians know perfectly well that all those issues political nuclear trade human rights that all those issues are umbilically linked
12-02-04-p-131,I,ST,34,337.25,8.420000000000016,0.0,22,and we can't simply ignore problems in one area and think that we can move forward rapidly in all the others
12-02-04-p-131,I,ST,35,345.67,16.939999999999998,0.0,40,I repeat that I'm in favour of engagement but engagement shouldn't be regarded as a sort of cop-out for acting responsibly in these areas which matter so much to the Parliament and to the Union and beyond
12-02-04-p-131,I,ST,36,362.61,6.669999999999959,1.0,15,it's in that context that I just want to say say this about democracy
12-02-04-p-131,I,ST,37,369.28,7.5,0.0,18,we've obviously been pleased that the democrats that the moderates have done so well in recent years
12-02-04-p-131,I,ST,38,376.78,16.670000000000016,1.0,40,a little disappointed that despite that they haven't been able to make more progress in government partly of course because so much of what they wanted to do has been blocked by the conservative clerics by the Guardian Council
12-02-04-p-131,I,ST,39,393.45,16.430000000000007,0.0,40,I think that has led to some disillusionment on the part of the public which led in turn to a low turnout in the elections and a less satisfactory result for for the democrats than they might otherwise have achieved
12-02-04-p-131,I,ST,40,409.88,11.189999999999998,0.0,27,I've got no doubt at all that what we're seeing at the moment is an attempt by the conservative clerics to distort the electoral process
12-02-04-p-131,I,ST,41,421.07,2.230000000000018,0.0,8,and why are they trying to do that
12-02-04-p-131,I,ST,42,423.3,5.519999999999982,0.0,18,they're not trying to distort the electoral process because they think they're going to do well
12-02-04-p-131,I,ST,43,428.82,9.04000000000002,0.0,26,they're trying to distort the electoral process because they think that unless they do so the moderates the reformers the genuine democrats will do well
12-02-04-p-131,I,ST,44,437.86,8.550000000000011,0.0,19,and it's an attempt to thwart that democratic impulse in Iran that we are seeing at the moment
12-02-04-p-131,I,ST,45,446.41,9.42999999999995,1.0,22,I I have to say and I hope this doesn't sound too much like the leader of a Boy Scout troop
12-02-04-p-131,I,ST,46,455.84,6.3700000000000045,0.0,13,I don't think you can halt the democratic process in Iran indefinitely
12-02-04-p-131,I,ST,47,462.21,3.4500000000000455,0.0,12,I think it's like trying to stop the tide coming in
12-02-04-p-131,I,ST,48,465.66,14.46999999999997,1.0,28,so I hope that the conservatives will realise that will realise that Iran is best served by allowing people greater participation in the government of their own country
12-02-04-p-131,I,ST,49,480.13,18.269999999999982,1.0,40,I think that if we see genuine democracy rather than the Potemkin variety of of democracy that will be one of the best ways of underpinning a relationship between Europe and Iran which all of us should wish to see
12-02-04-p-131,I,ST,50,498.4,1.9399999999999977,0.0,2,I repeat
12-02-04-p-131,I,ST,51,500.34,6.890000000000043,0.0,20,if we're serious about a creative and constructive policy for the wider Middle East it has to involve Iran
12-02-04-p-131,I,ST,52,507.23,4.729999999999961,1.0,13,it's no good it's no good condemning Iran out of hand
12-02-04-p-131,I,ST,53,511.96,8.380000000000052,1.0,16,it's no good regarding Iran as being led by Manichean forces of wickedness and darkness
12-02-04-p-131,I,ST,54,520.34,9.049999999999955,0.0,25,we actually have to be constructive we have to encourage the genuine democrats who many of us have met and been impressed by their bravery
12-02-04-p-131,I,ST,55,529.39,15.169977000000017,1.0,38,I hope that in the course of the next months and years we'll see Iran making the difficult transition to a an Islamic democracy which can play a constructive leadership role in the affairs of its region
12-02-04-p-131,I,TT,0,0.0,20.376,1.0,39,creo que todo el Parlamento o por lo menos la mayoría de los parlamentarios estarían de acuerdo de que es crucial en estos momentos tratar de desarrollar una relación constructiva a largo plazo entre la Unión Europea y Irán
12-02-04-p-131,I,TT,1,20.376,7.77,0.0,11,y empiezo con lo que dijo su Señoría el Señor Tannock
12-02-04-p-131,I,TT,2,28.146,1.2199999999999989,0.0,2,por qué
12-02-04-p-131,I,TT,3,29.366,22.025,0.0,41,pues porque Irán es una una una de las grandes civilizaciones preislámicas una civilización en la que nosotros precisamente en occidente pues no no nos vimos reflejados y a veces las cosas no fueron no evolucionaron como se como se predijo
12-02-04-p-131,I,TT,4,51.391,20.994999999999997,0.0,50,en segundo lugar Irán es un socio importante a nivel internacional digamos y ver nada más observar la la región para ver lo importante que es y mirar los alrededores para reconocer que no tenemos que no podemos tener una política creíble para esa zona que no incluya a Irán
12-02-04-p-131,I,TT,5,72.386,4.6000000000000085,0.0,12,y en tercer lugar y desde luego yo esto lo creo firmemente
12-02-04-p-131,I,TT,6,76.986,16.39,0.0,22,según yo creo en Irán estamos asistiendo a los primeros al al al nacimiento de la primera la primera joven república islámica
12-02-04-p-131,I,TT,7,93.376,2.6199999999999903,-1.0,10,yo creo que para los conservadores éste es el problema
12-02-04-p-131,I,TT,8,95.996,7.450000000000003,1.0,19,la demografía la la perdón la demografía está del lado de la democracia según yo creo en en Islam
12-02-04-p-131,I,TT,9,103.446,17.129999999999995,1.0,43,pero los teólogos que están intentando bloquear el progreso no son los primeros teólogos que hemos visto ni siquiera en la en la en la historia ni siquiera en la historia europea han estado siempre a favor de la libertad y el avance
12-02-04-p-131,I,TT,10,120.576,4.230000000000004,1.0,9,pero bueno ya volveré sobre ello en un momento
12-02-04-p-131,I,TT,11,124.806,17.720000000000013,0.0,30,por esa gran significación de Irank Irán la Unión Europea se ha declarado a favor de un compromiso firme con el país reflejado que se ha reflejado de distintas formas
12-02-04-p-131,I,TT,12,142.526,19.389999999999986,0.0,49,hemos intentado insistir en en el diálogo político que se ha cosa que se ha centrado últimamente en nuestras preocupaciones perfectamente justas de sobre si las ambiciones nucleares de de Irán que en relación con las ambiciones energéticas iban iban a terminar después en ambiciones nucleares con fines militares
12-02-04-p-131,I,TT,13,161.916,7.840000000000003,0.0,18,nos preocupaba las los informes del verano y el otoño pasados de la Agencia Internacional de Energía Atómica
12-02-04-p-131,I,TT,14,169.756,5.409999999999997,1.0,18,nos alegramos del progreso hecho a raíz de la visita de los Ministros de Asuntos Exteriores a Teherán
12-02-04-p-131,I,TT,15,175.166,18.810000000000002,0.0,54,pero vamos a estar atentos al próximo informe del Señor El Baradei que se someterá a debate en Viena y estaremos atentos a a ese compromiso claro por parte de Irán para que haga honor a a lo que se comprometió en esa durante esa visita de los Ministros de Asuntos Exteriores en Teherán
12-02-04-p-131,I,TT,16,193.976,11.610000000000014,1.0,23,también esperamos poder desarrollar ese diálogo sobre el terrorismo armas de destrucción masiva sobre el proceso de paz en el en Oriente Próximo
12-02-04-p-131,I,TT,17,205.586,13.75,0.0,27,además hemos establecido hemos creado un diálogo sobre el tema de los derechos humanos que es un aspecto enormemente relevante en esta relación nuestra con con Irán
12-02-04-p-131,I,TT,18,219.336,7.429999999999978,1.0,18,es justo decir que sí que hemos hemos visto progreso en algunas áreas como han dicho los ponentes
12-02-04-p-131,I,TT,19,226.766,11.0,0.0,24,algunos de los castigos bárbaros y salvajes que que se habían estado haciendo hasta ahora pues se han han han han se han detenido
12-02-04-p-131,I,TT,20,237.766,4.0800000000000125,0.0,15,algunos dicen que tenemos que hablar con los con los con los con los jueces
12-02-04-p-131,I,TT,21,241.846,2.1899999999999977,0.0,4,pues lo hemos hecho
12-02-04-p-131,I,TT,22,244.036,15.680000000000007,0.0,38,yo cuando intenté hablar con algunos la verdad es que me sentí como un retrasado en la historia para para hablar con ellos vamos pero en cualquier caso es importante debatir con ellos para para hacerlo con franqueza
12-02-04-p-131,I,TT,23,259.716,15.920000000000016,0.0,35,pero a los que con los que hablé yo les dije el el el tema de los derechos humanos no es tratar únicamente de hacer algo o sea no se trata de hacer algo únicamente
12-02-04-p-131,I,TT,24,275.636,4.509999999999991,1.0,10,se trata de conseguir progreso en ese en este ámbito
12-02-04-p-131,I,TT,25,280.146,6.639999999999986,0.0,17,y también hemos hablado sobre comercio inversión al Gobierno iraní sobre la los temas de carácter económico
12-02-04-p-131,I,TT,26,286.786,15.95999999999998,1.0,27,hemos asistido a una serie de de rondas de negociaciones que apuntaban hacia un acuerdo de cooperación y comercio para un acuerdo de nación con trato preferencial
12-02-04-p-131,I,TT,27,302.746,26.660000000000025,1.0,62,yo creo que este tipo de acuerdo sería importante para Irán y desde luego precisamente por el gran número de gente que entra a formar parte del mercado laboral y por el deseo de los iraníes de atraer a la inversión extranjera para crear empleo y para lograr ese desarrollo económico necesario a su vez para hacer frente a esa presión demográfica
12-02-04-p-131,I,TT,28,329.406,18.19999999999999,0.0,46,los iraníes saben perfectamente bien que todos estos temas el tema nuclear el comercio los derechos humanos los temas políticos todo esto está estrechamente vinculado y no podemos ignorar unos los problemas en un en un ámbito y pensar que podemos progresar rápidamente en el resto
12-02-04-p-131,I,TT,29,347.606,25.180000000000007,1.0,53,yo repito que estoy a favor del compromiso pero el compromiso no debe ser considerado como una especie de de carta de de garantía para actuar en en las en esos ámbitos que importan a la a la Unión Europea y en este contexto quería decir lo siguiente en relación con la democracia
12-02-04-p-131,I,TT,30,372.786,7.730000000000018,0.0,18,nos alegra que los demócratas que los que los moderados pues hayan progresado tanto en estos últimos años
12-02-04-p-131,I,TT,31,380.516,31.91999999999996,1.0,66,pero no nos agrada tanto que a pesar de ese progreso pues no hayan podido progresar tanto en el Gobierno en parte porque lo que querían hacer lo han lo ha bloqueado el Consejo de los Guardianes y yo creo que esto ha llevado a a cierta desilusión por parte en en la opinión publica que a su vez condujo a una a poca presencia electoral
12-02-04-p-131,I,TT,32,412.436,11.29000000000002,0.0,30,no dudo que lo que estamos viendo en estos momentos es un intento por parte de los clérigos conservadores para alterar ese proceso electoral y por qué lo están haciendo
12-02-04-p-131,I,TT,33,423.726,7.110000000000014,0.0,14,pues por desde luego no no porque creen que van a salir bien parados
12-02-04-p-131,I,TT,34,430.836,11.419999999999959,0.0,28,están intentando distorsionarlo porque porque piensan que a menos que lo hagan así los los auténticos demócratas los moderadores reformistas van a van a salir precisamente bien parados
12-02-04-p-131,I,TT,35,442.256,6.07000000000005,-1.0,12,y lo que estamos viendo es un atentado contra ese impulso democrático
12-02-04-p-131,I,TT,36,448.326,2.1399999999999864,0.0,8,eso es lo que estamos viendo en Irán
12-02-04-p-131,I,TT,37,450.466,8.71999999999997,0.0,26,y espero que lo que voy a decir no parezca que como que fuera uno de estos líderes de de un grupo de boy boy-scouts
12-02-04-p-131,I,TT,38,459.186,9.850000000000023,0.0,20,yo no creo que se pueda detener el impulso democrático en Irán para siempre aunque se intente detener la marea
12-02-04-p-131,I,TT,39,469.036,4.725000000000023,0.0,13,yo espero que lo que los conservadores se se den cuenta de esto
12-02-04-p-131,I,TT,40,473.761,9.174999999999955,0.0,28,esperemos que se den cuenta que Irán se hará una favor permitiendo una mayor participación a la gente en el en el propio Gobierno en su propio Gobierno
12-02-04-p-131,I,TT,41,482.936,16.879999999999995,1.0,43,y yo creo que si vemos la la una democracia auténtica en lugar de esa democracia de Potemkin pues será una de las mejores formas de de reforzar esas relaciones entre Europa e Irán que es algo que que nos agradaría a todos
12-02-04-p-131,I,TT,42,499.816,3.0500000000000114,0.0,2,e insisto
12-02-04-p-131,I,TT,43,502.866,8.78000000000003,0.0,27,si estamos hablando en serio a la hora de decir que que crear una política a para Oriente Próximo pues tiene que esto tiene que incluir Irán
12-02-04-p-131,I,TT,44,511.646,10.96999999999997,0.0,19,no puede ser condenar a Irán considerar a Irán como si estuviera dirigido por las fuerzas de la oscuridad
12-02-04-p-131,I,TT,45,522.616,2.3899999999999864,0.0,4,tenemos que ser constructivos
12-02-04-p-131,I,TT,46,525.006,21.697656000000052,1.0,61,tenemos que empujar a esos jóvenes democráticos con los que muchos nos hemos encontrado y nos ha impresionado su valor y yo creo que en los próximos meses en los próximos años vamos vamos a ver cómo Irán va a a llevar a cabo esa esa transición hacia una democracia que le lleve a desempeñar un papel importantísimo en la región
12-02-04-p-137,I,ST,0,0.0,0.62,0.0,1,President
12-02-04-p-137,I,ST,1,0.62,2.92,0.0,8,political murder's a heinous crime in darkness
12-02-04-p-137,I,ST,2,3.54,2.3149889999999997,0.0,7,it's even more chilling in daylight
12-02-04-p-137,I,ST,3,5.854989,9.905011,0.0,31,Mr Chea Vichea trade unionist and member of the Cambodian opposition was shot and killed on January twenty-second beside the road in Phnom Penh in the middle of the day
12-02-04-p-137,I,ST,4,15.76,6.3100000000000005,0.0,14,indeed so brazen was his killer that passers-by mistook the bullets for firecrackers
12-02-04-p-137,I,ST,5,22.07,9.169999999999998,-1.0,30,Chea Vichea is the fifth member of the opposition Alliance of Democrats to have been murdered in two thousand and four and the latest victim of a year of violence
12-02-04-p-137,I,ST,6,31.24,5.370000000000001,0.0,13,his funeral brought into the streets a crowd estimated at thirty thousand strong
12-02-04-p-137,I,ST,7,36.61,11.350000000000001,1.0,29,I know why having met Chea Vichea last summer and been deeply impressed by his commitment to democracy and good government and improving the lives of his fellow citizens
12-02-04-p-137,I,ST,8,47.96,3.530000000000001,0.0,11,Chea Vichea was a founding member of the Sam Rainsy Party
12-02-04-p-137,I,ST,9,51.49,4.640000000000001,0.0,16,he was a committed advocate of the rights of Cambodia's two hundred thousand garment workers
12-02-04-p-137,I,ST,10,56.13,13.729999999999997,0.0,35,his killing along with that of activists from the Funcinpec party adds to a temper of political intimidation in Cambodia which is worsened by the failure of the caretaker government to respond to these murders
12-02-04-p-137,I,ST,11,69.86,12.530000000000001,0.0,31,whether the CPP is responsible for the killings or not their persistent failure to apprehend and punish the killers leaves them accountable for the rising tide of fear in Cambodian politics
12-02-04-p-137,I,ST,12,82.39,7.799999999999997,0.0,14,Hun Sen's government continues to rule Cambodia without full legal and constitutional authority
12-02-04-p-137,I,ST,13,90.19,5.640000000000001,0.0,14,I believe it imperative that a negotiated settlement be reached to enable legitimate government
12-02-04-p-137,I,ST,14,95.83,12.170000000000002,-1.0,25,yet negotiations cannot take place in the shadow of political murder which sours attempts to construct a viable coalition and threatens to provoke retaliatory violence
12-02-04-p-137,I,ST,15,108.0,9.579999999999998,0.0,22,the European Parliament must condemn not only this killing but the climate of intimidation and impunity which Cambodian authorities allow to persist
12-02-04-p-137,I,ST,16,117.58,8.510000000000005,0.0,27,our resolution calls for the suspension of all non-humanitarian aid to Cambodia and for the European Commission to refuse to deal with Hun Sen's government
12-02-04-p-137,I,ST,17,126.09,5.659999999999997,0.0,18,the EU shouldn't do business with a government that fails to safeguard the lives of democratic leaders
12-02-04-p-137,I,ST,18,131.75,5.329977000000014,0.0,15,and in conclusion President we call on the Council to issue strong words of condemnation
12-02-04-p-137,I,TT,0,0.0,3.526,0.0,2,señor Presidente
12-02-04-p-137,I,TT,1,3.526,4.68,0.0,7,la verdad es que son crímenes terribles
12-02-04-p-137,I,TT,2,8.206,10.030000000000001,0.0,10,el Señor Chea resultó asesinado en el medio del día
12-02-04-p-137,I,TT,3,18.236,8.46,0.0,25,incluso ese hecho se hizo en la hora del día que hay uno algunos algunos peatones que casi recibieron las balas que apuntaban a él
12-02-04-p-137,I,TT,4,26.696,5.029999999999998,0.0,12,y ha habido más asesinatos y la última es la última víctima
12-02-04-p-137,I,TT,5,31.726,5.240000000000002,0.0,6,treinta mil asistieron a su funeral
12-02-04-p-137,I,TT,6,36.966,11.600000000000001,1.0,34,yo le conocí el verano pasado y la verdad es que me sorprendió muchísimo su compromiso con la democracia el buen gobierno y el deseo por mejorar la vida de los su sus conciudadanos
12-02-04-p-137,I,TT,7,48.566,4.299999999999997,0.0,14,era miembro del partido Sam Rainsy y además defendía los derechos de los camboyanos
12-02-04-p-137,I,TT,8,52.866,18.560000000000002,-1.0,36,su asesinato así como el de otros miembros del Sam Rainsy la verdad es que se añade a una ola de intimidación en Camboya a la que se añade el fracaso de la respuesta del Gobierno
12-02-04-p-137,I,TT,9,71.426,12.959999999999994,0.0,22,fracasan a la hora de castigar a los a los perpetradores y son responsables del miedo de la política en en Camboya
12-02-04-p-137,I,TT,10,84.386,7.090000000000003,0.0,10,el Gobierno de Hun Sen continúa gobernando mal al país
12-02-04-p-137,I,TT,11,91.476,6.049999999999997,1.0,15,yo creo que hay que llegar a un acuerdo para que el Gobierno salga adelante
12-02-04-p-137,I,TT,12,97.526,4.920000000000002,0.0,12,los negociaciones no se pueden hacer en un ámbito de asesinato político
12-02-04-p-137,I,TT,13,102.446,4.579999999999998,0.0,8,lo que está pasando únicamente provoca más venganza
12-02-04-p-137,I,TT,14,107.026,10.290000000000006,0.0,26,el Parlamento Europeo no solamente debe condenar este asesinato sino ese clima de intimidación e impunidad que las autoridades las autoridades camboyanas han permitido que exista
12-02-04-p-137,I,TT,15,117.316,19.025813,0.0,63,nuestra solución pide que se suspenda toda la ayuda no humanitaria a Camboya y que la Comisión no trate más con el Gobierno de Hun Sen porque no se no se puede negociar con una con un Gobierno que no puede proteger la vida de sus líderes democráticos y además haremos un llamamiento al al al Consejo para que condene claramente estos hechos
12-02-04-p-141,I,ST,0,0.0,22.06,0.0,35,I'll be very brief because any sentiments I express will be largely echoes of the remarks that have been made with some passion and knowledge of the country by Members who have already spoken
12-02-04-p-141,I,ST,1,22.06,16.73,0.0,29,I I was very interested going back to re-read the report of the European Union's election observation mission to the Cambodian national elections in July last year
12-02-04-p-141,I,ST,2,38.79,13.340000000000003,1.0,29,and in passing I'd just say once again what an exceptionally important role I think these election observation missions play in the development of democracy around the world
12-02-04-p-141,I,ST,3,52.13,10.169999999999995,0.0,22,I was interested that they noted that compared with previous elections the atmosphere was less tense and there were fewer violent incidents
12-02-04-p-141,I,ST,4,62.3,1.5400000000000063,0.0,4,but they went on
12-02-04-p-141,I,ST,5,63.84,6.659999999999997,0.0,14,concerns remained during the pre-election period over the number of alleged political killings
12-02-04-p-141,I,ST,6,70.5,12.870000000000005,0.0,24,and as the honourable gentleman Mr Watson said we've seen the killing of a number of those associated with Prince Norodom's party
12-02-04-p-141,I,ST,7,83.37,5.670000000000002,0.0,11,and we saw most recently the appalling assassination of Chea Vichea
12-02-04-p-141,I,ST,8,89.04,17.069999999999993,0.0,40,and I wholly endorse what has been said about the importance of his political role as one of the founder members of the Sam Rainsy Party and the importance of his role as a noted and brave trade union leader
12-02-04-p-141,I,ST,9,106.11,5.459999999999994,0.0,9,so I I of course strongly condemn that assassination
12-02-04-p-141,I,ST,10,111.57,6.660000000000011,1.0,11,I wholly support the Parliament's call for a thorough investigation
12-02-04-p-141,I,ST,11,118.23,11.249999999999986,1.0,23,I wholly support the Parliament's call for the prosecution of the perpetrators in accordance of course with the due process of law
12-02-04-p-141,I,ST,12,129.48,18.03,0.0,45,I'd I'd like on this occasion to add another point and that is to take the opportunity once again to call on all political parties in Cambodia to continue to pursue negotiations which could lead to the swift formation of a new government
12-02-04-p-141,I,ST,13,147.51,7.680000000000007,0.0,21,that is what I think all of us want to see the formation of such a government as rapidly as possible
12-02-04-p-141,I,ST,14,155.19,15.44997699999999,0.0,40,the Parliament rightly continues to take an interest an active interest in the affairs of Cambodia and I will ensure that that interest is is reflected in what I say to the Council and in the work of the Commission
12-02-04-p-141,I,TT,0,0.0,21.056,0.0,28,rapidísimamente porque cualquier cosa que pueda decir será básicamente una réplica de los comentarios que han hecho aquí algunos oradores con cierta pasión y además conocimiento del país
12-02-04-p-141,I,TT,1,21.056,21.429999999999996,0.0,25,me ha interesado mucho el volver a leer el documento redactado por la misión de la Unión Europea que observó las elecciones de julio pasado
12-02-04-p-141,I,TT,2,42.486,15.970000000000006,0.0,24,y permítame decir y aprovechar este momento para decir cuán importante es este tipo de misiones para observar las elecciones democráticas en el mundo
12-02-04-p-141,I,TT,3,58.456,7.170000000000002,0.0,14,comparado con elecciones anteriores el ambiente era menos tenso y hubo menos incidentes violentos
12-02-04-p-141,I,TT,4,65.626,9.899999999999991,0.0,14,pero en el período preelectoral hubo alegaciones de que se perpetraron algunos asesinatos políticos
12-02-04-p-141,I,TT,5,75.526,35.400000000000006,0.0,53,y como decía el Señor Watson hemos visto cómo han sido asesinados ciertas personas asociadas con el partido del príncipe Norodom y vimos el atroz asesinato de Chea Vichea y comparto lo que se ha dicho aquí sobre su papel político como fundador de su partido y como líder y destacado miembro sindicalista
12-02-04-p-141,I,TT,6,110.926,25.969999999999985,0.0,42,condeno enérgicamente este asesinato y hago mío el llamamiento del Parlamento para que se realice una investigación profunda de este crimen y espero que los autores del crimen sean perseguidos con toda la dureza que permita la ley observando la ley obviamente
12-02-04-p-141,I,TT,7,136.896,13.810000000000002,0.0,29,también quisiera aprovechar esta oportunidad para hacer un llamamiento e instar a todos los partidos políticos en Camboya a que contribuyan a la formación rápida de un nuevo Gobierno
12-02-04-p-141,I,TT,8,150.706,5.670000000000016,0.0,14,creo que es lo que todos deseamos que se forme un Gobierno cuanto antes
12-02-04-p-141,I,TT,9,156.376,18.560000000000002,0.0,38,el Parlamento y con razón sigue interesándose por lo que está sucediendo en Camboya y les puedo garantizar que su interés quedará reflejado en lo que yo pueda comunicar al Consejo y en los trabajos de la Comisión
12-02-04-p-141,I,TT,10,174.936,0.6253130000000056,0.0,1,gracias
21-04-04-m-051,I,ST,0,0.0,2.5,0.0,8,thank you thank you very much Mr president
21-04-04-m-051,I,ST,1,2.5,24.58,-1.0,52,Mr President following the targeting the targeted killing of the new Hamas leader Abdel Aziz al-Rantissi the President of the Council issued a statement on eighteen April expressing his deep concern at the ongoing and seemingly endless cycle of retaliatory violence involving Palestinian groups and the Israeli authorities and defence forces
21-04-04-m-051,I,ST,2,27.08,11.190000000000005,0.0,28,the statement condemned both the assassinations of the Hamas leader and the suicide bombing at the Erez crossing into Gaza Strip which took place on the same day
21-04-04-m-051,I,ST,3,38.27,19.199999999999996,-0.3333333333333333,48,the statement went on to say that such violence should end immediately and pointed out that and pointed to to the self-evident futility of such violence either as a means of freeing Palestinians from occupation or bringing long-term peace and security to the people of Israel
21-04-04-m-051,I,ST,4,57.47,16.799999999999997,0.0,38,the President of the Council once again reminded the Israeli Government that extrajudicial killings are contrary to international law and pointed that respect for international law should mark an immediate distinction between democratically elected governments and terrorist groups
21-04-04-m-051,I,ST,5,74.27,12.840000000000003,0.0,39,meanwhile at the conclusion of the foreign ministers informal meeting in Tullamore on the seventeenth of April the President of the Council issued an important statement on behalf of his colleagues concerning the current situation in the Middle East
21-04-04-m-051,I,ST,6,87.11,16.650000000000006,0.0,32,the EU foreign ministers reaffirmed certain basic principles of European policy towards any settlement in the Middle East conflict including its commitment to a negotiated two state solution agreed between the parties
21-04-04-m-051,I,ST,7,103.76,14.299999999999997,1.0,30,this would result in a viable in a contiguous sovereign and independent Palestinian state existing side by side and in peace with an Israel living within recognised and secure boundaries
21-04-04-m-051,I,ST,8,118.06,5.8799999999999955,0.0,15,the ministers reaffirmed that the roadmap represented the only route to achieving such an outcome
21-04-04-m-051,I,ST,9,123.94,9.909999999999997,0.0,26,the Union is determined to pursue vigorously the course set out in the roadmap and calls on both sides to fulfil their obligations under the roadmap
21-04-04-m-051,I,ST,10,133.85,17.340000000000003,0.0,46,the established position of the European Union restated by the European Council of twenty-fifth and twenty-sixth March last is that the Union will not recognise any change in the pre-nineteen sixty-seven borders other than those arrived at by agreement between the parties
21-04-04-m-051,I,ST,11,151.19,10.640000000000015,0.0,24,the Union has emphasised that no declared views on the possible shape of the final settlement can pre-empt the negotiations of that settlement
21-04-04-m-051,I,ST,12,161.83,10.619999999999976,1.0,25,ministers pointed out that the refugee question and the manner in which the right to return may be realised is also a final status issue
21-04-04-m-051,I,ST,13,172.45,15.51000000000002,0.0,33,the roadmap states that a final and comprehensive permanent status agreement that ends the Israeli and Palestinian conflict must include an agreed a just a fair and a realistic solution to this question
21-04-04-m-051,I,ST,14,187.96,11.090000000000003,0.0,24,in this context the Union has noted President Bush's reaffirmation of the United States commitment to the roadmap and to a negotiated settlement
21-04-04-m-051,I,ST,15,199.05,13.939999999999998,0.0,31,the Union emphasises the principle shared by President Bush that final status issues are a matter of negotiation and agreement between the parties themselves and that they must not be prejudiced
21-04-04-m-051,I,ST,16,212.99,15.899999999999977,0.0,38,ministers also agreed with the President of the United States that secure and recognised borders should emerge from negotiations between the parties in accordance with UN Security Council Resolution two four two and UN Resolution three three eight
21-04-04-m-051,I,ST,17,228.89,7.160000000000025,0.0,20,these and other relevant Security Council Resolutions must form the basis for a just and lasting settlement of the conflict
21-04-04-m-051,I,ST,18,236.05,4.519999999999982,0.0,13,in other words the conflict will not be sorted out by unilateral action
21-04-04-m-051,I,ST,19,240.57,7.280000000000001,1.0,16,the prospect the prospect of Israel's withdrawal from the Gaza Strip is of course welcome
21-04-04-m-051,I,ST,20,247.85,11.120000000000033,0.0,31,the European Council has stated that such a withdrawal should represent a significant step towards the implementation of the roadmap provided that it is carried out in accordance with certain conditions
21-04-04-m-051,I,ST,21,258.97,6.519999999999982,0.0,14,this is an opportunity which the international community led by the Quartet should seize
21-04-04-m-051,I,ST,22,265.49,18.909999999999968,0.0,49,the proposed withdrawal should be properly orchestrated within with the international community so as to so as to ensure that an orderly situation in Gaza results which would permit the maintenance of security as well as the rehabilitation and the reconstruction which is so urgently needed in that area
21-04-04-m-051,I,ST,23,284.4,7.710000000000036,0.0,13,the Union urges all parties to undertake urgently urgently preparations towards that end
21-04-04-m-051,I,ST,24,292.11,19.829999999999984,1.0,53,on this basis the European Union is ready to support the Palestinian authority in taking responsibility for law and order as well as to continue the Union's existing aid to the Palestinian authority and to examine possible future needs that may arise in the context of a new situation in the Gaza
21-04-04-m-051,I,ST,25,311.94,10.45999999999998,0.0,29,ministers also stressed the need to avoid a political vacuum and the dangers that that would involve in the interim period between now and the beginnings of any withdrawal
21-04-04-m-051,I,ST,26,322.4,17.890000000000043,1.0,42,they recalled that there are a number of measures which need to be adopted in the period immediately ahead in the in the political in the security and humanitarian spheres in order to prevent further deterioration and in order to resume progress
21-04-04-m-051,I,ST,27,340.29,8.689999999999998,-1.0,26,an end to violence and terrorism as well as the resumption of a ceasefire embracing all of the parties and all of the groups is essential
21-04-04-m-051,I,ST,28,348.98,4.339999999999975,1.0,13,both sides need to resume negotiations on the peace process without further delay
21-04-04-m-051,I,ST,29,353.32,14.470000000000027,0.0,34,Mr President we know we all know from past experience we all know from history that resolution to to difficult and complex issues invariably comes through negotiation and in fact only comes through negotiation
21-04-04-m-051,I,ST,30,367.79,10.389999999999986,1.0,28,a just a lasting and a comprehensive peace must meet the legitimate aspirations of both the Israeli and the Palestinian people and must include Lebanon and and Syria
21-04-04-m-051,I,ST,31,378.18,7.659999999999968,1.0,16,all states in the region must exert every effort to promote peace and to combat terrorism
21-04-04-m-051,I,ST,32,385.84,6.7000000000000455,0.0,15,the European Union looks forward to the forthcoming meeting of the Quartet at principles level
21-04-04-m-051,I,ST,33,392.54,12.739999999999952,1.0,32,the Quartet should play an active role in pursuing the goal of a comprehensive regional peace and encourage the parties to move ahead vigorously on the basis of the principles outlined above
21-04-04-m-051,I,ST,34,405.28,9.840000000000032,1.0,27,the ministers will have a further discussion on the Middle East peace process at the beginning at the at at the meetings of the Council on Monday
21-04-04-m-051,I,ST,35,415.12,8.529999999999973,0.0,33,they will consider the position to be taken by the European meeting the European Union at the meeting of the Quartet which will take place in New York on the fourth of May
21-04-04-m-051,I,ST,36,423.65,13.07000000000005,1.0,35,I hope Mr President that I have succeeded in giving a the Members a clear impression of how actively focused this presidency remains when it comes to the very difficult situation in the Middle East
21-04-04-m-051,I,ST,37,436.72,8.009999999999991,1.0,22,we will by the same token listen with great attention to the views of Parliament on this important issue at this time
21-04-04-m-051,I,ST,38,444.73,3.5,0.0,4,thank you Mr President
21-04-04-m-051,I,TT,0,0.0,4.516,0.0,3,gracias señor Presidente
21-04-04-m-051,I,TT,1,4.516,24.29,-1.0,53,señor Presidente después del asesinato selectivo del nuevo líder de Hamas Abdel Aziz al-Rantissi el Presidente del Consejo emitió una declaración el día dieciocho de abril expresando su gran preocupación por este ciclo de violencia en curso de violencia represiva que implica a grupos palestinos y a las fuerzas de defensa israelíes
21-04-04-m-051,I,TT,2,28.806,12.55,0.0,34,la declaración condenaba tanto el asesinato del líder de Hamas y el las bombas suicidas en el paso de Erez hacia la banda hacia la zona de Gaza que se produjo el mismo día
21-04-04-m-051,I,TT,3,41.356,19.305,-0.3333333333333333,42,la declaración decía que esta violencia debía cesar inmediatamente y además señaló la futilidad evidente de este tipo de violencia como forma de liberar a a los palestinos de la ocupación y también para lograr una seguridad y una paz en Israel
21-04-04-m-051,I,TT,4,60.661,14.844999999999999,0.0,37,el Presidente del Consejo recordó que el gobierno al al gobierno israelí que los asesinatos extrajudiciales son contrarios a la legislación internacional y que además hay que distinguir entre los gobiernos elegidos democráticamente y los grupos terroristas
21-04-04-m-051,I,TT,5,75.506,13.060000000000002,0.0,42,entre tanto y en la conclusión de la reunión informal de Tullamore de los ministros de asuntos exteriores el diecisiete de abril el Presidente del Consejo emitió también una declaración en nombre de sus colegas sobre la actual situación de Oriente Próximo
21-04-04-m-051,I,TT,6,88.566,16.61,0.0,52,los ministros de asuntos exteriores de la Unión Europea reafirmaron algunos de los principios básicos de la política europea sobre todo por lo que se refiere a una solución al conflicto de de Oriente Próximo incluyendo su compromiso de negociar una solución que implique dos estados algo ya acordado por las partes
21-04-04-m-051,I,TT,7,105.176,17.849999999999994,0.0,27,esto conllevaría un estado palestino independiente soberano viable y que cúxista de forma pacífica con un Israel al que se le reconozcan también sus fronteras fronteras seguras
21-04-04-m-051,I,TT,8,123.026,4.6200000000000045,0.0,16,los ministros reafirmaron que la hoja de ruta representa la única vía de conseguir este resultado
21-04-04-m-051,I,TT,9,127.646,7.929999999999993,0.0,22,la Unión está totalmente comprometida a continuar con la hoja de ruta y pide a ambas partes que cumplan con sus obligaciones
21-04-04-m-051,I,TT,10,135.576,8.379999999999995,0.0,22,la posición de la Unión Europea recalcada por el Consejo europea de los días veinticinco y veintiséis de marzo es la siguiente
21-04-04-m-051,I,TT,11,143.956,11.41500000000002,0.0,29,la Unión no aceptará ninguna modificación por lo que se refiere a las fronteras fijadas antes del sesenta y siete algo que también ha sdo acordado por las partes
21-04-04-m-051,I,TT,12,155.371,11.844999999999999,0.0,22,la Unión ha recalcado que ninguna visión no declarada sobre un futuro modelo modelo puede imponerse en la negociación de esta solución
21-04-04-m-051,I,TT,13,167.216,7.599999999999994,0.0,20,los ministros señalaron que la cuestión de los refugiados es algo también que tiene que ver con el estatus definitivo
21-04-04-m-051,I,TT,14,174.816,15.560000000000002,1.0,30,la hoja de ruta establece que un acuerdo definitivo que ponga ponga punto final al conflicto israelo-palestino tiene que incluir una solución realista justa acordada a este tema también
21-04-04-m-051,I,TT,15,190.376,13.810000000000002,0.0,29,en este contexto la Unión ha recalcado la el hecho de que el presidente Bush ha señalado también el compromiso de Estados Unidos para con la hoja de ruta
21-04-04-m-051,I,TT,16,204.186,13.734999999999985,1.0,39,la Unión recalca el principio compartido también por el por el Presidente Bush que el estatus definitivo es un asunto que tiene que ver con la negociación y el acuerdo y que no puede ser perjuzgado por las partes
21-04-04-m-051,I,TT,17,217.921,17.474999999999994,0.0,43,los ministros acordaron con el Presidente Bush que las fronteras reconocidas y seguras tienen que plasmarse con claridad en las resoluciones según lo establecido en las resoluciones del Consejo de Seguridad de Naciones Unidas doscientos cuarenta y dos y trescientos treinta y ocho
21-04-04-m-051,I,TT,18,235.396,7.5800000000000125,0.0,20,estas son fundamentales para encontrar una solución al conflicto porque desde luego con acciones unilaterales no lo vamos a conseguir
21-04-04-m-051,I,TT,19,242.976,6.425000000000011,0.0,13,la perspectiva de la retirada de Israel de Gaza es algo que aplaudimos
21-04-04-m-051,I,TT,20,249.401,11.974999999999966,0.0,30,el Consejo Europeo ha recalcado que esta retirada representaría un paso fundamental para la aplicación de la hoja de ruta siempre y cuando este se aplica siguiendo las condiciones establecidas
21-04-04-m-051,I,TT,21,261.376,6.910000000000025,0.0,14,esta es una oportunidad que la comunidad internacional dirigida por el Cuarteto debe aprovechar
21-04-04-m-051,I,TT,22,268.286,19.95999999999998,0.0,42,la retirada propuesta debe ser organizada por la comunidad internacional y debe velar por que la situación en Gaza sea una situación ordenada que se mantenga la seguridad y que se pueda pasar rápidamente a la rehabilitación reconstrucción que necesita esta región
21-04-04-m-051,I,TT,23,288.246,5.845000000000027,0.0,18,la Unión insta a todas las partes a prepararse a hacer todo lo posible para conseguir este fin
21-04-04-m-051,I,TT,24,294.091,20.129999999999995,0.0,52,la Unión Europea en base a todo esto está dispuesta a apoyar a la Autoridad Palestina a la hora de hacerse responsable de la ley y el orden y continuar ayudando a la Autoridad Palestina y examinar las futuras necesidades que puedan acontecer a la luz de la nueva situación en Gaza
21-04-04-m-051,I,TT,25,314.221,13.274999999999977,0.0,33,los ministros recalcaron la necesidad de evitar que se cree un vacío político los peligros que ello supondría sobre todo en ese período interino en el principio y el final de la retirada
21-04-04-m-051,I,TT,26,327.496,14.080000000000041,0.0,34,se tiene que tomar toda una serie de medidas de forma inmediata tanto en los campos político de seguridad como monetario para evitar una mayor un mayor deterioro y para hacer avanzar el proceso
21-04-04-m-051,I,TT,27,341.576,8.129999999999995,-1.0,30,un fin a la violencia y al terrorismo así como la reanudación del alto al fuego que incluya a todas las partes y a todos los grupos es algo fundamental
21-04-04-m-051,I,TT,28,349.706,6.099999999999966,1.0,15,ambas partes tienen que reanudar las negociaciones sobre el proceso de paz de forma inmediata
21-04-04-m-051,I,TT,29,355.806,13.470000000000027,0.0,25,señor Presidente todos sabemos en función de nuestras experiencias de la historia también que la resolución de estos procesos tan complejos pasa por la negociación
21-04-04-m-051,I,TT,30,369.276,10.389999999999986,1.0,25,una paz justa duradera global debe recoger las aspiraciones legítimas tanto del pueblo israelí como palestino y debe incluir también a Líbano y a Siria
21-04-04-m-051,I,TT,31,379.666,7.4599999999999795,1.0,20,todos los países de la región deben hacer todos los esfuerzos necesarios para promover la paz y combatir el terrorismo
21-04-04-m-051,I,TT,32,387.126,8.400000000000034,0.0,15,la Unión Europea espera de forma ansiosa la siguiente o la próxima reunión del Cuarteto
21-04-04-m-051,I,TT,33,395.526,13.189999999999998,1.0,33,el Cuarteto debe desempeñar un papel activo para conseguir la paz global en la región y alienta a todas las partes a que sigan de forma clara los principios que acabamos de esbozar
21-04-04-m-051,I,TT,34,408.716,10.430000000000007,1.0,29,los ministros tendrán un nuevo debate celebrarán un nuevo debate sobre el proceso de paz de Oriente Próximo en la reunión que se celebrará el lunes en el Consejo
21-04-04-m-051,I,TT,35,419.146,7.875,0.0,29,van a tomar en cuenta también la posición adoptada por la Unión Europea en la reunión del Cuarteto que se celebrará en Nueva York el día cuatro de mayo
21-04-04-m-051,I,TT,36,427.021,12.784999999999968,0.0,26,señor Presidente espero que sus señorías tengan una idea muy clara de cuál es el foco que da esta presidencia a la situación de Oriente Próximo
21-04-04-m-051,I,TT,37,439.806,8.090000000000032,0.0,22,nosotros sin duda alguna vamos a escuchar también con gran atención los puntos de vista del Parlamento sobre este tema tan capital
21-04-04-m-051,I,TT,38,447.896,0.507093999999995,0.0,1,gracias
21-04-04-m-053,I,ST,0,0.0,22.95,0.0,51,President I don't wish or to repeat or intend to repeat what the presidency has just said about recent discussions of the Middle East by the Council or how it has reacted to the statement made by President Bush in Washington last week after his meeting with Prime Minister Sharon
21-04-04-m-053,I,ST,1,22.95,6.82,0.0,11,the statement of course surprised many people whether understandably or not
21-04-04-m-053,I,ST,2,29.77,6.879999999999999,1.0,18,and one cannot disguise the fact that it seems to have caused great concern in the Arab world
21-04-04-m-053,I,ST,3,36.65,4.060000000000002,0.0,11,some have subsequently argued that it should not have done so
21-04-04-m-053,I,ST,4,40.71,9.579999999999998,0.0,25,they have said that it offers us a way into the implementation of the roadmap rather than rather than a tearing-up of the roadmap
21-04-04-m-053,I,ST,5,50.29,12.340000000000003,0.0,25,they've argued that we should seek out the positive like the promised and welcomed Israeli withdrawal from Gaza rather than focus on the negative
21-04-04-m-053,I,ST,6,62.63,1.6399999999999935,0.0,4,well so be it
21-04-04-m-053,I,ST,7,64.27,12.600000000000009,0.0,29,I don't seek to second-guess the doubtless well-intentioned interpretations of others or to undermine efforts to make the most out of the present exceptionally difficult situation
21-04-04-m-053,I,ST,8,76.87,6.269999999999996,0.0,17,some of course always see a glass as half full when others believe it is half empty
21-04-04-m-053,I,ST,9,83.14,8.950000000000003,0.0,26,others find it rather challenging to believe that a glass is half full when they can't see very much liquid in the glass at all
21-04-04-m-053,I,ST,10,92.09,6.319999999999993,0.0,13,I guess that like beauty truth is in the eye of the beholder
21-04-04-m-053,I,ST,11,98.41,3.0400000000000063,0.0,10,but I don't wish to dwell on those matters
21-04-04-m-053,I,ST,12,101.45,7.8999999999999915,0.0,22,I'll just make five points which we must address if we are to get anything positive from the present grim situation
21-04-04-m-053,I,ST,13,109.35,32.91,1.0,72,first as the General Affairs and External Relations Council and the European Council have said again and again a final settlement can only be achieved as a result of negotiations between Israel and the Palestinians resulting in two viable viable sovereign and independent states based on the borders of nineteen sixty-seven perhaps amended by agreement living side by side in peace and security as laid out for example in the roadmap
21-04-04-m-053,I,ST,14,142.26,15.980000000000018,1.0,38,this has been the main thread of European thinking from Venice in nineteen eighty to Berlin in nineteen ninety-nine to Seville in two thousand and two right up to the latest European Council conclusions of last month
21-04-04-m-053,I,ST,15,158.24,14.780000000000001,1.0,36,it's not surprising that we've agreed with what has been for thirty-seven years the consistent American position that settlements beyond the sixty-seven line are illegal and represent quote obstacles to peace unquote
21-04-04-m-053,I,ST,16,173.02,3.6699999999999875,0.0,12,we all know what will be the ingredients for a final settlement
21-04-04-m-053,I,ST,17,176.69,8.430000000000007,1.0,22,they are there in the Mitchell report and in subsequent documents including the Arab League peace initiative of two thousand and two
21-04-04-m-053,I,ST,18,185.12,5.210000000000008,0.0,14,they are there in the roadmap which has been endorsed by the international community
21-04-04-m-053,I,ST,19,190.33,5.299999999999983,0.0,9,a a settlement does not await some heavenly insight
21-04-04-m-053,I,ST,20,195.63,6.349999999999994,0.0,16,what it does await is the exercise of political will by both sides Israeli and Palestinian
21-04-04-m-053,I,ST,21,201.98,16.29000000000002,0.0,35,it is in my judgment a tragedy that the courageous proposals of the representatives of civil society who negotiated the Geneva initiative do not seem to be shared by the political leadership in their communities
21-04-04-m-053,I,ST,22,218.27,8.939999999999998,0.0,14,second we deplore the violence which postpones reconciliation and any chance whatsoever of peace
21-04-04-m-053,I,ST,23,227.21,17.049999999999983,0.0,31,we've always deplored without reservation deplored and condemned with all our strength the suicide bombings which take innocent lives and the dark propaganda that clouds the minds of so many
21-04-04-m-053,I,ST,24,244.26,15.759999999999991,0.0,28,we are also profoundly critical of heavy-handed military retaliation which destroys lives homes and livelihoods the sort of retaliation which increases extremism and does not increase security
21-04-04-m-053,I,ST,25,260.02,8.819999999999993,0.0,10,we believe that targeted assassinations are wrong illegal and counterproductive
21-04-04-m-053,I,ST,26,268.84,22.58000000000004,-1.0,56,one of the Palestinian politicians whom I most admire a voice of sanity and reason referred recently to the deafening sound of war drums on both sides and to the bitter fact that both communities seem to be locked in an embrace in which all that seems to matter is causing pain to the other side
21-04-04-m-053,I,ST,27,291.42,6.310000000000002,1.0,13,there's plenty of pain on offer but not much promise of peace
21-04-04-m-053,I,ST,28,297.73,23.789999999999964,0.0,44,third whatever the criticisms of the European approach to the dispute one thing we can say is that we have sustained throughout the weeks months and years of bloodshed and hopelessness institutions which can one day form the basis for a reformed Palestinian Government
21-04-04-m-053,I,ST,29,321.52,5.670000000000016,0.0,13,that has been the policy of the European Council endorsed by this Parliament
21-04-04-m-053,I,ST,30,327.19,5.490000000000009,0.0,15,we have been congratulated for what we've done by among others the World Bank
21-04-04-m-053,I,ST,31,332.68,19.94999999999999,0.0,49,only recently I received a letter from the Palestinian Finance Minister Salam Fayad which noted that with the help of the European Union the Palestinian Authority has now delivered on all of the reform commitments it had made to the Palestinian Legislative Council a year and a half ago
21-04-04-m-053,I,ST,32,352.63,6.319999999999993,0.0,12,there is now a high degree of accountability with transparent budget procedures
21-04-04-m-053,I,ST,33,358.95,4.660000000000025,0.0,10,there are no more cash payments to Palestinian security personnel
21-04-04-m-053,I,ST,34,363.61,3.579999999999984,0.0,8,their salaries are now transferred through bank accounts
21-04-04-m-053,I,ST,35,367.19,6.110000000000014,0.0,13,we have been encouraged in private to do more to give more help
21-04-04-m-053,I,ST,36,373.3,4.96999999999997,0.0,11,we have been criticised in public for doing anything at all
21-04-04-m-053,I,ST,37,378.27,16.319999999999993,0.0,29,some have argued could there actually be a more serious accusation that the attempt to promote reform and to sustain some sort of life in Palestine has bankrolled terrorism
21-04-04-m-053,I,ST,38,394.59,4.170000000000016,0.0,9,Parliament has had its own inquiry into these matters
21-04-04-m-053,I,ST,39,398.76,3.660000000000025,0.0,5,OLAF has investigated these allegations
21-04-04-m-053,I,ST,40,402.42,12.939999999999998,0.0,29,I have no more to say on the subject save to pay tribute to my officials who have tried to implement a difficult policy honestly transparently and with integrity
21-04-04-m-053,I,ST,41,415.36,9.25,0.0,32,I have to say that when I look at what has happened in the last few years I can see all too little else that has achieved as much as they have
21-04-04-m-053,I,ST,42,424.61,3.7099999999999795,0.0,7,fourthly let me turn to the future
21-04-04-m-053,I,ST,43,428.32,12.170000000000016,0.0,28,it's said by some perhaps a trifle glibly that after the promised withdrawal we will rebuild Gaza and try to create the foundations for a new Palestine
21-04-04-m-053,I,ST,44,440.49,13.269999999999982,0.0,26,what they presumably have in mind is a Palestine which is genuinely viable not a collection of isolated bantustans divided by tanks and settlements and walls
21-04-04-m-053,I,ST,45,453.76,12.509999999999991,1.0,27,we are certainly prepared to continue our humanitarian assistance and to support the rebuilding of the infrastructure of those areas from which the Israeli defence forces withdraw
21-04-04-m-053,I,ST,46,466.27,12.090000000000032,0.0,29,but I have to say that this time I think we should seek certain guarantees from the Israeli defence forces that they will not destroy again what we build
21-04-04-m-053,I,ST,47,478.36,17.639999999999986,0.0,46,and they should pay regard to the five points made by the European Council on the twenty-fifth twenty-sixth of March notably the anchoring of the withdrawal within the roadmap and the facilitation of economic life in the territory that the Israeli defence forces leave
21-04-04-m-053,I,ST,48,496.0,13.79000000000002,1.0,30,it was the World Bank which noted that the biggest obstacle to economic revival is lack of access and a lack of sufficient freedom of movement of persons and goods
21-04-04-m-053,I,ST,49,509.79,5.699999999999989,0.0,12,access to the outside world is essential for reviving the Palestinian economy
21-04-04-m-053,I,ST,50,515.49,7.809999999999945,0.0,17,we should also seek to ensure that humanitarian assistance can be provided as it would be elsewhere
21-04-04-m-053,I,ST,51,523.3,10.450000000000045,0.0,24,at present it costs more to provide the assistance than in most other places because of the behaviour and activities of the security forces
21-04-04-m-053,I,ST,52,533.75,17.519999999999982,0.0,46,if we're to find a way back into the implementation of the roadmap then we need to discuss very carefully with the Israeli Government the terms of withdrawal and see how we can associate the management of the withdrawal with the objectives of the roadmap
21-04-04-m-053,I,ST,53,551.27,7.32000000000005,1.0,18,our aim must be that Israelis recognise again the Palestinian Authority as their partner in the peace process
21-04-04-m-053,I,ST,54,558.59,17.870000000000005,-1.0,45,the objective should be to hand over Gaza and parts of the West Bank to the Palestinian Authority not to Hamas and to ensure that the handover takes place in an orderly fashion not in a way that leads to more chaos and more violence
21-04-04-m-053,I,ST,55,576.46,11.699999999999932,0.0,16,finally there there are still thank heavens some moderates in Palestine Israel and the Arab world
21-04-04-m-053,I,ST,56,588.16,4.360000000000014,0.0,11,I ask this question as quietly and diplomatically as I can
21-04-04-m-053,I,ST,57,592.52,4.990000000000009,1.0,9,how much support are we giving those moderates today
21-04-04-m-053,I,ST,58,597.51,7.350000000000023,0.0,17,if we are not prepared to be courageous for moderation how can we expect them to be
21-04-04-m-053,I,ST,59,604.86,7.279999999999973,0.0,23,it's not hyperbolic to say that the outlook today in the region is more worrying than it has been for some time
21-04-04-m-053,I,ST,60,612.14,19.210000000000036,1.0,48,it certainly seems to me a good deal more disturbing than it looked for example at the beginning of last year when we were being told the road to peace in the Middle East lay through the military liberation of Baghdad and the installation of democracy in Iraq
21-04-04-m-053,I,ST,61,631.35,4.689999999999941,0.0,9,maybe one day Iraq will be stable and democratic
21-04-04-m-053,I,ST,62,636.04,3.7800000000000864,0.0,13,and maybe it will be a beacon for other countries in the region
21-04-04-m-053,I,ST,63,639.82,3.349999999999909,1.0,7,how could one hope for anything else
21-04-04-m-053,I,ST,64,643.17,5.3700000000000045,0.0,14,whatever one's views about the past what else is there to work for
21-04-04-m-053,I,ST,65,648.54,25.180000000000064,1.0,58,but if we are to have any chance of accomplishing that outcome and of encouraging modernisation and democracy in the whole region then we have to avoid words and policies which alienate large parts of the Islamic world and threaten the very clash of civilisations which all sane men and women should want to avoid at all costs
21-04-04-m-053,I,ST,66,673.72,13.059999999999945,0.0,35,it has been a deeply depressing feature of my five years as a Commissioner that the world I look out on today seems to me far more dangerous than it was in nineteen ninety-nine
21-04-04-m-053,I,ST,67,686.78,8.410000000000082,0.0,19,we must always try to work for a better world and not throw in our hand in introverted despair
21-04-04-m-053,I,ST,68,695.19,8.399999999999977,1.0,23,so today among other things we have to see what we can rescue from what is left of the Middle East peace process
21-04-04-m-053,I,ST,69,703.59,7.25,0.0,12,it is not a very encouraging prospect but what alternative is there
21-04-04-m-053,I,TT,0,0.0,25.276,0.0,45,señor Presidente yo no quiero repetir lo que ha dicho la presidencia sobre los recientes debates en el Consejo sobre Oriente Próximo o la reacción a la declaración del Presidente Bush de la semana pasada después de su reunión con el primer ministro Señor Sharon
21-04-04-m-053,I,TT,1,25.276,4.510000000000002,0.0,7,la declaración sorprendió a mucho por supuesto
21-04-04-m-053,I,TT,2,29.786,1.6899999999999977,0.0,4,se comprende o no
21-04-04-m-053,I,TT,3,31.476,22.950000000000003,0.0,50,claro está y no hay que ocultar el hecho de que hay gran preocupación en el mundo árabe a raíz de la misma porque algunos dicen que no tendría que haber sido así porque es una forma de aplicación de la hoja de ruta y no han destrozado la misma
21-04-04-m-053,I,TT,4,54.426,8.11,0.0,16,y se trata pues de una acción positiva puesto que Israel ha prometido retirarse de Gaza
21-04-04-m-053,I,TT,5,62.536,3.510000000000005,0.0,12,entonces eso es centrarse en lo positivo y no en lo negativo
21-04-04-m-053,I,TT,6,66.046,14.159999999999997,0.0,27,dicho esto dicho esto yo no quiero adivinar las buenas interpretaciones de algunos o socavar los esfuerzos de sacar el máximo provecho ante una situación sumamente difícil
21-04-04-m-053,I,TT,7,80.206,4.609999999999999,1.0,14,pero bueno algunos verán el vaso medio lleno y otros lo ven medio vacío
21-04-04-m-053,I,TT,8,84.816,12.009999999999991,0.0,21,y creo que es un reto pensar que un vaso está medio lleno cuando no hay mucho líquido en el mismo
21-04-04-m-053,I,TT,9,96.826,7.760000000000005,1.0,8,bueno yo no quiero entrar en estos temas
21-04-04-m-053,I,TT,10,104.586,8.920000000000002,0.0,18,simplemente quería recalcar cinco puntos que tenemos que seguir si queremos salir adelante de esta situación tan triste
21-04-04-m-053,I,TT,11,113.506,31.80000000000001,1.0,73,el Consejo de asuntos exteriores y el Consejo Europeo han repetido en muchas ocasiones de que un arreglo definitivo sólo puede ser el resultado de unas negociaciones entre Israel y Palestina y tiene que haber dos estados soberanos independientes y viables viables basados en las fronteras del sesenta y siete que convivan en la paz y en la seguridad tal y como está estipulado en la hoja de ruta por poner un ejemplo
21-04-04-m-053,I,TT,12,145.306,14.899999999999977,0.0,40,éste ha sido el hilo conductor de la Unión Europea desde Venecia en el ochenta hasta Berlín en el noventa y nueve Sevilla en el dos mil dos y hasta el las últimas conclusiones del Consejo Europeo del mes pasado
21-04-04-m-053,I,TT,13,160.206,15.890000000000015,1.0,37,no es soprendente que el acuerdo que ha durado durante treinta y siete años tiene que ser algo coherente y que cualquier asentamiento posterior al sesenta y siete son ilegales y representan un obstáculo para la paz
21-04-04-m-053,I,TT,14,176.096,3.4199999999999875,0.0,8,todos conocemos los ingredientes de una decisión definitiva
21-04-04-m-053,I,TT,15,179.516,7.850000000000023,1.0,21,están en el los diferentes informes y documentos y la iniciativa de paz de la Liga Árabe del dos mil dos
21-04-04-m-053,I,TT,16,187.366,4.819999999999993,0.0,14,están en la hoja de ruta que ha sido respaldada por la comunidad internacional
21-04-04-m-053,I,TT,17,192.186,7.469999999999999,1.0,6,un acuerdo siempre tiene ciertas dificultades
21-04-04-m-053,I,TT,18,199.656,6.329999999999984,0.0,19,pero tiene que ser el ejercicio de la voluntad política de ambas partes la parte israelí y la palestina
21-04-04-m-053,I,TT,19,205.986,15.54000000000002,0.0,34,a mí me parece que es una tragedia que las propuestas valientes de los representantes de la sociedad civil que negociaron la iniciativa de Ginebra no sean compartidas por el liderazgo americano o israelí
21-04-04-m-053,I,TT,20,221.526,8.280000000000001,0.0,17,en segundo lugar deploramos la violencia que perjudica a la reconciliación y a cualquier posibilidad de paz
21-04-04-m-053,I,TT,21,229.806,17.099999999999994,0.0,27,siempre hemos deplorado sin reservas deplorado y condenado con toda nuestra fuerza los ataques suicidas y la propaganda oscura que cunde en las mentes de tantas personas
21-04-04-m-053,I,TT,22,246.906,16.519999999999982,0.0,32,también hemos deplorado esta estas represalias violentas que afectan a las viviendas y a las vidas de las personas el tipo de represalias que aumenta la radicalización y no aumenta la seguridad
21-04-04-m-053,I,TT,23,263.426,6.220000000000027,0.0,12,pensamos que estos asesinatos selectivos son un error son ilegales y contraproducentes
21-04-04-m-053,I,TT,24,269.646,25.109999999999957,-1.0,45,uno de los políticos palestinos al que yo más admiro una voz cuerda y razonable habló de los tambores de guerra en ambas partes y dijo que ambas comunidades parece que están enzarzadas en un abrazo que lo único que causa es daño al otro
21-04-04-m-053,I,TT,25,294.756,4.07000000000005,1.0,8,hay mucho dolor y pocas promesas de paz
21-04-04-m-053,I,TT,26,298.826,25.029999999999973,-1.0,52,en tercer lugar al margen de las críticas del planteamiento de la Unión Europea ante este problema lo que podemos decir es que nosotros durante semanas meses y años de derramamiento de sangre y de desesperación hemos apoyado a instituciones que algún día podrían ser la base de un gobierno palestino reformado
21-04-04-m-053,I,TT,27,323.856,5.340000000000032,0.0,12,ésta ha sido la política del Consejo Europeo respaldada por este Parlamento
21-04-04-m-053,I,TT,28,329.196,5.7999999999999545,0.0,15,se nos ha felicitado por lo que hemos hecho por el Banco Mundial entre otros
21-04-04-m-053,I,TT,29,334.996,20.25,0.0,45,y hace poco también recibí una carta del Ministro de hacienda palestino que dijo que con la ayuda de la Unión Europea la Autoridad Palestina ahora ha cumplido con todos los compromisos de reformas que había hecho al Consejo palestino legislativo hace año y medio
21-04-04-m-053,I,TT,30,355.246,6.319999999999993,0.0,11,ahora hay un gran grado de responsabilidad unos procedimientos presupuestarios transparentes
21-04-04-m-053,I,TT,31,361.566,4.410000000000025,0.0,11,ya no hay pagos en efectivo a personal de seguridad palestino
21-04-04-m-053,I,TT,32,365.976,5.545000000000016,0.0,11,ahora sus salarios se transfieren a a partir de giros bancarios
21-04-04-m-053,I,TT,33,371.521,4.5049999999999955,0.0,13,y se nos ha alentado a que demos más a que ayudemos más
21-04-04-m-053,I,TT,34,376.026,4.349999999999966,0.0,10,se nos ha criticado en público precisamente por hacer cosas
21-04-04-m-053,I,TT,35,380.376,16.350000000000023,1.0,38,y algunos han dicho que bueno podría haber alguna acusación más seria de que el intento de promocionar las reformas y de apoyar cierto tipo de vida en Palestina es lo que ha hecho es aumentar el terrorismo
21-04-04-m-053,I,TT,36,396.726,3.6899999999999977,0.0,6,el Parlamento ha investigado estos temas
21-04-04-m-053,I,TT,37,400.416,3.8999999999999773,0.0,7,la OLAF ha investigado también estas acusaciones
21-04-04-m-053,I,TT,38,404.316,13.100000000000023,0.0,30,y yo no tengo nada que añadir sobre el particular salvo rendir homenaje a mis funcionarios que han intentado aplicar una política difícil de forma honesta transparente y con integridad
21-04-04-m-053,I,TT,39,417.416,9.430000000000007,0.0,28,y debo decir que cuando yo veo lo que ha sucedido en los últimos años lo que puedo ver es que se pocos han conseguido tanto como ellos
21-04-04-m-053,I,TT,40,426.846,16.19999999999999,0.0,36,en cuarto lugar e ya ahora mirando hacia el futuro algunos han dicho quizás de forma un poco ligera que después de esa promesa de retirada se crearían los cimientos de una nueva Palestina en Gaza
21-04-04-m-053,I,TT,41,443.046,13.629999999999995,1.0,26,bueno probablemente lo que piensan es una Palestina que sea auténticamente viable que no sea una especie de bantustanes aislados divididos por muros colonos y tanques
21-04-04-m-053,I,TT,42,456.676,12.04000000000002,0.0,28,estamos dispuestos a seguir con nuestra ayuda humanitaria y a apoyar la reconstrucción de la infraestructura en aquellos sectores en los que las defensa israelí se haya retirado
21-04-04-m-053,I,TT,43,468.716,11.949999999999989,0.0,33,pero debo añadir que en estos momentos lo que tenemos que buscar son garantías de las del ejército israelí de que no vayan a destruir una vez más lo que nosotros hemos construido
21-04-04-m-053,I,TT,44,480.666,17.889999999999986,0.0,38,y también tenemos que tener en cuenta los cinco puntos del Consejo Europeo del veinticinco y veintisiete de marzo a saber que haya una retirada estipulada en la hoja de ruta y que se reanude la vida civil
21-04-04-m-053,I,TT,45,498.556,13.849999999999966,1.0,37,el Banco Mundial es él que dijo que el mayor obstáculo a una recuperación económica es la falta de acceso y la falta de libertad de movimiento de las personas y de los y de los bienes
21-04-04-m-053,I,TT,46,512.406,5.470000000000027,0.0,14,el acceso al mundo exterior es esencial si se quiere recuperar la economía palestina
21-04-04-m-053,I,TT,47,517.876,7.32000000000005,0.0,18,también tendríamos que intentar buscar que la ayuda humanitaria se dé como se da en cualquier otra parte
21-04-04-m-053,I,TT,48,525.196,10.704999999999927,0.0,30,de momento cuesta mucho más dinero proporcionar ayuda en este lugar que en muchas otras zonas del mundo debido al comportamiento y a las actividades de las fuerzas de seguridad
21-04-04-m-053,I,TT,49,535.901,17.055000000000064,0.0,48,y si queremos encontrar una forma de poder aplicar de nuevo la hoja de ruta tenemos que hablar con cuidado con el gobierno israelí sobre los términos de la retirada y ver cómo podemos asociar la gestión de esta retirada con los objetivos de la hoja de ruta
21-04-04-m-053,I,TT,50,552.956,8.340000000000032,1.0,21,nuestro objetivo es que Israel reconozca una vez más a la autoridad palestina como su interlocutor en este proceso de paz
21-04-04-m-053,I,TT,51,561.296,16.449999999999932,-1.0,42,el objetivo tendría que ser entregar Gaza y parte de Cisjordania a la Autoridad Palestina y no a Hamas y garantizar que esta accesión se haga de forma ordenada y no de tal forma que lleve a más caos y más violencia
21-04-04-m-053,I,TT,52,577.746,11.759999999999991,0.0,18,y finalmente todavía gracias a Dios hay algunos moderados en Palestina en Israel y en el mundo árabe
21-04-04-m-053,I,TT,53,589.506,6.090000000000032,0.0,13,y yo hago esta pregunta de la forma más diplomática y suave posible
21-04-04-m-053,I,TT,54,595.596,3.6100000000000136,1.0,11,cuánto apoyo estamos nosotros dando a esos moderados hoy en día
21-04-04-m-053,I,TT,55,599.206,8.049999999999955,0.0,17,si no estamos dispuestos a ser valientes en la moderación cómo podemos esperar que ellos lo sean
21-04-04-m-053,I,TT,56,607.256,8.190000000000055,0.0,26,no es una hipérbole decir que el resultado hoy en día en esta región es mucho más preocupante de lo que ha sido hasta la fecha
21-04-04-m-053,I,TT,57,615.446,19.879999999999995,1.0,52,a mí me parece que es mucho más perturbador que lo que parecía por ejemplo a principios del año pasado cuando se nos dijo que la ruta hacia la paz en Oriente Próximo a partir de la liberación militar de Iraq y la instalación de la democracia en Iraq sería una realidad
21-04-04-m-053,I,TT,58,635.326,7.419999999999959,0.0,18,quizás Iraq algún día sea estable y democrático y sea un faro para otros países de la región
21-04-04-m-053,I,TT,59,642.746,1.7000000000000455,1.0,7,pero bueno es lo que podemos esperar
21-04-04-m-053,I,TT,60,644.446,1.8399999999999181,0.0,5,cómo podemos esperar otra cosa
21-04-04-m-053,I,TT,61,646.286,4.810000000000059,0.0,13,al margen de lo que se piense del pasado qué esperamos del futuro
21-04-04-m-053,I,TT,62,651.096,26.149999999999977,1.0,53,si queremos una oportunidad de cumplir con estas medidas y de fomentar la modernización y la democracia en esta región tenemos que evitar las palabras y las políticas que alienen parte del mundo islámico y que amenazan este famoso choque de civilizaciones que cualquier persona sana mentalmente tendría que evitar a toda costa
21-04-04-m-053,I,TT,63,677.246,13.475000000000023,0.0,34,ha sido un hecho bastante deprimente de mi vida estos últimos cinco años como comisario que parece que la vida es ahora mucho más peligrosa que lo que era antes del noventa y nueve
21-04-04-m-053,I,TT,64,690.721,7.184999999999945,0.0,12,siempre intentamos buscar un mejor mundo y no entrar en una desesperación
21-04-04-m-053,I,TT,65,697.906,8.240000000000009,1.0,24,por eso hoy tenemos que ver qué es lo que podemos rescatar de lo que queda de este proceso de paz de Oriente Próximo
21-04-04-m-053,I,TT,66,706.146,8.916688000000022,0.0,11,no es una perspectiva muy alentadora pero que alternativa nos queda
21-04-04-m-056,I,ST,0,0.0,19.5,0.0,53,after President Bush's endorsement of Ariel Sharon's prejudgment of final status negotiations ruling himself out as an even-handed peacebroker it is easy to be discouraged about the prospects for the coexistence of a secure Israel and a viable Palestinian state but that is the only real solution via the roadmap
21-04-04-m-056,I,ST,1,19.5,16.130000000000003,0.0,41,it may well be that Israel keeping some key West Bank settlements and Palestinians Palestinians accepting that the return of refugees will be to a Palestinian state with which I personally agree would indeed be part of an eventual negotiated settlement
21-04-04-m-056,I,ST,2,35.63,10.21,0.0,23,the Quartet with EU leadership must disprove however Sharon's claim that his plan constitutes a critical blow to Palestinian hopes of statehood
21-04-04-m-056,I,ST,3,45.84,11.79,1.0,38,I am absolutely committed to the existence of Israel as a Jewish homeland and state though one in which Arab Israelis have full equal rights and Israel's right to live in peace and security within recognised boundaries
21-04-04-m-056,I,ST,4,57.63,11.600000000000001,0.0,34,my dismay at the occupation is not only about the misery of ordinary Palestinians but how the role of colonial occupier is damaging Israel's integrity and its commitment to the rule of law
21-04-04-m-056,I,ST,5,69.23,1.8900000000000006,-1.0,6,I condemn all terrorism against Israel
21-04-04-m-056,I,ST,6,71.12,6.719999999999999,0.0,20,and I do not see suicide bombers as purely the product of desperation among Palestinians real though that desperation is
21-04-04-m-056,I,ST,7,77.84,9.009999999999991,0.0,19,there's also exploitation of young people and a despicable despicable culture of martyrdom in a perversion of Islam
21-04-04-m-056,I,ST,8,86.85,6.340000000000003,0.0,20,the wall or fence might be capable of justification if it was on the Green Line but it is not
21-04-04-m-056,I,ST,9,93.19,5.140000000000001,0.0,13,the Bush-Sharon policy of military defeat will not ensure Israel's security
21-04-04-m-056,I,ST,10,98.33,12.340000000000003,0.0,28,Hamas is a dangerous and uncompromising organisation dedicated to Israel's destruction but the recent illegal assassinations of its leaders simply create more bitterness and recruits for terrorism
21-04-04-m-056,I,ST,11,110.67,9.399999999999991,0.0,31,I am deeply worried about the rising incidence of anti-Semitism in Europe and take a strong interest in combating it as well as other kinds of racial and religious prejudice
21-04-04-m-056,I,ST,12,120.07,20.47,-1.0,57,the delay by the EU Monitoring Centre in producing timely work on the threat to Europe's Jewish communities naturally fed suspicions about bias and we need renewed vigour in exposing and rooting out anti-Semitism and in establishing the dividing line between legitimate criticism of the policies of the Israeli Government and the demonisation of Jews
21-04-04-m-056,I,ST,13,140.54,9.930000000000007,0.0,30,I understand the shock that Israelis must have felt at the poll last year which said that fifty-nine per cent of Europeans considered Israel a threat to world peace
21-04-04-m-056,I,ST,14,150.47,9.090000000000003,0.0,28,I believe that many respondents read that question as being about the conflict between Israel and Palestinians but it was deeply unhelpful to pose it in that way
21-04-04-m-056,I,ST,15,159.56,2.6399999999999864,0.0,8,but the result was a wake-up call
21-04-04-m-056,I,ST,16,162.2,4.0,0.0,8,we need a more intense EU-Israel dialogue
21-04-04-m-056,I,ST,17,166.2,13.27000000000001,0.0,25,that is why I do personally oppose any calls in the European Parliament to boycott Israel and calls for cutting academic links are completely counterproductive
21-04-04-m-056,I,ST,18,179.47,5.090000000000003,0.0,14,but I've equally resisted moves to eliminate EU funding for the Palestinian Authority
21-04-04-m-056,I,ST,19,184.56,4.109999999999985,0.0,15,I welcome the fact it's Palestinians themselves calling for a clean-up of corruption
21-04-04-m-056,I,ST,20,188.67,10.27000000000001,1.0,22,but Israel needs a negotiating partner and the sub-Saharan poverty level of Palestinians would be even greater with without EU support
21-04-04-m-056,I,ST,21,198.94,10.469999999999999,0.0,26,finally can I say President it is unworthy of Israel and its tradition of justice to persecute Mordechai Vanunu in a vindictive manner after his release
21-04-04-m-056,I,ST,22,209.41,3.9799999999999898,0.0,11,he has served his sentence and he should now be free
21-04-04-m-056,I,TT,0,0.0,22.736,0.0,40,después del respaldo del presidente Bush a las actuaciones de el el señor Sharon pues realmente es difícil tener esperanzas en una posible coexistencia en un estado palestino pero esa es la única solución a través del mapa de ruta
21-04-04-m-056,I,TT,1,22.736,14.609999999999996,1.0,27,tal vez los palestinos acepten que el el regreso de palestinos sea a un estado palestino si lo logran pero no sé si podrá lograrse ese acuerdo
21-04-04-m-056,I,TT,2,37.346,13.200000000000003,0.0,25,el Cuarteto debe rechazar esa alegación de que por parte de Sharon de que su plan es un golpe a las aspiraciones de los palestinos
21-04-04-m-056,I,TT,3,50.546,22.830000000000005,0.0,61,yo creo que el el estado al que se debe de llegar es un estado o dos estados en los que palestinos e israelíes tengan los mismos derechos porque hay que tener en cuenta no sólo la miseria en la que viven los palestinos sino que esa ocupación por parte de los israelíes está dañando los principios del estado de Israel
21-04-04-m-056,I,TT,4,73.376,9.799999999999997,0.0,23,los ataques realmente son por parte de los palestinos son producto de la desesperación por parte de estos de estos de esta población
21-04-04-m-056,I,TT,5,83.176,4.319999999999993,0.0,5,hay realmente desesperación entre ellos
21-04-04-m-056,I,TT,6,87.496,9.840000000000003,0.0,13,este el muro tendría una justificación si estuviera encima de la Línea verde
21-04-04-m-056,I,TT,7,97.336,6.549999999999997,0.0,12,este muro no sirve para proteger a Israel de los ataques palestinos
21-04-04-m-056,I,TT,8,103.886,13.329999999999998,0.0,23,los asesinatos ilegales de los últimos líderes palestinos lo único que han generado es más razones para ataques por parte de los palestinos
21-04-04-m-056,I,TT,9,117.216,22.38000000000001,-1.0,42,desde luego que hay que combatir cualquier tipo de prejuicio religioso o o étnico y desde luego nosotros necesitamos ser rigurosos a la hora de luchar contra el antisemitismo incluso en Europa para que no genere sospechas por parte de los israelíes
21-04-04-m-056,I,TT,10,139.596,4.689999999999998,0.0,13,no se puede llegar a demonizar a los a la a los judíos
21-04-04-m-056,I,TT,11,144.286,13.629999999999995,0.0,31,el año pasado hubo un un sondeo de opinión según el cual el cincuenta y nueve por ciento de los europeos consideraban que Israel era una amenaza para la paz mundial
21-04-04-m-056,I,TT,12,157.916,5.1299999999999955,0.0,13,pero no creo que las soluciones que se están presentando sean las adecuadas
21-04-04-m-056,I,TT,13,163.046,5.360000000000014,0.0,14,yo creo que necesitamos un diálogo más intenso entre la Unión Europea e Israel
21-04-04-m-056,I,TT,14,168.406,11.409999999999997,-1.0,23,y por eso personalmente me opongo a cualquier boicot contra Israel o a cualquier llamamiento a boicotear a Israel desde este Parlamento europeo
21-04-04-m-056,I,TT,15,179.816,7.509999999999991,0.0,15,también me he opuesto a cualquier posibilidad de supresión de fondos a la Autoridad palestina
21-04-04-m-056,I,TT,16,187.326,8.650000000000006,-1.0,14,desde luego hace falta acabar con la corrupción en la entre la Autoridad Palestina
21-04-04-m-056,I,TT,17,195.976,4.650000000000006,0.0,13,pero desde luego hace falta un interlocutor de Israel en la parte palestina
21-04-04-m-056,I,TT,18,200.626,18.028843999999992,0.0,34,y por último señor Presidente creo que no está a la altura de Israel ni de su sentido de la justicia el perseguir a este científico que ha sido ahora liberado y seguir atacándolo
21-04-04-m-059,I,ST,0,0.0,14.95,0.0,45,if there's excuse me if there's one thing I would like to emphasise in the few seconds that I have here today is that the European Union must be more forceful in its presentation of its position vis-à-vis the Middle East
21-04-04-m-059,I,ST,1,14.95,8.07,0.0,24,it must make it clear to Israel to the Palestinians and indeed to the United States that we are serious about finding a solution
21-04-04-m-059,I,ST,2,23.02,8.370000000000001,1.0,22,in order for that to happen the international community via the Quartet has to act as an even-handed broker for peace
21-04-04-m-059,I,ST,3,31.39,8.850000000000001,0.0,20,it it is deeply regrettable that the United States administration for purely electoral reasons has decided to ditch the roadmap
21-04-04-m-059,I,ST,4,40.24,12.71,0.0,35,we have to try and revive that insofar as we can and I wish the presidency in office luck in terms of the efforts it may do to achieve that over the next few weeks
21-04-04-m-059,I,ST,5,52.95,11.489999999999995,0.0,32,but we have one weapon in our hands which we have consistently refused to use or even to threaten to use and that is the suspension of the Association Agreement with Israel
21-04-04-m-059,I,ST,6,64.44,9.0,0.0,19,what other weapon have we got in order to pressurise Israel to take its responsibilities seriously in that region
21-04-04-m-059,I,ST,7,73.44,9.820000000000007,0.0,24,there is no other way in my view that we can bring the Israelis to the negotiating table in a serious frame of mind
21-04-04-m-059,I,ST,8,83.26,15.789999999999992,0.0,31,certainly the decision of the British or rather the British the US Government last week to play to the Sharon government has not resulted in the ending of their assassination policy
21-04-04-m-059,I,ST,9,99.05,15.590000000000003,0.0,41,it has not resulted in the ending of their apartheid wall policy or of its policy to the strengthening of settlements in the West Bank policy all of which is a recipe for continued pain and disaster in the Middle East
21-04-04-m-059,I,ST,10,114.64,0.769999999999996,0.0,2,thank you
21-04-04-m-059,I,TT,0,0.0,17.106,0.0,43,disculpen si hay algo en lo que quería hacer hincapié en los minutos de que dispongo hoy es que la Unión Europea ha de ser mucho más contundente a la hora de presentar su posición en cuanto a la situación de Oriente Medio
21-04-04-m-059,I,TT,1,17.106,7.699999999999999,0.0,23,ha ha de quedar claro a ante Israel a los palestinos e y Estados Unidos que somos serios que queremos encontrar una solución
21-04-04-m-059,I,TT,2,24.806,8.220000000000002,0.0,14,y que esto ha de lograrse a través de la comunidad internacional del Cuarteto
21-04-04-m-059,I,TT,3,33.026,9.169999999999995,0.0,17,es lamentable que la administración americana únicamente por razones políticas haya decidido enterrar la hoja de ruta
21-04-04-m-059,I,TT,4,42.196,14.375,0.0,24,yo creo que tenemos que revitalizarla y me gustaría que la presidencia en ejercicio haga todo lo posible para lograrlo en las próximas semanas
21-04-04-m-059,I,TT,5,56.571,11.805000000000007,1.0,31,yo creo que un arma que tenemos en nuestras manos y que no hemos utilizado ni hemos amenazado con utilizar es la suspensión del Acuerdo de Asociación de Cooperación con Israel
21-04-04-m-059,I,TT,6,68.376,7.269999999999996,0.0,20,qué otra arma o medio tenemos para exigir a Israel que se tome en serio sus responsabilidades en la región
21-04-04-m-059,I,TT,7,75.646,9.489999999999995,0.0,26,yo creo que no hay ningún otro método ni forma en que podamos pedir o lograr que los israelíes se sienten a la mesa de negociación
21-04-04-m-059,I,TT,8,85.136,27.340000000000003,0.0,34,desde luego la decisión del gobierno americano la semana pasada de seguir o aceptar el juego de Sharon pues no ha acabado con las ejecuciones extrajudiciales ni al refuerzo de los asentamientos en Cisjordania
21-04-04-m-059,I,TT,9,112.476,5.202781000000002,0.0,13,únicamente es la receta para seguir con una situación desastrosa en Oriente Próximo
21-04-04-m-060,I,ST,0,0.0,2.2,0.0,4,thank you very much
21-04-04-m-060,I,ST,1,2.2,4.78,0.0,21,and I want to thank all of the Members for their contributions to what has been a very very important debate
21-04-04-m-060,I,ST,2,6.98,12.989999999999998,0.0,51,and in fact I I think it is I I listened to the weariness in Commissioner Patten's voice when he was speaking and I think it's a weariness that's shared by us all in that we have to return the same issue over and over and over again
21-04-04-m-060,I,ST,3,19.97,8.11,0.0,26,and in the three short weeks since we debated this issue it saddens me to note that the situation has actually become worse and not better
21-04-04-m-060,I,ST,4,28.08,5.719999999999999,0.0,23,I think we are all depressed by the grim flow of events in endlessly grim flow of events that come from the region
21-04-04-m-060,I,ST,5,33.8,19.96,0.0,71,but I do think that the debate gives us an opportunity to continue to remind all of the players and all of the parties in the Middle East to take up the point made by Mr De Rossa in his final contribution that there is a requirement that people behave in a even-handed way and that there is a requirement that people behave within the acceptable limits of international law
21-04-04-m-060,I,ST,6,53.76,15.29,0.0,50,we should also take take the opportunity to remind other parties that there is no alternative but to the full and impartial negotiation of a two-state solution that this solution is the result of a or should result in a viable a contiguous and a sovereign independent Palestinian state
21-04-04-m-060,I,ST,7,69.05,1.0499999999999972,1.0,5,he's right on that
21-04-04-m-060,I,ST,8,70.1,3.1500000000000057,0.0,12,and that the roadmap is the only available route to achieving that
21-04-04-m-060,I,ST,9,73.25,2.7099999999999937,0.0,16,I just want to pick up one or two points made in the in the debate
21-04-04-m-060,I,ST,10,75.96,3.3800000000000097,0.0,12,if I if I correctly heard Mr Laschet he raised two points
21-04-04-m-060,I,ST,11,79.34,6.390000000000001,0.0,19,first I think he suggested that the presidency views on the roadmap was it was was somehow rather dead
21-04-04-m-060,I,ST,12,85.73,2.3999999999999915,0.0,8,in fact that's emphatically not the case
21-04-04-m-060,I,ST,13,88.13,1.960000000000008,0.0,9,that is certainly not the view of this presidency
21-04-04-m-060,I,ST,14,90.09,6.709999999999994,0.0,22,we've said time and time and time again that the roadmap is the only viable way out of the current morass
21-04-04-m-060,I,ST,15,96.8,8.200000000000003,0.0,22,secondly he also seemed to suggest that we see no opportunity for movement arising from the Israeli plans for withdrawal from Gaza
21-04-04-m-060,I,ST,16,105.0,6.030000000000001,0.0,21,and neither is this an accurate view of of the presidency's situation or the situation as I reflected at Tullamore
21-04-04-m-060,I,ST,17,111.03,7.390000000000001,0.0,22,I I I want to reject I think the idea that the Union members are in any way disunited on the matter
21-04-04-m-060,I,ST,18,118.42,4.679999999999993,0.0,10,there is absolute absolute agreement within the Union on this
21-04-04-m-060,I,ST,19,123.1,2.1200000000000045,0.0,7,the Council of Ministers made that clear
21-04-04-m-060,I,ST,20,125.22,11.599999999999994,0.0,29,the important substantial and and final statement agreed by the twenty-five Member Member ministers agreed unanimously by the members last weekend I think makes the position very clear
21-04-04-m-060,I,ST,21,136.82,4.909999999999997,0.0,16,questions arise whether the roadmap is dead that was touched on in Mr Laschet's contribution
21-04-04-m-060,I,ST,22,141.73,2.1000000000000227,0.0,8,of course the roadmap remains the only framework
21-04-04-m-060,I,ST,23,143.83,2.069999999999993,0.0,8,it is the only option that's available
21-04-04-m-060,I,ST,24,145.9,1.6500000000000057,0.0,5,there is nothing else available
21-04-04-m-060,I,ST,25,147.55,27.0,0.0,76,that point has got to be made clear and I am confident that the validity and the central relevance of the roadmap is is is not only as as important now as it was when it was first put in place but that the relevance and importance and the significance must be continued continue to be reiterated particularly when the Quartet meets probably in New York on the on the on the fourth of of May
21-04-04-m-060,I,ST,26,174.55,8.589999999999975,0.0,17,the question arises regarding the the the plans to dismantle the Israeli settlements of the Gaza Strip
21-04-04-m-060,I,ST,27,183.14,10.170000000000016,0.0,33,now again the foreign ministers and the general affairs ministers have made it clear that there are five elements that we have in that that there are five elements in in this area
21-04-04-m-060,I,ST,28,193.31,6.659999999999997,0.0,21,first that's the the arrangements in Gaza the withdrawal in Gaza must take place within the context of the roadmap
21-04-04-m-060,I,ST,29,199.97,3.740000000000009,0.0,14,secondly that it must be seen as a step towards a two-state solution
21-04-04-m-060,I,ST,30,203.71,8.289999999999992,0.0,21,thirdly that it must involve the transfer of must not involve not involve transfer of settlement activity to the West Bank
21-04-04-m-060,I,ST,31,212.0,14.5,0.0,36,fourthly that there must be an organised and negotiated handover to the Palestinian Authority and that Israel must facilitate the humanitarian reconstruction of of the Gaza and of course the European Union has invested very heavily
21-04-04-m-060,I,ST,32,226.5,15.169999999999987,0.0,38,a speaker touched on the issue of anti-Semitism and of course the ongoing difficulties in the region must never ever be allowed to become the basis of of anti-Semitism to raise its head in Europe again
21-04-04-m-060,I,ST,33,241.67,2.6100000000000136,0.0,10,and I agree with Baroness Ludford on that particular point
21-04-04-m-060,I,ST,34,244.28,1.3300000000000125,0.0,7,I think her point is well taken
21-04-04-m-060,I,ST,35,245.61,14.259999999999991,0.0,28,the European Union last autumn took an unprecedented initiative at the UN General Assembly in proposing a stand-alone resolution condemning all manifestations of anti-Semitism anti-Semitism
21-04-04-m-060,I,ST,36,259.87,13.95999999999998,0.0,40,and at the OSCE conference which will take place in Berlin on the twenty-eigth and the twenty-ninth of April the Union will play its full and its appropriate part in in addressing and in condemning this appalling phenomenon
21-04-04-m-060,I,ST,37,273.83,11.800000000000011,1.0,27,finally touching on just two points there was a point arising from Mr De Rossa's Proinsias De Rossa my good friend Proinsias De Rossa's contribution
21-04-04-m-060,I,ST,38,285.63,4.2099999999999795,0.0,16,there's much that Proinsias has said on this particular issue that I agree with wholeheartedly
21-04-04-m-060,I,ST,39,289.84,6.650000000000034,0.0,20,the European Union must be an even-handed player and and and Member De Rossa is absolutely consistent on that
21-04-04-m-060,I,ST,40,296.49,2.339999999999975,1.0,8,and he's also absolutely right on that
21-04-04-m-060,I,ST,41,298.83,5.199999999999989,1.0,19,he's right also on the need for all players all of the players to take a balanced view
21-04-04-m-060,I,ST,42,304.03,7.640000000000043,0.0,24,I'm not sure however that he is correct when he suggested that suspension of the Association Agreement is a tool that is appropriate
21-04-04-m-060,I,ST,43,311.67,2.9599999999999795,0.0,13,the first of all suspension is not on the agenda at the moment
21-04-04-m-060,I,ST,44,314.63,4.550000000000011,0.0,13,and secondly consensus within the Union would be required for such a step
21-04-04-m-060,I,ST,45,319.18,7.7900000000000205,0.0,21,the argument that such an action should take place would have to obviously look at the undesirable consequences arising from it
21-04-04-m-060,I,ST,46,326.97,10.67999999999995,0.0,28,the Agreement itself also in Article two reinforces obligations which already fall on the signatories in respect of human rights and maybe we should be emphasising that responsibility
21-04-04-m-060,I,ST,47,337.65,14.800000000000011,0.0,39,meetings of the Association Councils with Israel provide the European Union with an opportunity to highlight our concerns the concerns that Mr De Rossa has has has stated here so many times in the past to the Israeli authorities
21-04-04-m-060,I,ST,48,352.45,3.009999999999991,0.0,12,it's better at least to have a channel to do that
21-04-04-m-060,I,ST,49,355.46,17.340000000000032,-1.0,43,finally I think it would be wrong to let the debate pass without a further word regarding suicide bombings and terrorist attacks against Israel because the Israeli from the Israeli viewpoint all too often we are portrayed as being unconscious of their concerns
21-04-04-m-060,I,ST,50,372.8,1.8799999999999955,0.0,8,and that of course is not the case
21-04-04-m-060,I,ST,51,374.68,3.8799999999999955,-1.0,9,suicide and terrorist attacks against civilian targets are condemned
21-04-04-m-060,I,ST,52,378.56,1.1800000000000068,0.0,4,they're an abomination
21-04-04-m-060,I,ST,53,379.74,1.5199999999999818,0.0,4,we all condemn them
21-04-04-m-060,I,ST,54,381.26,16.689999999999998,0.0,45,suicide bombings advance no legitimate agenda and can only do damage to the interests of the Palestinian people as well as causing further untold mayhem damage and suffering to a race of people the Israeli people who have suffered far too much in the past
21-04-04-m-060,I,ST,55,397.95,5.660000000000025,0.0,18,we have to be even-handed in this and I think that Europe is even-handed in this
21-04-04-m-060,I,ST,56,403.61,17.94999999999999,1.0,46,I agree with Commissioner Patten also in his observation that if Europe yet again rebuilds what has been put in place to support the Palestinian people the least we can expect is that the Israeli authorities would would support and respect and protect that infrastructure also
21-04-04-m-060,I,ST,57,421.56,3.1100000000000136,0.0,4,thank you Mr President
21-04-04-m-060,I,TT,0,0.0,0.776,0.0,1,gracias
21-04-04-m-060,I,TT,1,0.776,8.27,0.0,14,y gracias a todos los diputados por su contribución a un debate muy importante
21-04-04-m-060,I,TT,2,9.046,28.549999999999997,1.0,58,he escuchado la fatiga en la voz del Señor Patten cuando hablaba de que tenemos que volver una y otra vez al mismo tema y cuando debatimos ya antes esta cuestión desde entonces me entristece comprobar que la situación ha ido empeorando en lugar de mejorar y este flujo de acontecimientos tristes negativos que provienen de esa región
21-04-04-m-060,I,TT,3,37.596,15.360000000000007,1.0,40,todas las partes implicadas en Oriente Medio deberían tener en cuenta lo que ha dicho el Señor De Rossa en su última contribución de que es necesario comportarse de forma equitativa y dentro de los límites aceptables del derecho internacional
21-04-04-m-060,I,TT,4,52.956,19.61999999999999,0.0,43,también aprovechamos para decir a las demás parte que no hay alternativa a la negociación imparcial de dos estados que dé como resultado un estado palestino independiente y viable y que la hoja de ruta es la única forma por ahora para conseguirlo
21-04-04-m-060,I,TT,5,72.576,2.8200000000000074,0.0,10,recojo un par de puntos ahora mencionados en el debate
21-04-04-m-060,I,TT,6,75.396,2.760000000000005,0.0,9,si entendí bien el Señor Laschet dijo dos cosas
21-04-04-m-060,I,TT,7,78.156,7.609999999999999,0.0,20,primero creo que sugirió que la opinión de la presidencia sobre la hoja de ruta estaba era que estaba muerta
21-04-04-m-060,I,TT,8,85.766,1.3299999999999983,0.0,5,desde luego no es así
21-04-04-m-060,I,TT,9,87.096,1.8999999999999915,0.0,7,no opina eso esta presidencia en absoluto
21-04-04-m-060,I,TT,10,88.996,6.290000000000006,0.0,21,hemos dicho una y otra vez que la hoja de ruta es la única forma viable para salir de este caos
21-04-04-m-060,I,TT,11,95.286,8.569999999999993,0.0,24,segundo también pareció sugerir que no había ninguna posibilidad de que surgiera un movimiento a partir de los planes israelíes de retirada de Gaza
21-04-04-m-060,I,TT,12,103.856,5.1000000000000085,0.0,11,y también esto me y dijo que esta situación era inexacta
21-04-04-m-060,I,TT,13,108.956,9.14,0.0,18,pues bien rechazo también la idea de que los miembros de la Unión estén desunidos sobre esta cuestión
21-04-04-m-060,I,TT,14,118.096,3.539999999999992,1.0,10,hay un acuerdo absoluto dentro de la Unión sobre esto
21-04-04-m-060,I,TT,15,121.636,3.030000000000001,0.0,7,el Consejo de Ministros lo dejó claro
21-04-04-m-060,I,TT,16,124.666,11.27000000000001,0.0,21,la declaración final acordada por los veinticinco ministros unánimemente en el fin de semana pasado creo que deja clara esa posición
21-04-04-m-060,I,TT,17,135.936,4.329999999999984,0.0,13,han surgido las cuestiones relativas a si está muerta la hoja de ruta
21-04-04-m-060,I,TT,18,140.266,4.210000000000008,0.0,15,por supuesto la hoja de ruta sigue siendo el único marco la única opción disponible
21-04-04-m-060,I,TT,19,144.476,1.3000000000000114,0.0,5,no hay ninguna otra cosa
21-04-04-m-060,I,TT,20,145.776,3.7099999999999795,0.0,5,esto hay que dejarlo clarísimo
21-04-04-m-060,I,TT,21,149.486,19.53,0.0,40,y confío en que la validez en en la confianza y la validez de la hoja de ruta es no sólo tan importante ahora como cuando se inició sino que hay que seguir reiterándolo porque esto ha aumentado aún más
21-04-04-m-060,I,TT,22,169.016,5.570000000000022,0.0,18,esto es lo que dirá el Cuarteto cuando se reunirá en Nueva York probablemente el cuatro de mayo
21-04-04-m-060,I,TT,23,174.586,8.399999999999977,0.0,14,se ha hablado también de los planes para desmantelar los asentamientos israelíes en Gaza
21-04-04-m-060,I,TT,24,182.986,9.26000000000002,0.0,20,los ministros de exteriores y los ministros de asuntos generales han dejado claro que hay cinco elementos en este área
21-04-04-m-060,I,TT,25,192.246,5.909999999999997,0.0,20,primero las disposiciones en Gaza la retirada de Gaza debe de hacerse dentro del contexto de la hoja de ruta
21-04-04-m-060,I,TT,26,198.156,5.25,0.0,12,segundo debe verse como un paso hacia una solución de dos estados
21-04-04-m-060,I,TT,27,203.406,9.620000000000005,0.0,20,y tercero que tiene que que no debe suponer la transferencia de la actividad de los asentamientos al a Cisjordania
21-04-04-m-060,I,TT,28,213.026,13.509999999999991,0.0,38,y por último tiene que haber una negociación para la transferencia de poder a la Autoridad Palestina y que Israel tiene que facilitar la reconstrucción y las labores humanitarias de Gaza donde ha invertido mucho la Unión Europea
21-04-04-m-060,I,TT,29,226.536,3.9199999999999875,0.0,5,un orador mencionó el antisemitismo
21-04-04-m-060,I,TT,30,230.456,12.090000000000003,0.0,25,es cierto que las dificultades actuales de la Unión no debe permitirse jamás que se conviertan en la base del resurgir del antisemitismo en Europa
21-04-04-m-060,I,TT,31,242.546,2.390000000000015,1.0,5,estamos de acuerdo en ello
21-04-04-m-060,I,TT,32,244.936,14.659999999999997,0.0,22,la Comisión la Unión Europea tomó una decisión sin precedentes en la Asamblea General en que condenaba todas las manifestaciones del antisemitismo
21-04-04-m-060,I,TT,33,259.596,13.199999999999989,0.0,25,y en la conferencia de Berlín el veintiocho veintinueve de abril la Unión Europea desempeñará el papel que le corresponde abordando y condenando este fenómeno
21-04-04-m-060,I,TT,34,272.796,16.50999999999999,1.0,31,y por último dos últimos puntos uno que mencionó el Señor De Rossa mi bien amigo el Señor De Rossa estoy completamente de acuerdo con lo que ha dicho al respecto
21-04-04-m-060,I,TT,35,289.306,5.900000000000034,0.0,12,es que la Unión Europea tiene que ser un jugador neutral objetivo
21-04-04-m-060,I,TT,36,295.206,2.9599999999999795,0.0,5,tiene absolutamente toda la razón
21-04-04-m-060,I,TT,37,298.166,5.300000000000011,0.0,16,y también tiene razón al decir que todos los participantes tienen que tener una opinión equilibrada
21-04-04-m-060,I,TT,38,303.466,6.769999999999982,1.0,22,sin embargo no estoy seguro de que tenga razón cuando dice que la suspensión del Acuerdo de Asociación es una herramienta apropriada
21-04-04-m-060,I,TT,39,310.236,3.4600000000000364,0.0,10,en primer lugar la suspensión no está prevista por ahora
21-04-04-m-060,I,TT,40,313.696,5.9599999999999795,0.0,15,en segundo lugar el consenso en la Unión sería algo necesario para tomar esa medida
21-04-04-m-060,I,TT,41,319.656,8.774999999999977,0.0,19,para que tomar esta medida habría que tener también en cuenta las consecuencias no deseables a que esto llevaría
21-04-04-m-060,I,TT,42,328.431,5.545000000000016,0.0,13,en el artículo dos se refuerzan las obligaciones ya previstas sobre derechos humanos
21-04-04-m-060,I,TT,43,333.976,4.0400000000000205,0.0,6,quizás deberíamos enfatizar también esta responsabilidad
21-04-04-m-060,I,TT,44,338.016,14.639999999999986,0.0,36,el Consejo de Asociación con Israel ha dado a la Unión Europea la oportunidad de destacar nuestras preocupaciones ya mencionadas por el Señor De Rossa y tantas veces repetidas en el pasado a las autoridades israelíes
21-04-04-m-060,I,TT,45,352.656,3.509999999999991,0.0,6,tenemos la oportunidad de seguir haciéndolo
21-04-04-m-060,I,TT,46,356.166,10.819999999999993,-1.0,25,y para concluir creo que sería erróneo acabar el debate sin hablar una vez más de los ataques suicidas y las bombas terroristas contra Israel
21-04-04-m-060,I,TT,47,366.986,6.639999999999986,0.0,16,desde el punto de vista israelí muchas veces nos ven como inconscientes o insensibles al sufrimiento
21-04-04-m-060,I,TT,48,373.626,0.4500000000000455,0.0,4,y no es así
21-04-04-m-060,I,TT,49,374.076,0.7299999999999613,0.0,1,claro
21-04-04-m-060,I,TT,50,374.806,5.75,-1.0,14,los ataques suicidas y terroristas contra objetivos civiles son una abominación que todos condenamos
21-04-04-m-060,I,TT,51,380.556,15.569999999999993,0.0,31,estas bombas con suicidas sólo pueden perjudicar los intereses del pueblo palestino además de provocar el caos y el sufrimiento al pueblo israelí que ha sufrido ya demasiado en el pasado
21-04-04-m-060,I,TT,52,396.126,6.2000000000000455,0.0,13,tenemos que ser equilibrados también en esto y creo que Europa lo es
21-04-04-m-060,I,TT,53,402.326,19.620000000000005,1.0,38,estoy de acuerdo con el Comisario Patten en su observación de que si Europa se dedica a la reconstrucción del pueblo palestino lo menos que podemos esperar es que el gobierno israelí también respete y proteja esa infraestructura
21-04-04-m-060,I,TT,54,421.946,1.0005309999999668,0.0,1,gracias
21-04-04-m-064,I,ST,0,0.0,3.34,0.0,8,certainly doing some overtime here today Chairman President
21-04-04-m-064,I,ST,1,3.34,7.960000000000001,0.0,17,just struck me whatever about my speaking record in Dail Eireann be particularly poor at the moment
21-04-04-m-064,I,ST,2,11.3,4.0,0.0,14,it it's it's I'm hitting new targets new target levels here
21-04-04-m-064,I,ST,3,15.3,6.239999999999998,0.0,16,Mr President Honourable Members the transatlantic relationship is a core element in Ireland's presidency programme
21-04-04-m-064,I,ST,4,21.54,4.75,0.0,18,and we are working very hard to reaffirm the strength the depth and the significance of that relationship
21-04-04-m-064,I,ST,5,26.29,4.039999999999999,0.0,11,and that of course will come as no surprise to anybody
21-04-04-m-064,I,ST,6,30.33,6.609999999999999,0.0,15,politically and economically the European Union and the United States have never been more interdependent
21-04-04-m-064,I,ST,7,36.94,6.789999999999999,0.0,24,while it's not possible to be in full agreement on all issues and friends very seldom are in full agreement on all issues
21-04-04-m-064,I,ST,8,43.73,5.630000000000003,0.0,21,and in fact I think a sign of mature friendship is that you can differ on issues even on significant issues
21-04-04-m-064,I,ST,9,49.36,10.579999999999998,0.0,34,so while it's not possible to be in full agreement on all issues it is important that any differences that that exist are managed in a way which avoids damaging the overall relationship
21-04-04-m-064,I,ST,10,59.94,7.430000000000007,0.0,23,we all know that the European Union and US relationship has been through a difficult period and not least over policy on Iraq
21-04-04-m-064,I,ST,11,67.37,5.530000000000001,0.0,14,there have been tensions and disagreements both across the Atlantic and indeed within Europe
21-04-04-m-064,I,ST,12,72.9,7.609999999999999,1.0,23,and in fact it's good to sometimes to remind ourselves from time to time that nobody has an absolute monopoly on wisdom
21-04-04-m-064,I,ST,13,80.51,6.159999999999997,0.0,23,similarly on the way forward in the Middle East there have been differences of approach between the United States and the European Union
21-04-04-m-064,I,ST,14,86.67,7.609999999999999,0.0,22,we are nonetheless prepared to keep working on the basis of the roadmap including of course through the mechanism of the Quartet
21-04-04-m-064,I,ST,15,94.28,8.870000000000005,0.0,22,for too long now a negative image of the transatlantic relationship has been portrayed in certain circles and actually in certain media
21-04-04-m-064,I,ST,16,103.15,13.179999999999993,1.0,40,it often sometimes seems to be an iron law of the media that disagreement is more noteworthy than agreement and I suppose in a sense it's easy to see how disagreement makes good news or certainly makes good copy
21-04-04-m-064,I,ST,17,116.33,11.790000000000006,0.0,28,it's important therefore that we as elected representatives should inform our citizens that overall the transatlantic relationship is in fact extremely productive and in fact still positive
21-04-04-m-064,I,ST,18,128.12,18.539999999999992,0.0,60,the Taoiseach Beartie Ahern has said in this Parliament in January last and we should remind ourselves of his words that the world is a better and a safer place when the European Union and the United States work together when they pool their considerable energy and resources to achieve our shared goals based on our shared values closed quotes
21-04-04-m-064,I,ST,19,146.66,10.670000000000016,0.0,25,the presidency Ireland is focusing on pragmatic cooperation with our with our US partners and pragmatism I think should inform our approach rather than ideology
21-04-04-m-064,I,ST,20,157.33,18.44999999999999,0.0,58,and we are trying to work closely together on many foreign policy areas including counterterrorism non-proliferation Afghanistan the Middle East and the western Balkans to single out just a few of the dossiers in which we do have a common interest and to single out just a few of the areas where we are working closely together
21-04-04-m-064,I,ST,21,175.78,4.780000000000001,0.0,17,we won't agree on all those areas but at least we are working in a direction
21-04-04-m-064,I,ST,22,180.56,8.550000000000011,0.0,20,on economic and trade issues in particular I believe that it's important to put any transatlantic differences into perspective
21-04-04-m-064,I,ST,23,189.11,19.579999999999984,0.0,54,Ireland as presidency is seeking to put the force the focus on the positive economic agenda between the United States and the and and the and the European Union while effectively managing the small number of outstanding disputes which account for perhaps three per cent or maybe slightly less of our overall trade policies
21-04-04-m-064,I,ST,24,208.69,10.800000000000011,0.0,26,Mr President I I want to take this opportunity to address one particular point of immediate concern in terms of our relationship with the United States
21-04-04-m-064,I,ST,25,219.49,8.789999999999992,0.0,23,I followed very closely the debate in this Parliament on the international agreement with the United States on the transfer of passenger information
21-04-04-m-064,I,ST,26,228.28,21.44999999999999,0.0,58,and I am conscious of the concerns that have been raised including the concerns about the need to uphold citizens rights civil liberties and rights of privacy to redress in any in any taking in the redress sorry to to to protect citizen's rights to privacy and to address in and redress in the event of error
21-04-04-m-064,I,ST,27,249.73,11.289999999999992,0.0,33,and I understand fully the point that has been made by the Members of Parliament that it is important in the PNR area that we do have a way of of redressing errors
21-04-04-m-064,I,ST,28,261.02,8.200000000000045,-1.0,23,I'm also conscious too of the need to address the very real concerns that exist in the US about the terrorist threat
21-04-04-m-064,I,ST,29,269.22,10.619999999999948,0.0,32,Mr President last this day last week for the very first time I was in New York and I actually went to the scene of the horror at the World Trade Center
21-04-04-m-064,I,ST,30,279.84,11.610000000000014,0.0,40,I've been in New York four times since nine eleven and I've always avoided going down there because frankly I witnessed that as we all did on the television and I didn't wish to see the pain
21-04-04-m-064,I,ST,31,291.45,16.560000000000002,0.0,45,so I do understand in that context why the US and why certain factions of people within the United States see the need to adopt a very stringent role and attitude in their response to terrorism and particular why they are concerned about this issue
21-04-04-m-064,I,ST,32,308.01,1.740000000000009,0.0,8,so let me be clear on the point
21-04-04-m-064,I,ST,33,309.75,15.550000000000011,0.0,45,I believe that the Commission has worked long and hard to ensure that the draft agreement strikes a balance strikes a balance between the rightful concerns to protect personal privacy and the need to increase security in the air for all passengers across the Atlantic
21-04-04-m-064,I,ST,34,325.3,8.389999999999986,0.0,23,I of course accept and of course respect that not all Members of this House think that the balance has been properly struck
21-04-04-m-064,I,ST,35,333.69,6.089999999999975,0.0,23,but I would make the point to the Members that the Commission has to be commended for the work that it has done
21-04-04-m-064,I,ST,36,339.78,7.360000000000014,0.0,21,if I may quote take words from from Graham Watson's mouth here earlier today when he spoke of another agreement
21-04-04-m-064,I,ST,37,347.14,5.139999999999986,0.0,22,he said that this is an agreement which may be the best worst solution but it's the solution that's available
21-04-04-m-064,I,ST,38,352.28,1.910000000000025,0.0,5,he was talking about Cyprus
21-04-04-m-064,I,ST,39,354.19,5.78000000000003,0.0,21,and these may well these words may well apply also to the agreement on which this House will divide very shortly
21-04-04-m-064,I,ST,40,359.97,5.1299999999999955,0.0,16,I believe that the Commission has done as well as it could be expected to do
21-04-04-m-064,I,ST,41,365.1,18.41999999999996,0.0,67,and I do believe that the agreement which is on offer is the best that we are going to get and certainly much better than we will get if we enter into some form of stasis and stand-off situation with the US authorities on this in the next few hours because in reality they will take the decisions which they believe are necessary for their security
21-04-04-m-064,I,ST,42,383.52,15.430000000000007,0.0,47,and I do not believe that if a European citizen on their holidays in Florida has to queue for eighteen or nineteen hours in the heat of the day waiting for clearance that they will thank any of us if we make decision which is ill-informed
21-04-04-m-064,I,ST,43,398.95,3.009999999999991,0.0,14,that's not to say that I do not respect the views of Members
21-04-04-m-064,I,ST,44,401.96,1.3799999999999955,0.0,4,of course I do
21-04-04-m-064,I,ST,45,403.34,9.450000000000045,1.0,39,I've listened and I've actually read a great deal of the correspondence that has actually transferred in the last forty-eight hours here and I've discussed the issue and my concerns on the issue with Members
21-04-04-m-064,I,ST,46,412.79,1.1200000000000045,0.0,3,I understand fully
21-04-04-m-064,I,ST,47,413.91,1.7399999999999523,0.0,4,I appreciate the concerns
21-04-04-m-064,I,ST,48,415.65,2.490000000000009,0.0,8,of course people want to protect civil liberties
21-04-04-m-064,I,ST,49,418.14,11.470000000000027,0.0,35,but I think we also want to protect the reality and the reality is that if we make the wrong decision very few people in Europe will be thanking us in a month's time
21-04-04-m-064,I,ST,50,429.61,5.3700000000000045,0.0,16,that said Mr President I respect any decision that this that this that this Parliament makes
21-04-04-m-064,I,ST,51,434.98,5.669999999999959,0.0,20,Mr President the deal as I said which has been worked out by by the Commission is a necessary deal
21-04-04-m-064,I,ST,52,440.65,2.330000000000041,1.0,8,in the circumstances it's a good deal
21-04-04-m-064,I,ST,53,442.98,2.4499999999999886,0.0,5,the status quo is unsustainable
21-04-04-m-064,I,ST,54,445.43,9.279999999999973,1.0,31,failure to support the draft agreement opens the way to uncertainty and particularly uncertainty for the airline industry and it will be detrimental to the interests and the needs of passengers
21-04-04-m-064,I,ST,55,454.71,1.9300000000000068,0.0,8,and I think that's the important point
21-04-04-m-064,I,ST,56,456.64,2.1200000000000045,0.0,10,I I I I accept as I said the concerns
21-04-04-m-064,I,ST,57,458.76,7.689999999999998,0.0,23,I accept the anxiety that we should have protections certainly that there should be a finality on on on information that is transferred
21-04-04-m-064,I,ST,58,466.45,4.829999999999984,0.0,12,but all of that said we need to take practical political decisions
21-04-04-m-064,I,ST,59,471.28,5.470000000000027,0.0,14,we are politicians here in a political assembly and we should make decisions here
21-04-04-m-064,I,ST,60,476.75,8.480000000000018,1.0,31,a balanced deal and work the opportunity to work and to put in place a good and balanced deal as soon as possible is something that we should all work for
21-04-04-m-064,I,ST,61,485.23,14.659999999999968,0.0,37,Mr President the Irish the Irish Minister for Foreign Affairs Brian Cowen led the European Union Troika for the successful EU-US ministerial meeting in Washington on the first of May last on first of March last
21-04-04-m-064,I,ST,62,499.89,5.160000000000025,0.0,17,he met with US Secretary of State Colin Powell and with the National Security Adviser Condoleeza Rice
21-04-04-m-064,I,ST,63,505.05,13.979999999999961,0.0,45,their discussions were extensive and they were frank and they covered a range of of international issues of shared concern and in fact anybody who knows Minister Cowen will know that any discussion he enters into is usually frank and vigorous and to the point
21-04-04-m-064,I,ST,64,519.03,14.629999999999995,0.0,43,in the it is in the same spirit of partnership that the Taoiseach took forward looks forward to welcoming President Bush to Ireland for the US-EU summit in June a summit meeting which I know will bring added value to the relationship
21-04-04-m-064,I,ST,65,533.66,3.1100000000000136,0.0,13,it's a summit which of course has been criticised in some places
21-04-04-m-064,I,ST,66,536.77,10.440000000000055,0.0,33,but the reality of it is that the United States exists and Europe exists and it would be foolhardy in the extreme if we didn't continue to debate and discuss our relationship
21-04-04-m-064,I,ST,67,547.21,6.5,0.0,20,the other vital pillar of the transatlantic relationship is of course the Union's close and productive relationship with Canada
21-04-04-m-064,I,ST,68,553.71,5.469999999999914,0.0,17,and in fact when we talk about the transatlantic relationship we all too often forget that reality
21-04-04-m-064,I,ST,69,559.18,16.300000000000068,1.0,51,from our shared history and from our shared values political pluralism democracy rule of law and human rights there's been so much evidence we have a very and of course our firm attachment to the the United Nations and to multilateralism Europe and Canada have a great deal in common
21-04-04-m-064,I,ST,70,575.48,3.409999999999968,0.0,11,and the relationship between Europe and Canada is a close one
21-04-04-m-064,I,ST,71,578.89,5.889999999999986,0.0,19,it is a productive one and it is one that requires recognition by both sides from time to time
21-04-04-m-064,I,ST,72,584.78,7.529999999999973,0.0,27,it is in this context that the very successful EU-Canada summit in Ottawa on the eighteenth of March saw the launch of two major new initiatives
21-04-04-m-064,I,ST,73,592.31,10.180000000000064,0.0,18,the EU-Canada Partnership Agenda and the framework of of a new bilateral trade and investment enhancement agreement
21-04-04-m-064,I,ST,74,602.49,20.389999999999986,0.0,51,the summit in Ottawa also gave a chance to the President of the Council and the Prime Minister Prime Minister Martin to lead their EU and Canadian terms teams in a wide-ranging discussions on major international issues including looking at ways to promote effective global governance through revitalised international institutions
21-04-04-m-064,I,ST,75,622.88,16.379999999999995,0.0,54,and I should say from a personal experience having worked for a very brief time with CEDA in Canada the Canadians have a huge amount and bring a huge amount to the table in this particular regard something which they do quietly and in an unobtrusive way and which is all too frequently ignored
21-04-04-m-064,I,ST,76,639.26,8.860000000000014,0.0,27,in closing I want to say that I am very conscious that our transatlantic dialogue is informed by more than what happens at official and government levels
21-04-04-m-064,I,ST,77,648.12,12.100000000000023,0.0,38,for this reason we were very happy two weeks ago to host in Ireland the fifty-eighth interparliamentary meeting between the European Parliament and the US Congress under the joint chairmanship of Jim Nicholson and and Henry Hyde
21-04-04-m-064,I,ST,78,660.22,11.999976999999944,1.0,35,it was my very great pleasure to to actually host one of those meetings and it was a quite remarkable exchange and I want to commend the Members of this House for this particular initiative
21-04-04-m-064,I,ST,79,672.219977,15.070022999999992,0.0,41,it is very very very important that this House continues to have a very lively dialogue with Congress because all too often and my own personal experience is all too often in Congress Europe is seen through a very hazy glass
21-04-04-m-064,I,ST,80,687.29,8.440000000000055,1.0,27,and I think the type of one-to-one relationship which this House has established with its counterparts in Congress is a very very welcome very welcome
21-04-04-m-064,I,ST,81,695.73,3.1200000000000045,0.0,13,I I I as I said at first hand I witnessed the exchanges
21-04-04-m-064,I,ST,82,698.85,0.6399999999999864,0.0,3,they're healthy
21-04-04-m-064,I,ST,83,699.49,0.7100000000000364,0.0,3,they're positive
21-04-04-m-064,I,ST,84,700.2,1.25,0.0,3,they're productive
21-04-04-m-064,I,ST,85,701.45,2.2899999999999636,0.0,10,I had the opportunity I said to meet the MEPs
21-04-04-m-064,I,ST,86,703.74,7.350000000000023,0.0,27,the debates I know were very were quite extraordinarily wide-ranging and as the meeting was held in Ireland a lot of it in my own constituency
21-04-04-m-064,I,ST,87,711.09,3.2799999999999727,1.0,16,a good time was had by all as well and there's no harm in that
21-04-04-m-064,I,ST,88,714.37,6.580000000000041,0.0,19,the presidency is fully aware fully aware of how closely the Parliament is involved in progressing the transatlantic relationship
21-04-04-m-064,I,ST,89,720.95,5.019999999999982,1.0,15,we celebrate that that that good work and we want to commend that good work
21-04-04-m-064,I,ST,90,725.97,13.049999999999955,-1.0,42,Mr President I realise that some of the words that I have said will not particularly fall easily on some of the ears in this House but they are made against the background that friends sometimes can disagree even on important issues
21-04-04-m-064,I,ST,91,739.02,3.060000000000059,0.0,2,thank you
21-04-04-m-064,I,TT,0,0.0,7.486,0.0,10,hoy voy a hacer horas extras parece ser señor Presidente
21-04-04-m-064,I,TT,1,7.486,10.25,0.0,16,me llama la atención de que me están dando nuevos umbrales para estar a la altura
21-04-04-m-064,I,TT,2,17.736,5.079999999999998,0.0,11,Señorías las relaciones transatlánticas son un elemento fundamental en nuestro programa
21-04-04-m-064,I,TT,3,22.816,7.109999999999999,0.0,21,y estamos haciendo todo lo posible por relanzar la importancia y profundidad de esta relación algo que no sorprenderá a nadie
21-04-04-m-064,I,TT,4,29.926,0.370000000000001,0.0,3,qué duda cabe
21-04-04-m-064,I,TT,5,30.296,7.82,0.0,20,desde el punto de vista político y económico la Unión Europea y los Estados Unidos jamás han estado tan imbricados
21-04-04-m-064,I,TT,6,38.116,5.725000000000001,1.0,13,no se puede estar de acuerdo plenamente sobre todo tampoco ocurre entre amigos
21-04-04-m-064,I,TT,7,43.841,8.155000000000001,0.0,16,creo que es un signo de una amistad madura que uno pueda disentir en cuestiones importantes
21-04-04-m-064,I,TT,8,51.996,11.214999999999996,0.0,20,pero entiendo que cualquier diferencia que pueda existir se maneja de forma que no deteriore la amistad en su conjunto
21-04-04-m-064,I,TT,9,63.211,4.829999999999998,0.0,11,hemos pasado por una fase difícil entre otras cosas por Iraq
21-04-04-m-064,I,TT,10,68.041,12.295000000000002,0.0,18,ha habido ha habido tensiones diferencias de opinión en ambas partes a los en ambos lados del Atlántico
21-04-04-m-064,I,TT,11,80.336,2.4399999999999977,0.0,9,y nadie está en posesión de la entera verdad
21-04-04-m-064,I,TT,12,82.776,4.290000000000006,0.0,11,y en cuanto a Oriente Medio también ha habido diferentes enfoques
21-04-04-m-064,I,TT,13,87.066,12.149999999999991,0.0,20,ahora estamos dispuestos a seguir empeñados en promulgar la hoja de ruta sobre la base del los esfuerzos del Cuarteto
21-04-04-m-064,I,TT,14,99.216,5.050000000000011,0.0,8,ahora se dice que la relación está deteriorada
21-04-04-m-064,I,TT,15,104.266,9.579999999999998,0.0,20,así se refleja en los medios de comunicación porque claro es mucho más jugoso para la prensa mucho más interesante
21-04-04-m-064,I,TT,16,113.846,1.8599999999999994,0.0,3,hace mejores titulares
21-04-04-m-064,I,TT,17,115.706,2.509999999999991,0.0,3,vende mayores tiradas
21-04-04-m-064,I,TT,18,118.216,11.190000000000012,0.0,24,pero como representantes que somos deberíamos informar a nuestros ciudadanos de que en general las relaciones transatlánticas siguen pues siendo enormemente productivas y positivas
21-04-04-m-064,I,TT,19,129.406,5.590000000000003,0.0,8,Bertie Ahern en enero así lo hizo notar
21-04-04-m-064,I,TT,20,134.996,12.530000000000001,0.0,28,dijo que el mundo es un mundo mejor y más seguro cuando cooperan Estados Unidos y la Unión Europea porque conjugan aunan enormes recursos para bien de todos
21-04-04-m-064,I,TT,21,147.526,2.0,0.0,5,fin de la cita libre
21-04-04-m-064,I,TT,22,149.526,12.019999999999982,0.0,20,de manera que apostamos por una cooperación pragmática con nuestros interlocutores estadounidenses el pragmatismo debe ser el centro de actuación
21-04-04-m-064,I,TT,23,161.546,16.79000000000002,-1.0,37,también a la hora de luchar contra el terrorismo la no proliferación Afganistán Oriente Medio los Balcanes por darles algunos botones de muestra de los expedientes en los cuales tenemos un interés común y trabajamos estrechamente juntos
21-04-04-m-064,I,TT,24,178.336,3.530000000000001,0.0,18,y en otros no necesariamente estamos siempre tan parejos pero por lo menos vamos en la misma dirección
21-04-04-m-064,I,TT,25,181.866,10.339999999999975,0.0,17,y en cuestiones comerciales es importante hacer notar que hay que enfocar y y relativizar cualquier diferencia
21-04-04-m-064,I,TT,26,192.206,17.79000000000002,0.0,34,intentamos centrarnos en lo positivo de nuestro orden del día comercial y gestionamos los pocos puntos litigiosos pendientes que serían un tres por ciento o incluso menos del total de nuestra política comercial conjunta
21-04-04-m-064,I,TT,27,209.996,8.70999999999998,0.0,22,señor Presidente aprovecho la ocasión para referirme a un punto en concreto de urgencia inmediata en nuestras relaciones con los Estados Unidos
21-04-04-m-064,I,TT,28,218.706,9.740000000000009,1.0,25,he seguido con mucha atención el debate de esta Cámara sobre el acuerdo internacional con los Estados Unidos sobre la transferencia de información sobre pasajeros
21-04-04-m-064,I,TT,29,228.446,11.939999999999998,0.0,26,y me doy perfecta cuentas de las preocupaciones manifestadas entre ellas la necesidad de mantener los derechos civiles las libertades públicas los derechos de los ciudadanos
21-04-04-m-064,I,TT,30,240.386,14.030000000000001,0.0,24,a este respecto la protección de los derechos de los ciudadanos que no se puede menoscabar y entiendo perfectamente lo que dicen sus señorías
21-04-04-m-064,I,TT,31,254.416,1.6550000000000296,0.0,2,es importante
21-04-04-m-064,I,TT,32,256.071,0.8449999999999704,0.0,2,es importante
21-04-04-m-064,I,TT,33,256.916,2.6200000000000045,0.0,3,qué duda cabe
21-04-04-m-064,I,TT,34,259.536,3.259999999999991,0.0,7,pero existen cauces y modos de actuar
21-04-04-m-064,I,TT,35,262.796,8.300000000000011,-1.0,28,asimismo me doy cuenta de la necesidad de tener en cuenta las preocupaciones manifiestas y reales que existen en los Estados Unidos de cara a la amenaza terrorista
21-04-04-m-064,I,TT,36,271.096,11.409999999999968,0.0,24,la semana pasada un día como hoy por primera vez estuve en Nueva York y me fui a donde estuvieron antes las Torres Gemelas
21-04-04-m-064,I,TT,37,282.506,13.640000000000043,0.0,25,y yo siempre había evitado pasar por ahí porque en vista de las imágenes que había seguido por vía televisiva no quería rememorar el horror
21-04-04-m-064,I,TT,38,296.146,15.269999999999982,-1.0,33,así que me doy perfecta cuenta de que los estadounidenses apuesten por una actitud muy tajante en su respuesta al terrorismo y les preocupa mucho esta cuestión lógicamente de manera que que conste
21-04-04-m-064,I,TT,39,311.416,17.230000000000018,1.0,40,entiendo que la Comisión Europea ha trabajado mucho y a fondo para buscar el equilibrio en este acuerdo equilibrio entre las preocupaciones lógicas de proteger los derechos de los ciudadanos y por otra parte las preocupaciones estadounidenses por el terrorismo
21-04-04-m-064,I,TT,40,328.646,6.789999999999964,0.0,12,no todos los parlamentarios europeos opinan que se ha logrado ese equilibrio
21-04-04-m-064,I,TT,41,335.436,0.8000000000000114,0.0,2,lo entiendo
21-04-04-m-064,I,TT,42,336.236,8.5,0.0,10,pero la Comisión merece nuestra admiración por el trabajo realizado
21-04-04-m-064,I,TT,43,344.736,11.180000000000007,1.0,25,esta mañana Watson habló de otro acuerdo diciendo que era la solución que se ha logrado ni la mejor ni la peor la que hay
21-04-04-m-064,I,TT,44,355.916,1.5049999999999955,0.0,3,hablaba de Chipre
21-04-04-m-064,I,TT,45,357.421,4.5049999999999955,0.0,10,y otro mismo se puede aplicar a este otro expediente
21-04-04-m-064,I,TT,46,361.926,7.970000000000027,0.0,13,creo que la Comisión ha hecho lo humanamente posible lo que era viable
21-04-04-m-064,I,TT,47,369.896,17.00999999999999,0.0,48,y lo que se va a lograr será mucho mejor que si nos embarcamos en un tira y afloja con las autoridades estadounidenses en las próximas horas porque van a tomar a fin de cuentas las decisiones que ellos consideran necesarios para defender sus intereses que consideran legítimos
21-04-04-m-064,I,TT,48,386.906,17.089999999999975,0.0,51,y nosotros pues yo creo que cuando un turista europeo va a Florida para irse de vacaciones creo que si le podemos evitar dieciocho diecinueve horas de larga espera en colas para pasar acreditaciones pues si se lo podemos evitar yo creo que en el fondo les va a venir bien
21-04-04-m-064,I,TT,49,403.996,12.240000000000009,0.0,43,entiendo las preocupaciones que hay y a esto he dado mucho de los escritos que se han intercambiado en las últimas cuarenta y ocho horas y y he manifestado nuestra preocupación y recogí las preocupaciones de sus Señorías así que las entiendo plenamente
21-04-04-m-064,I,TT,50,416.236,3.6100000000000136,0.0,6,evidentemente quieren defender las libertades públicas
21-04-04-m-064,I,TT,51,419.846,4.050000000000011,0.0,6,pero también queremos proteger la realidad
21-04-04-m-064,I,TT,52,423.896,1.349999999999966,0.0,2,cúal es
21-04-04-m-064,I,TT,53,425.246,5.930000000000007,0.0,18,que si adoptamos la decisión equivocada habrá dentro de un mes muy poquitos europeos que nos lo agradezcan
21-04-04-m-064,I,TT,54,431.176,5.090000000000032,0.0,14,así que dicho esto señor Presidente respeto plenamente la decisión que adopte este Parlamento
21-04-04-m-064,I,TT,55,436.266,9.009999999999991,1.0,21,señor Presidente el acuerdo concluido por la Comisión es un acuerdo necesario y en las circunstancias reinantes es bueno es razonable
21-04-04-m-064,I,TT,56,445.276,11.060000000000002,0.0,19,si no se apoya se abriría un período de incertidumbre en detrimento de las necesidades también de los pasajeros
21-04-04-m-064,I,TT,57,456.336,1.1100000000000136,0.0,5,y eso es lo importante
21-04-04-m-064,I,TT,58,457.446,1.8899999999999864,0.0,5,como digo entiendo las preocupaciones
21-04-04-m-064,I,TT,59,459.336,8.759999999999991,0.0,20,entiendo las angustias ese interés por proteger los derechos y evidentemente saber qué ocurre con la información que se transfiere
21-04-04-m-064,I,TT,60,468.096,4.71999999999997,0.0,10,pero dicho esto lo necesario es adoptar decisiones políticas pragmáticas
21-04-04-m-064,I,TT,61,472.816,7.400000000000034,0.0,12,somos políticos en una cámara política y como tal tenemos que decidir
21-04-04-m-064,I,TT,62,480.216,5.939999999999998,1.0,15,se ha logrado ese acuerdo equilibrado que espero se pueda poner en práctica cuanto antes
21-04-04-m-064,I,TT,63,486.156,36.099999999999966,1.0,62,señor Presidente Brian Cowen el Ministro de asuntos exteriores irlandés llevó a la Troika de la Unión Europea en en ese acuerdo de en esa reunión de principios de marzo pasado en reuniones con Powell y con Condoleeza Rice en un intercambio franco y claro sobre cuestiones internacionales de gran importancia y saben que cualquier intercambio es vigoroso fuerte firme pero claro
21-04-04-m-064,I,TT,64,522.256,15.269999999999982,0.0,25,esperamos con interés la presencia de Bush con ocasión de la cumbre estadounidense Unión Europea en junio que ha sido criticada en algunos lugares evidentemente
21-04-04-m-064,I,TT,65,537.526,2.7700000000000955,0.0,10,pero la realidad es que los Estados Unidos están ahí
21-04-04-m-064,I,TT,66,540.296,8.409999999999968,0.0,20,así lo está también Europa y sería un francamente un dislate que no siguieramos atendiendo las necesidades de nuestras relaciones
21-04-04-m-064,I,TT,67,548.706,7.110000000000014,0.0,13,luego hay otro pilar de las relaciones transatlánticas la estrecha relación con Canadá
21-04-04-m-064,I,TT,68,555.816,4.449999999999932,0.0,13,cuando hablamos de relaciones transatlánticas demasiado a menudo olvidamos esa parte de realidad
21-04-04-m-064,I,TT,69,560.266,13.295000000000073,1.0,24,nuestra historia y nuestros valores comunes el estado de derecho derechos humanos etcétera y nuestra apuesta firme por el multilateralismo por las Naciones Unidas
21-04-04-m-064,I,TT,70,573.561,12.534999999999968,0.0,31,en fin mucho une a Canadá y a la y a Europa una estrecha relación productiva en sumo grado y que merece tal reconocimiento por ambas partes de vez en cuando
21-04-04-m-064,I,TT,71,586.096,15.960000000000036,1.0,40,es por tanto importante tener en cuenta el la cumbre del dieciocho de marzo en Ottawa que abrió dos nuevas puertas en la en el orden del día de nuestras relaciones un nuevo acuerdo bilateral para mejoras de las inversiones
21-04-04-m-064,I,TT,72,602.056,21.829999999999927,0.0,35,la cumbre en Ottawa llevó la oportunidad al Presidente y al Señor Martin para hablar de una serie de cuestiones internacionales muy amplias por ejemplo la gobernanza internacional global a través de instituciones internacionales revisadas
21-04-04-m-064,I,TT,73,623.886,13.32000000000005,0.0,35,y permítanme decir a partir de mi propia experiencia porque trabajé brevemente en CEDA con Canadá decirles que que los que los canadienses han hecho mucho a estos efectos pero lo hacen sin grandes aspavientos
21-04-04-m-064,I,TT,74,637.206,3.875,0.0,11,por eso muchas veces no se tiene en cuenta se desconoce
21-04-04-m-064,I,TT,75,641.081,8.574999999999932,0.0,23,y concluyo diciendo que sé perfectamente que nuestras relaciones transatlánticas constan de mucho más de lo que ocurre a nivel oficial y político
21-04-04-m-064,I,TT,76,649.656,19.210000000000036,0.0,26,por ello nos alegramos de dar cabida al cincuenta y ocho asamblea interparlamentaria en nuestro país bajo la presidencia compartida de Jim Nicholson y Henry Hyde
21-04-04-m-064,I,TT,77,668.866,5.090000000000032,0.0,16,me congradulo de haber vivido aquella ocasión y les animo a que lo tengan en cuenta
21-04-04-m-064,I,TT,78,673.956,17.25999999999999,0.0,40,es algo muy muy muy importante que esta asamblea siga manteniendo un vivo diálogo con el Congreso porque a menudo en el Congreso de los Estados Unidos tiene una idea muy nebulosa de lo que es las la Unión Europea
21-04-04-m-064,I,TT,79,691.216,12.5,0.0,32,es importante buscar ese tú a tú ese cauce abierto de comunicación con los interlocutores en el Congreso de los Estados Unidos pero como digo es una relación clara abierta y sana
21-04-04-m-064,I,TT,80,703.716,1.009999999999991,0.0,1,insisto
21-04-04-m-064,I,TT,81,704.726,2.07000000000005,0.0,6,los debates han sido muy amplios
21-04-04-m-064,I,TT,82,706.796,10.729999999999905,0.0,22,han abordado muchas cuestiones y como se celebró además en mi circonscripción electoral se lo pasarán estupendamente cosa que tampoco viene mal
21-04-04-m-064,I,TT,83,717.526,2.675000000000068,1.0,7,decirles por lo tanto que hay progreso
21-04-04-m-064,I,TT,84,720.201,7.0049999999999955,1.0,18,hay margen para progreso en las relaciones transatlánticas y nosotros queremos dar las gracias por este buen trabajo
21-04-04-m-064,I,TT,85,727.206,13.840000000000032,0.0,43,señor Presidente me doy cuenta de que algunas de las cosas que he dicho no gustarán a algunos en esta Cámara pero lo digo ante el trasfondo de que entre amigos puede haber a veces diferencias aun cuando se trata de cuestiones importantes
21-04-04-m-064,I,TT,86,741.046,2.2500309999999217,0.0,5,muchísimas gracias por su atención
21-04-04-m-066,I,ST,0,0.0,10.33,0.0,15,President I'd like to begin by supporting the presidency's commendation of Irish hospitality
21-04-04-m-066,I,ST,1,10.33,20.520000000000003,0.0,37,having spent the weekend myself at two conferences in Ireland I can certainly warmly endorse what the Minister has said and I warmly endorse his other remarks not least what he said about our relations with Canada
21-04-04-m-066,I,ST,2,30.85,11.18,-1.0,23,when one has pretty well problem-free relationships it very often means that one doesn't discuss them sufficiently or with sufficient enthusiasm
21-04-04-m-066,I,ST,3,42.03,12.629999999999995,0.0,24,but we did set out last year in a Commission document some sensible proposals about thickening up our trade and investment relationship with Canada
21-04-04-m-066,I,ST,4,54.66,7.030000000000001,0.0,15,I I think those were sensible proposals which were well received by our Canadian friends
21-04-04-m-066,I,ST,5,61.69,19.159999999999997,0.0,36,and of course from the Middle East to the other trouble spots around the world we invariably see eye-to-eye with our Canadian friends who I think very much accept our notion of effective multilateralism
21-04-04-m-066,I,ST,6,80.85,6.75,0.0,12,so I was pleased that the Minister referred to that important relationship
21-04-04-m-066,I,ST,7,87.6,15.920000000000002,0.0,33,I'm obviously grateful for the opportunity to commend once again the Foreign Affairs Committee for its commitment which is demonstrated by this resolution to the evolution and the strengthening of transatlantic ties
21-04-04-m-066,I,ST,8,103.52,15.810000000000002,0.0,33,it's a testament I I believe to this House's maturity and common sense that amidst the emotions of a turbulent eighteen months it's maintained a positive and an objective approach
21-04-04-m-066,I,ST,9,119.33,8.299999999999997,0.0,18,that this relationship remains the keystone in the European Union's external relations is not to be doubted
21-04-04-m-066,I,ST,10,127.63,5.640000000000015,0.0,12,we've talked in this place often enough about the stakes involved
21-04-04-m-066,I,ST,11,133.27,19.909999999999997,1.0,36,the enormous flow of goods services and investment the millions of jobs that depend on them but also how this partnership is indispensable to promote democracy to overcome regional instability and to cope with global challenges
21-04-04-m-066,I,ST,12,153.18,7.259999999999991,0.0,19,it's worth recalling some of the remarkable achievements that we've made in the arena of economic cooperation
21-04-04-m-066,I,ST,13,160.44,10.050000000000011,0.0,13,mutual recognition agreements have removed technical barriers ranging from telecommunications to marine equipment
21-04-04-m-066,I,ST,14,170.49,6.759999999999991,0.0,12,we've entered into bilateral agreements on customs procedures and veterinary equivalents
21-04-04-m-066,I,ST,15,177.25,11.659999999999997,0.0,23,we are progressing in discussions on the regulatory dialogue in financial markets removing obstacles for our operators in this ever more integrated industry
21-04-04-m-066,I,ST,16,188.91,12.590000000000003,0.0,24,we are well advanced in negotiations on a cooperation agreement for Galileo and GPS and we are moving towards an open aviation area agreement
21-04-04-m-066,I,ST,17,201.5,8.75,0.0,15,for all these successes much still remains to be done in pressing forward regulatory convergence
21-04-04-m-066,I,ST,18,210.25,10.460000000000008,0.0,22,neither the transatlantic economic partnership nor the positive economic agenda have developed as fully as we would have liked in removing barriers
21-04-04-m-066,I,ST,19,220.71,21.609999999999985,0.0,43,we're therefore considering a joint European Union US review of the transatlantic economy to report to the two thousand and five EU-US summit with a view to identifying impediments to further economic integration and to addressing the means for removing them
21-04-04-m-066,I,ST,20,242.32,7.5800000000000125,0.0,17,we've talked too about the importance of the relationship beyond the confines of the transatlantic community
21-04-04-m-066,I,ST,21,249.9,14.570000000000022,0.0,34,after the strains in our relationship last year it has now I think become clear to all that we face common challenges which we'll overcome far more effectively in combination than in competition
21-04-04-m-066,I,ST,22,264.47,11.439999999999998,0.0,28,this of course implies that we have the political will in the European Union to unite our positions and that we have in addition the capacity to act
21-04-04-m-066,I,ST,23,275.91,6.449999999999989,0.0,11,the language of transatlantic cooperation can often seem tired and clichéd
21-04-04-m-066,I,ST,24,282.36,12.789999999999964,0.0,35,that's no reason to allow these important truths to go unsaid or to be drowned out by the discordant notes of those who for whatever reason look to divide Europe and the United States
21-04-04-m-066,I,ST,25,295.15,14.140000000000043,1.0,41,in this spirit I welcome the priorities set out in the resolution many of which are familiar and which match those on which we are working in the run-up to the European Union US Summit to which the Minister referred
21-04-04-m-066,I,ST,26,309.29,5.479999999999961,0.0,17,I'd like to single out three issues very briefly which were referred to in the resolution
21-04-04-m-066,I,ST,27,314.77,2.569999999999993,0.0,5,first of all HIV AIDS
21-04-04-m-066,I,ST,28,317.34,10.939999999999998,0.0,24,the European Union and the United States have both welcomed last year's World Trade Organisation decision on the TRIPS agreement and public health
21-04-04-m-066,I,ST,29,328.28,7.160000000000025,1.0,19,we must now implement this decision in legislative form without delay with the active support of our business communities
21-04-04-m-066,I,ST,30,335.44,6.660000000000025,0.0,17,we must ensure that the Global Health Fund can build on sustained and reliable sources of funding
21-04-04-m-066,I,ST,31,342.1,19.579999999999984,0.0,49,in order to address the root causes of the pandemic in Africa we are looking to European Union and US investors to establish a partnership to promote the improvement of health care where they operate in Africa and we need clearly to do more together to tackle poverty there
21-04-04-m-066,I,ST,32,361.68,4.21999999999997,0.0,8,second briefly a word on China and Russia
21-04-04-m-066,I,ST,33,365.9,10.970000000000027,0.0,25,Russia's proximity to Europe and the speed and scale of economic development in China suggests that we must continue to engage closely with both
21-04-04-m-066,I,ST,34,376.87,10.730000000000018,1.0,22,continuing political engagement and a range of financial instruments demonstrate our determination to encourage Russia's development as a stable prosperous democracy
21-04-04-m-066,I,ST,35,387.6,11.699999999999989,0.0,22,we'll continue to encourage China to take a greater role in international affairs concomitant with its expanding economic capacity and interests
21-04-04-m-066,I,ST,36,399.3,16.24000000000001,0.3333333333333333,34,and I hope that we can encourage our United States friends to regard China's stability and development economically as a good thing for all of us rather than in any sense a threat
21-04-04-m-066,I,ST,37,415.54,17.289999999999964,0.0,24,the Middle East we discussed earlier and I won't dwell on arguments that with some sadness we analysed an hour or so ago
21-04-04-m-066,I,ST,38,432.83,2.3700000000000045,0.0,7,I I I will only say this
21-04-04-m-066,I,ST,39,435.2,12.300000000000011,0.0,21,that we do have to encourage modernisation throughout the region on the sort of lines suggested now by two UNDP reports
21-04-04-m-066,I,ST,40,447.5,9.870000000000005,1.0,15,I think we have to support Arab initiatives and Arab ownership of modernisation and democratisation
21-04-04-m-066,I,ST,41,457.37,13.46999999999997,0.0,33,I think we have to develop the plans that we already have in place for example through the Euromed partnership rather than to believe it's necessary to set up new institutional arrangements
21-04-04-m-066,I,ST,42,470.84,19.24000000000001,0.0,37,I would in particular like to underline the importance that Commissioner Lamy and I attach to the successful conclusion as soon as possible of a free trade agreement between the European Union and the Gulf Cooperation Council
21-04-04-m-066,I,ST,43,490.08,1.9399999999999977,0.0,3,so I repeat
21-04-04-m-066,I,ST,44,492.02,19.620000000000005,0.0,67,by and large most of the things that we want to achieve in the world we are more likely to achieve if we can work with the United States and it's also true though not as often perhaps conceded that most of the things that the United States wants it's more likely to be able to achieve if it's able to work with us
21-04-04-m-066,I,ST,45,511.64,9.440000000000055,0.0,32,we can agree I think that there's much for the European Union and the US to do both in terms of our bilateral dealings and in cooperation in the wider world
21-04-04-m-066,I,ST,46,521.08,7.949999999999932,0.0,18,to what extent this requires the establishment of new structures or working methods is more difficult to judge
21-04-04-m-066,I,ST,47,529.03,10.480000000000018,0.0,27,but I do note that since the launch of the New Transatlantic Agenda in nineteen ninety-five the mechanisms of the relationship have served us pretty well
21-04-04-m-066,I,ST,48,539.51,10.899999999999977,0.0,25,the ups and downs we've experienced have been the result I think not of the institutions of the NTA but of genuine policy disagreements
21-04-04-m-066,I,ST,49,550.41,7.8700000000000045,0.0,15,they've been I think the results of not of procedural failure or systemic failure
21-04-04-m-066,I,ST,50,558.28,4.810000000000059,0.0,13,where we've seen the need for changes we've been pretty pragmatic
21-04-04-m-066,I,ST,51,563.09,13.68999999999994,0.0,34,for example we are about to launch an enhanced security dialogue with the United States which should reduce the scope for confusion and confrontation on a range of transport and other protective security matters
21-04-04-m-066,I,ST,52,576.78,30.779999999999973,0.0,77,though I do follow very much what the presidency said in his extremely sensitive remarks about the issue of passenger name records I'm not quite sure what sort of dialogue the United States would expect us to carry forward if on this issue which we've put a lot of effort into resolving we were now to either scupper the prospects of an agreement or put an agreement on the back burner for the indefinite future
21-04-04-m-066,I,ST,53,607.56,6.400000000000091,0.0,12,do we wish to be taken seriously in this realm or not
21-04-04-m-066,I,ST,54,613.96,19.829999999999927,1.0,44,with elections looming here and in the United States with a new Commission to be appointed in the autumn with the Constitutional Treaty coming over the horizon I would argue that it's not necessarily the right time now for a really radical change
21-04-04-m-066,I,ST,55,633.79,12.5,0.0,32,but I do believe I do totally accept that just as we need to look at the workings of the transatlantic economy we should review the working of the New Transatlantic Agenda
21-04-04-m-066,I,ST,56,646.29,15.080000000000041,0.0,35,and to that effect I am about to launch an independent study of the New Transatlantic Agenda which in turn should form the basis of an EU-US policy review in two thousand and five
21-04-04-m-066,I,ST,57,661.37,2.240000000000009,1.0,9,I think myself that that is the right timing
21-04-04-m-066,I,ST,58,663.61,3.409999999999968,0.0,10,I respect those who take a different point of view
21-04-04-m-066,I,ST,59,667.02,6.6200000000000045,1.0,14,but I hope we all recognise that we are working for the same objectives
21-04-04-m-066,I,TT,0,0.0,5.296,0.0,3,gracias señor Presidente
21-04-04-m-066,I,TT,1,5.296,9.555,0.0,14,querría empezar respaldando los comentarios de la presidencia en cuanto a la hospitalidad irlandesa
21-04-04-m-066,I,TT,2,14.851,19.535000000000004,0.0,32,yo asistí personalmente a dos conferencias en Irlanda y desde luego puedo apoyar de corazón lo que ha dicho el primer señor ministro y también en cuanto a nuestras relaciones con Canadá
21-04-04-m-066,I,TT,3,34.386,11.269999999999996,0.0,20,a veces cuando hay relaciones sin problemas es sinónimo de que no se debate lo suficiente o con suficiente entusiasmo
21-04-04-m-066,I,TT,4,45.656,12.240000000000002,0.0,27,ahora bien el año pasado en un documento de la Comisión establecimos una serie de propuestas para cómo abordar nuestras relaciones comerciales y de inversión con Canadá
21-04-04-m-066,I,TT,5,57.896,7.959999999999994,0.0,15,me parece que eran propuestas sensatas que fueron muy bien acogidas por nuestros colegas canadienses
21-04-04-m-066,I,TT,6,65.856,15.61,0.0,22,y en el resto de los de las zonas problemáticas del mundo desde luego tenemos una posición muy similar siempre con Canadá
21-04-04-m-066,I,TT,7,81.466,7.900000000000006,0.0,12,estamos digamos en sintonía en esa visión multilateralista de los problemas mundiales
21-04-04-m-066,I,TT,8,89.366,19.200000000000003,0.0,26,y por supuesto me alegro de poder saludar y felicitar la Comisión de Asuntos Exteriores por su compromiso y por el refuerzo de las relaciones transatlánticas
21-04-04-m-066,I,TT,9,108.566,6.170000000000002,0.0,14,a mí me parece que es el testimonio del sentido común de esta Cámara
21-04-04-m-066,I,TT,10,114.736,8.75,0.0,23,es decir que en medio de todos los las problemas que ha habido en estos últimos dieciocho meses ha mantenido un enfoque objetivo
21-04-04-m-066,I,TT,11,123.486,6.779999999999987,0.0,18,y ese es el enfoque que yo creo debe mantenerse en las relaciones exteriores de la Unión Europea
21-04-04-m-066,I,TT,12,130.266,14.550000000000011,0.0,30,a menudo en esta Cámara hemos hablado de lo que está en juego del enorme flujo de bienes servicios inversiones millones de puestos de trabajo que dependen de esas relaciones
21-04-04-m-066,I,TT,13,144.816,11.150000000000006,1.0,19,pero que también esta esta asociación es indispensable para promover la democracia para superar la inestabilidad en determinadas regiones
21-04-04-m-066,I,TT,14,155.966,7.634999999999991,0.0,18,y me gustaría recordar algunos de los logros que hemos alcanzado en el ámbito de la cooperación económica
21-04-04-m-066,I,TT,15,163.601,10.504999999999995,0.0,16,acuerdos de reconocimiento mutuo que han suprimido las barreras desde las telecomunicaciones hasta el equipamiento marítimo
21-04-04-m-066,I,TT,16,174.106,15.680000000000007,0.0,24,también hemos tenido acuerdos bilaterales para cuestiones veterinarias o arancelarias también para los mercados financieros donde se han suprimido los obstáculos para los operadores
21-04-04-m-066,I,TT,17,189.786,18.330000000000013,1.0,37,en este mundo que cada vez está más integrado también hemos avanzado en un acuerdo de cooperación para Galileo y el GPS y estamos avanzando hacia un acuerdo de cielo abierto en el ámbito de la aeronáutica
21-04-04-m-066,I,TT,18,208.116,7.3799999999999955,0.0,11,y hay que seguir trabajando para una convergencia en las regulaciones
21-04-04-m-066,I,TT,19,215.496,13.45999999999998,0.0,23,ni ni la agenda digamos económica ni otros aspectos se han desarrollado todo lo que nos hubiera gustado para suprimir todas las barreras
21-04-04-m-066,I,TT,20,228.956,19.330000000000013,0.0,29,así que nos gustaría reexaminar todas estas cuestiones todas estas estos escollos que hay para un mayor desarrollo económico para la cumbre del dos mil cuatro dos mil cinco
21-04-04-m-066,I,TT,21,248.286,19.649999999999977,0.0,44,después de las tensiones que hubo en nuestras relaciones el año pasado a mí me parece que ha quedado claro para todos nosotros que nos enfrentamos a retos comunes que superaremos de forma mucha más eficaz en combinación en cooperación y no en oposición
21-04-04-m-066,I,TT,22,267.936,11.390000000000043,0.0,25,eso implica que demonstremos la voluntad política necesaria en la Unión Europea para unir nuestras posiciones y que además además demonstremos la capacidad de actuar
21-04-04-m-066,I,TT,23,279.326,8.620000000000005,0.0,17,el lenguaje de la relación transatlántica a veces parece pues hecho de de de clichés de tópicos
21-04-04-m-066,I,TT,24,287.946,11.70999999999998,0.0,24,pero creo que esta relación no ha de verse socavada por las discrepancias puntuales que podamos tener entre la Unión Europea y Estados Unidos
21-04-04-m-066,I,TT,25,299.656,14.349999999999966,0.0,22,y por eso acojo muy favorablemente las prioridades que aparecen en la en el documento que se presentará en esa cumbre futura
21-04-04-m-066,I,TT,26,314.006,3.2200000000000273,0.0,9,y hay un par de cuestiones que querría mencionar
21-04-04-m-066,I,TT,27,317.226,3.410000000000025,0.0,7,en primer lugar el VIH el SIDA
21-04-04-m-066,I,TT,28,320.636,12.169999999999959,1.0,16,la Unión Europea y Estados Unidos han acogido muy favorablemente el acuerdo reciente sobre los TRIPS
21-04-04-m-066,I,TT,29,332.806,6.060000000000002,1.0,15,y ahora tenemos que llevarlo a la práctica con el apoyo de las comunidades empresariales
21-04-04-m-066,I,TT,30,338.866,11.410000000000025,0.0,22,tenemos que asegurarnos de que el el fondo cuente con una financiación constante para poder hacer frente a esta pandemia en África
21-04-04-m-066,I,TT,31,350.276,15.789999999999964,0.0,34,también estamos buscando en la Unión Europea y en Estados Unidos la posibilidad de crear una asociación para mejorar las condiciones sanitarias allí donde trabajamos en África y también para luchar contra la pobreza
21-04-04-m-066,I,TT,32,366.066,5.680000000000007,0.0,9,y brevemente voy a mencionar a China y Rusia
21-04-04-m-066,I,TT,33,371.746,21.150000000000034,0.0,39,la rapidez del desarrollo económico en China creo nos sugiere que tenemos que mantener una relación estrecha con este país y esa relación así como la relación con Rusia que también ha de ser estrecha les demonstrará nuestro interés
21-04-04-m-066,I,TT,34,392.896,9.109999999999957,0.0,24,de cara a China por ejemplo tenemos que alentarles a que participen más en las relaciones exteriores que lo combinen con esa expansión económica
21-04-04-m-066,I,TT,35,402.006,17.680000000000007,-1.0,29,yo creo que podemos alentar a nuestros colegas americanos para que consideren el desarrollo y la estabilidad de China como algo positivo para todos y no como una amenaza
21-04-04-m-066,I,TT,36,419.686,16.939999999999998,0.0,34,Oriente Medio es un tema que hemos tratado hace unos momentos y escuchado todos esos argumentos que se han esgrimido a veces con tristeza porque analizamos un poco la situación hace como una hora
21-04-04-m-066,I,TT,37,436.626,15.235000000000014,0.0,29,y he de decir que creo que tenemos que promover la modernización en toda la región en la forma en que la han sugerido dos informes de Naciones Unidas
21-04-04-m-066,I,TT,38,451.861,10.014999999999986,0.0,20,yo creo que tenemos que respaldar las iniciativas árabes y que se puedan apropiar ese proceso de modernización y democratización
21-04-04-m-066,I,TT,39,461.876,12.585000000000036,0.0,28,hemos de poder desarrollar los planes que ya tenemos en marcha por ejemplo para la la Asociación Euromediterránea y no necesariamente pensar que hacen falta nuevos acuerdos institucionales
21-04-04-m-066,I,TT,40,474.461,19.944999999999993,1.0,35,y me gustaría en especial insistir en la importancia que el Señor Lamy y yo mismo damos a la conclusión de un acuerdo de libre comercio entre el Consejo del Golfo y la Unión Europea
21-04-04-m-066,I,TT,41,494.406,13.300000000000011,0.0,18,hay cosas que podemos lograr y de forma más sencilla en cooperación perdón en cooperación con Estados Unidos
21-04-04-m-066,I,TT,42,507.706,5.019999999999982,0.0,9,y lo mismo podemos decir de de Estados Unidos
21-04-04-m-066,I,TT,43,512.726,4.740000000000009,0.0,12,podrá alcanzar más fácilmente sus objetivos si colabora con la Unión Europea
21-04-04-m-066,I,TT,44,517.466,8.450000000000045,0.0,18,queda trabajo por hacer en cuanto a nuestros acuerdos bilaterales y también en la cooperación a nivel mundial
21-04-04-m-066,I,TT,45,525.916,6.459999999999923,0.0,14,y tal vez harían falta nuevos métodos de trabajo o nuevos marcos de trabajo
21-04-04-m-066,I,TT,46,532.376,1.7300000000000182,0.0,6,eso no es fácil de decir
21-04-04-m-066,I,TT,47,534.106,11.830000000000041,0.0,28,pero desde el lanzamiento de la nueva agencia transatlántica desde el noventa y cinco yo creo que los instrumentos con que contamos nos han dado un buen servicio
21-04-04-m-066,I,TT,48,545.936,15.809999999999945,-1.0,20,ha habido desacuerdos sí políticos pero no han sido resultado de un fracaso digamos del sistema ni de los procedimientos
21-04-04-m-066,I,TT,49,561.746,4.1299999999999955,0.0,10,donde hemos visto que hacían falta cambios hemos sido pragmáticos
21-04-04-m-066,I,TT,50,565.876,16.889999999999986,0.0,30,por ejemplo vamos a lanzar un un diálogo reforzado con Estados Unidos para intentar limitar discrepancias en cuanto a en el ámbito perdón del del transporte y de la seguridad
21-04-04-m-066,I,TT,51,582.766,12.300000000000068,-1.0,26,y he escuchado lo que ha dicho la presidencia unos comentarios muy acertados en cuanto a ese problema de la transferencia de información sobre los pasajeros
21-04-04-m-066,I,TT,52,595.066,9.17999999999995,1.0,15,no sé exactamente qué nivel de de de diálogo o de acuerdo esperan Estados Unidos
21-04-04-m-066,I,TT,53,604.246,12.340000000000032,0.0,17,pero dependiendo de lo que hagamos nosotros pues lograremos algo o digamos esta iniciativa pues quedará congelada
21-04-04-m-066,I,TT,54,616.586,19.17999999999995,0.0,39,a la espera de elecciones en Europa y en Estados Unidos con una nueva Comisión a la vista un Tratado Constitucional en el horizonte pues yo diría que no es necesariamente el momento más adecuado para un cambio radical
21-04-04-m-066,I,TT,55,635.766,16.200000000000045,0.0,23,pero sí que acepto y creo que tenemos que estudiar examinar las cuestiones que implican las relaciones transatlánticas elaborar una nueva agenda transatlántica
21-04-04-m-066,I,TT,56,651.966,17.42999999999995,0.0,34,y de hecho voy a lanzar brevemente a sacar a la luz una nueva un nuevo estudio para una revisión de la futura política de cara a Estados Unidos para el dos mil cinco
21-04-04-m-066,I,TT,57,669.396,6.889999999999986,0.0,13,espero que todos reconozcan que estamos trabajando con los mismos objetivos como fin
21-04-04-m-066,I,TT,58,676.286,0.6946250000000873,0.0,1,gracias
21-07-04-m-005,II,ST,0,0.0,1.26,0.0,3,thank you President
21-07-04-m-005,II,ST,1,1.26,8.21,0.0,17,((starts speaking Gaelic)) a Uachtaráin Prodi a Chomhaltaí Onóracha de Pharlaimint na hEorpa agus a dhaoine uaisle
21-07-04-m-005,II,ST,2,9.47,7.869999999999999,0.0,20,tá an-áthas orm a bheith inniu ag an gcéad Seisiún Iomlánach den suí nua de de Pharlaimint na hEorpa
21-07-04-m-005,II,ST,3,17.34,17.250000000000004,0.0,42,ba mhaith liom an deis seo a ghlacadh le comhghairdeas a dhéanamh le gach comhalta nua ó na fiche cúig Ballstát den Aontas Eorpach ar a dtoghadh an mhí seo caite i bhfeidhmiú an ghnímh daonlathais osnáisiúnta is mó riamh sa domhan
21-07-04-m-005,II,ST,4,34.59,5.939999999999998,0.0,20,is maith an rud daoine a bhí anseo cheana a fheiceáil in aontas le daoine nua a bheith i láthair
21-07-04-m-005,II,ST,5,40.53,3.8200000000000003,0.0,5,((starts speaking English)) President Borrell
21-07-04-m-005,II,ST,6,44.35,0.9200000000000017,0.0,2,President Prodi
21-07-04-m-005,II,ST,7,45.27,1.75,0.0,6,Honourable Members of the European Parliament
21-07-04-m-005,II,ST,8,47.02,1.2899999999999991,0.0,3,Ladies and Gentlemen
21-07-04-m-005,II,ST,9,48.31,6.199999999999996,0.0,16,I'm glad to see some Members are having some difficulties getting their Irish language translation
21-07-04-m-005,II,ST,10,54.51,5.770000000000003,0.0,15,perhaps when Irish is fully recognised in Europe then we will have one difficulty less
21-07-04-m-005,II,ST,11,60.28,18.879999999999995,1.0,60,I am very pleased to be here today President at the first plenary session of the new European Parliament and I'd like to take the opportunity to congratulate all Members from across the twenty-five Member States of the European Union on their election last month in the greatest supranational exercise in democracy that the world has ever known
21-07-04-m-005,II,ST,12,79.16,7.299999999999997,1.0,16,and it's good to see familiar faces and new faces alike in this new Parliament
21-07-04-m-005,II,ST,13,86.46,9.450000000000003,0.0,26,I would like also President Borrell to congratulate you on your election to the post of President of the European Parliament and to wish you well
21-07-04-m-005,II,ST,14,95.91,9.150000000000006,0.0,28,in Ireland and particularly as outgoing presidency we are very conscious of the crucial and constructive role played by the Parliament in the work of the European Union
21-07-04-m-005,II,ST,15,105.06,13.090000000000003,0.0,31,during our presidency we enjoyed an immensely cooperative and and mutually supportive relationship with the European Parliament which was an essential element of the realisation of many of our presidency goals
21-07-04-m-005,II,ST,16,118.15,7.099999999999994,0.0,17,I wish you every success in the exercise of your office President over the the coming years
21-07-04-m-005,II,ST,17,125.25,10.460000000000008,0.0,36,I've come today President to report on the outcome of the June European Council and on the work of the Irish presidency of the Council for the first six months of two thousand and four
21-07-04-m-005,II,ST,18,135.71,8.759999999999991,0.0,26,before I do however I want to outline the two key principles which underlined Ireland's presidency indeed underpin Ireland's general approach to European affairs
21-07-04-m-005,II,ST,19,144.47,7.509999999999991,0.0,24,the first and most basic principle that informed our approach was that Europe must work and must be seen to work for its people
21-07-04-m-005,II,ST,20,151.98,5.240000000000009,0.0,17,too often the debate on European issues can drift into a a world of jargon and theory
21-07-04-m-005,II,ST,21,157.22,6.310000000000002,1.0,21,in doing so it runs a real risk of losing the attention and in due course the support of its citizens
21-07-04-m-005,II,ST,22,163.53,3.1399999999999864,0.0,11,the European Union is not of course a matter of theory
21-07-04-m-005,II,ST,23,166.67,4.5800000000000125,0.0,16,it has and will continue to make a real difference to the lives of its citizens
21-07-04-m-005,II,ST,24,171.25,4.539999999999992,-1.0,14,without it Europe could not have recovered from the devastation of the world war
21-07-04-m-005,II,ST,25,175.79,6.2900000000000205,0.0,18,without it Europe could not have created a vibrant single market and a strong and stable single currency
21-07-04-m-005,II,ST,26,182.08,6.969999999999999,0.0,23,and without it we would not have had the frameworks of social and environment protection which are the cornerstones of the European model
21-07-04-m-005,II,ST,27,189.05,8.949999999999989,1.0,29,and of course without it we would not have been in a position to embrace and support the Europeans who have suffered a half a century of totalitarian oppression
21-07-04-m-005,II,ST,28,198.0,6.22999999999999,0.0,20,we all of us need to focus on making the new enlarged European Union relevant and responsive to our citizens
21-07-04-m-005,II,ST,29,204.23,6.0400000000000205,0.0,18,to do so we need to focus on that which unites us rather than that which divides us
21-07-04-m-005,II,ST,30,210.27,7.199999999999989,1.0,18,we need to focus on the key concerns of the citizens jobs social environment protection peace and security
21-07-04-m-005,II,ST,31,217.47,3.210000000000008,0.0,10,and these have been the ingredients of Europe's success
21-07-04-m-005,II,ST,32,220.68,5.859999999999985,0.0,16,they must remain at the centre of our attention as leaders as legislators and as Europeans
21-07-04-m-005,II,ST,33,226.54,5.409999999999997,0.0,17,the second principle President which has underpinned our approach to Europe has been the principle of fairness
21-07-04-m-005,II,ST,34,231.95,9.960000000000008,0.0,28,whether you are large or whether you are small as Ireland is rules matter and the fair even-handed and transparent application of those rules matters even more
21-07-04-m-005,II,ST,35,241.91,12.950000000000017,0.0,34,and the European Union has created a zone where the concerns of all can be respected the identities of all can be strengthened and the fundamental interests and rights of all can be protected
21-07-04-m-005,II,ST,36,254.86,10.159999999999968,0.0,28,it is essential that the traditions of equality of fairness and cooperation that have been the keystones of the European Union be reinforced in the new enlarged Union
21-07-04-m-005,II,ST,37,265.02,6.270000000000039,0.0,20,when I addressed the House President in January I set out five main areas of work for the Irish presidency
21-07-04-m-005,II,ST,38,271.29,4.699999999999989,0.0,14,we wanted a speedy and successful outcome of the work of the Intergovernmental Conference
21-07-04-m-005,II,ST,39,275.99,1.6899999999999977,0.0,5,we wanted a successful enlargement
21-07-04-m-005,II,ST,40,277.68,3.990000000000009,1.0,9,and we wanted to progress the ongoing enlargement negotiations
21-07-04-m-005,II,ST,41,281.67,6.189999999999998,0.0,17,we were determined that the spring European Council would help to revitalise and reinvigorate the Lisbon Strategy
21-07-04-m-005,II,ST,42,287.86,4.899999999999977,0.0,13,I've already reported comprehensively on this issue to the Parliament last March
21-07-04-m-005,II,ST,43,292.76,7.180000000000007,0.0,24,in the Justice and Home Affairs area we want to deliver on the commitments made in the Amsterdam Treaty and in the Tampere programme
21-07-04-m-005,II,ST,44,299.94,6.360000000000014,0.0,22,and last but by no means least we sought to give renewed coherence and impetus to the European Union's external agenda
21-07-04-m-005,II,ST,45,306.3,10.139999999999986,0.0,33,one of the main issues on our agenda and one on which I am delighted to say we had a successful outcome was the nomination of the new President of the European Commission
21-07-04-m-005,II,ST,46,316.44,6.9599999999999795,0.0,18,José Manuel Durão Barroso played a full part in the search for the next President of the Commission
21-07-04-m-005,II,ST,47,323.4,19.74000000000001,0.0,54,and José Barroso it was only towards the end of the process that he'd allowed his name to go forward as a candidate for the position President and I was therefore very pleased that the European Council by consensus agreed to propose José Manuel as its nominee for President of the European Commission
21-07-04-m-005,II,ST,48,343.14,6.2900000000000205,0.0,23,at such a crucial time in the Union's development I do not believe that we could have found a a better candidate
21-07-04-m-005,II,ST,49,349.43,3.5499770000000126,0.0,14,he is a man who is prepared to lead and able to take decisions
21-07-04-m-005,II,ST,50,352.979977,1.2700229999999806,0.0,5,he is a committed European
21-07-04-m-005,II,ST,51,354.25,9.370000000000005,0.0,28,he has a deep understanding of the interests of all Member States large and small old and new and I have no hesitation in recommending him to you
21-07-04-m-005,II,ST,52,363.62,4.509999999999991,0.0,14,I'm also delighted it was possible to reach agreement on other important appointments
21-07-04-m-005,II,ST,53,368.13,10.160000000000025,0.0,32,Javier Solana who has been an outstanding in his present functions will continue in the post of Secretary-General of the Council and Pierre de Boissieu will continue as Deputy Secretary-General
21-07-04-m-005,II,ST,54,378.29,11.419999999999959,0.0,32,on the entry into force of the European Constitution following its ratification in every Member State Secretary-General and High Representative Solana is set to become the Union's first Foreign Minister
21-07-04-m-005,II,ST,55,389.71,8.689999999999998,0.0,27,President a particular highlight of our presidency was of course the agreement we reached on the new Constitution at the Intergovernmental Conference on the eighteenth of June
21-07-04-m-005,II,ST,56,398.4,8.200000000000045,0.0,25,this was the culmination of more than two-and-a-half years work that began with the Laeken Declaration in December two thousand and one
21-07-04-m-005,II,ST,57,406.6,8.329999999999984,0.0,25,the new Constitution is a tribute to the commitment and political will of all of the participants of the European Convention and the Intergovernmental Conference
21-07-04-m-005,II,ST,58,414.93,4.920000000000016,0.0,16,today nonetheless I want to pay a special tribute to the work of the European Parliament
21-07-04-m-005,II,ST,59,419.85,12.120000000000005,0.0,36,throughout the process in the course of the European Convention and the IGC the Parliament's shown a a deep sense of commitment to the European Union and to the citizens whose interests you directly represent
21-07-04-m-005,II,ST,60,431.97,11.71999999999997,1.0,30,the Convention outcome in particular the great bulk of which was unaltered in the Intergovernmental Conference reflected much of what was brought to the table by representatives of this Parliament
21-07-04-m-005,II,ST,61,443.69,8.339999999999975,0.0,22,I'm conscious too that in the course of the Intergovernmental Conference the same positive flexible and constructive attitude was struck throughout
21-07-04-m-005,II,ST,62,452.03,9.990000000000009,0.0,30,I want to acknowledge especially that hard work was done to find solutions of issues of particular concern to the Parliament and which was essential to finding an overall agreement
21-07-04-m-005,II,ST,63,462.02,5.319999999999993,0.0,16,a final deal would not have been possible without the assistance and commitment of the Parliament
21-07-04-m-005,II,ST,64,467.34,11.28000000000003,0.0,32,I want to express my warmest thanks to you all President in particular to Elmar Brok and to Klaus Hänsch and of course the former President of the European Parliament Pat Cox
21-07-04-m-005,II,ST,65,478.62,10.569999999999993,0.0,25,they gave enormous help and assistance and commitment to me President and working with my minister for Europe Minister Roche who is with me today
21-07-04-m-005,II,ST,66,489.19,3.8700000000000045,0.0,10,we deeply appreciate all that they did to help us
21-07-04-m-005,II,ST,67,493.06,5.339999999999975,0.0,19,we I think you will all be more than familiar at this stage with the contents of the Constitution
21-07-04-m-005,II,ST,68,498.4,5.78000000000003,0.0,23,I would still nonetheless like to highlight just some of the features that make it such a positive step forward for the Union
21-07-04-m-005,II,ST,69,504.18,7.4599999999999795,0.0,19,we succeeded in setting down clearly in one single document what the Union is and what the Union does
21-07-04-m-005,II,ST,70,511.64,7.590000000000032,0.0,24,we have defined a set of values and objectives and we can all share and which makes the European Union unique across the world
21-07-04-m-005,II,ST,71,519.23,5.689999999999941,0.0,18,we have enhanced the democratic legitimacy of the European Union by extending the powers of the European Parliament
21-07-04-m-005,II,ST,72,524.92,6.25,0.0,19,we've also strengthened the role of national parliaments and opened the Council of Ministers to more public scrutiny
21-07-04-m-005,II,ST,73,531.17,3.800000000000068,0.0,13,we have clarified the division of powers between the Union and Member States
21-07-04-m-005,II,ST,74,534.97,4.860000000000014,0.0,15,it's now clear how decisions are taken and who is entitled to take them
21-07-04-m-005,II,ST,75,539.83,4.939999999999941,0.0,10,the principles of subsidiarity and proportionality have also been strengthened
21-07-04-m-005,II,ST,76,544.77,4.980000000000018,0.0,15,we've incorporated the Charter of Fundamental Rights as an integral part of the Constitution
21-07-04-m-005,II,ST,77,549.75,14.559999999999945,1.0,49,in a significant advance in the area of human rights the Union's institutions and the Member States when implementing Union law will be bound by the Charter and the Union's citizens will have the right to legal redress if they feel their rights have not been upheld
21-07-04-m-005,II,ST,78,564.31,9.090000000000032,0.0,27,in addition the Union is to accede to the European Convention on Human Rights which will help to ensure consistency between the Courts in Strasbourg and Luxembourg
21-07-04-m-005,II,ST,79,573.4,6.360000000000014,0.0,22,we've agreed an institutional framework that fully respects the rights of all Member States in all of the Union's institutions
21-07-04-m-005,II,ST,80,579.76,4.899999999999977,0.0,15,each Member State will nominate a member of the Commission until two thousand and fourteen
21-07-04-m-005,II,ST,81,584.66,12.269999999999982,0.0,40,at that time a move will be made to a smaller Commission with members from two-thirds of the Member States selected on the basis of absolute equal rotation unless the European Council decides unanimously to fix a different size
21-07-04-m-005,II,ST,82,596.93,9.030000000000086,0.0,28,and we have thus I believe provided the basis for an effective Commission into the future which I know you agree is of crucial importance for the Union
21-07-04-m-005,II,ST,83,605.96,16.529999999999973,0.0,42,the principle of double majority voting enshrined the dual nature of the Union as a Union of States and citizens will be implemented in a way that respects the concerns of all IGC participants participants and enhances the efficiency of decision-making
21-07-04-m-005,II,ST,84,622.49,9.17999999999995,0.0,25,the new team presidency arrangements bringing three Member States together to implement an agreed programme will help the Council become more effective and more efficient
21-07-04-m-005,II,ST,85,631.67,10.720000000000027,0.0,31,and the new permanent President of the European Council Foreign Minister External Action Service will enhance coordination and allow the Union to play a more effective role in the wider world
21-07-04-m-005,II,ST,86,642.39,6.789999999999964,0.0,19,these are all remarkable achievements President which many would have believed impossible at the outset of the Convention process
21-07-04-m-005,II,ST,87,649.18,3.4400000000000546,0.0,10,and so I thank all of those in the Convention
21-07-04-m-005,II,ST,88,652.62,1.7699999999999818,0.0,8,I thank all of those who helped us
21-07-04-m-005,II,ST,89,654.39,16.460000000000036,1.0,44,I thank my good colleague President of the Commission Romano Prodi and all his colleagues who worked so hard to help us in our work and of course Valerie Giscard d'Estaing who was the President of the Convention earlier on for his work
21-07-04-m-005,II,ST,90,670.85,6.230000000000018,0.0,25,work is now getting underway to prepare the text for signature by Heads of State or Government on the twenty-ninth of October in Rome
21-07-04-m-005,II,ST,91,677.08,7.75,0.0,26,and following signature attention will focus on ratification which is intended to be concluded at the latest by the first of November two thousand and six
21-07-04-m-005,II,ST,92,684.83,2.0399999999999636,0.0,6,some Member States will hold referendums
21-07-04-m-005,II,ST,93,686.87,2.830000000000041,0.0,6,others will ratify using parliamentary procedures
21-07-04-m-005,II,ST,94,689.7,12.5,0.0,40,irrespective of the choices made by Member States it's incumbent on us all to explain what is in the Constitution and why it will be so beneficial for the Union for the Member States and especially for our citizens
21-07-04-m-005,II,ST,95,702.2,14.519999999999982,0.0,54,the questions posed at the European Council in Laeken in December two thousand and one President how to make the Union more effective more efficient how to prepare it to play a more effective role in the wider world how to bring the Union closer to its citizens have I believe been well answered
21-07-04-m-005,II,ST,96,716.72,7.720000000000027,0.0,24,our new Constitution will equip us to meet with confidence the challenges that the Union is facing as it continues to widen and deepen
21-07-04-m-005,II,ST,97,724.44,4.869999999999891,0.0,15,the Union has undergone a lengthy and exhaustive process of Treaty change in recent years
21-07-04-m-005,II,ST,98,729.31,11.170000000000073,0.0,43,it's time now for us to have the confidence to see the new Constitution as the Union's bedrock in the same way that the Treaty of Rome has served us so well over the course of more than half a century
21-07-04-m-005,II,ST,99,740.48,7.460000000000036,0.0,17,our focus must now turn fully to formulating and implementing those policies our citizens expect of us
21-07-04-m-005,II,ST,100,747.94,14.889999999999986,0.0,45,President as our Union enlarges continuing to be able to take decisions that will serve the needs of our people will be critical and the new European Constitution will enable the Union to engage constructively with the future challenges and opportunities that we'll face
21-07-04-m-005,II,ST,101,762.83,7.599999999999909,1.0,28,during the six-month term as presidency Ireland was honoured and was privileged to welcome ten new Member States into the European Union on the first of May
21-07-04-m-005,II,ST,102,770.43,4.6299999999999955,0.0,16,we marked the occasion by a formal and symbolic ceremony a Day of Welcomes in Dublin
21-07-04-m-005,II,ST,103,775.06,2.5400000000000773,0.0,10,it was truly a historic moment for the European Union
21-07-04-m-005,II,ST,104,777.6,4.480000000000018,1.0,16,it was a moment of great opportunity and hope for all of the people of Europe
21-07-04-m-005,II,ST,105,782.08,3.839999999999918,0.0,13,of course the enlargement process did not end on the first of May
21-07-04-m-005,II,ST,106,785.92,4.780000000000086,1.0,14,we're delighted to have achieved substantial progress in negotiations with Bulgaria and Romania
21-07-04-m-005,II,ST,107,790.7,6.939999999999941,1.0,16,European Council noted with great satisfaction that Bulgaria had previously closed negotiations in all outstanding chapters
21-07-04-m-005,II,ST,108,797.64,6.169999999999959,1.0,15,in addition Romania made significant progress provisionally closing negotiations in three chapters of the acquis
21-07-04-m-005,II,ST,109,803.81,7.970000000000027,0.0,25,as an example of a very concrete step towards accession work has just commenced under the Dutch presidency on the drafting of the Accession Treaty
21-07-04-m-005,II,ST,110,811.78,8.110000000000014,0.0,27,we encourage both countries to maintain and accelerate their efforts and look forward to their accession accession in January two thousand and seven if they are ready
21-07-04-m-005,II,ST,111,819.89,10.169999999999959,1.0,31,the June European Council welcomed the significant progress which Turkey has continued to make in reform process and the sustained efforts of the Turkish Government to meet the Copenhagen political criteria
21-07-04-m-005,II,ST,112,830.06,11.590000000000032,0.0,31,the Union has confirmed its commitment that if the December European Council decision on the fulfillment of the political criteria is positive accession negotiations with Turkey will be opened without delay
21-07-04-m-005,II,ST,113,841.65,3.9099770000000262,0.0,15,this decision will be taken on the basis of the Commission's report and recommendation
21-07-04-m-005,II,ST,114,845.559977,2.900023000000033,0.0,10,it will be taken in an objective and transparent manner
21-07-04-m-005,II,ST,115,848.46,8.369976999999949,0.0,25,also in June the European Council decided that Croatia is a candidate for membership and that negotiations should begin early in two thousand and five
21-07-04-m-005,II,ST,116,856.829977,12.11002300000007,0.0,33,our presidency had responsibility for managing the initial phase of negotiations on the future Financial Perspectives which will determine funding for the Union from two thousand and seven to two thousand and thirteen
21-07-04-m-005,II,ST,117,868.94,6.649999999999977,0.0,22,our aim was to examine the Commission's ideas in detail to offer feedback to the Commission in preparing its legislative proposals
21-07-04-m-005,II,ST,118,875.59,5.219999999999914,0.0,18,this we did and the June European Council found the report we prepared to be a useful contribution
21-07-04-m-005,II,ST,119,880.81,4.260000000000105,0.0,14,in June we also agreed to reach political agreement on the dossier next year
21-07-04-m-005,II,ST,120,885.07,12.049999999999955,1.0,38,the focus of our presidency in the Justice and Home Affairs area was the delivery of commitments under the Amsterdam Treaty and in the broader Tampere programme for the creation of an area of freedom security and justice
21-07-04-m-005,II,ST,121,897.12,3.259999999999991,1.0,11,and the last six months saw I believe very substantial progress
21-07-04-m-005,II,ST,122,900.38,6.580000000000041,0.0,16,President we adopted the asylum qualifications directive and achieved political agreement on the asylum procedures directive
21-07-04-m-005,II,ST,123,906.96,4.860000000000014,0.0,12,the two cornerstones of a common asylum system are now in place
21-07-04-m-005,II,ST,124,911.82,8.449999999999932,0.0,21,we progressed agreement on establishing a broader European Border Management Agency a significant measure in the effort to fight illegal immigration
21-07-04-m-005,II,ST,125,920.27,11.399999999999977,0.0,29,we also reached political agreement on the admission of third country nationals for studies and related purposes which recognise the positive contribution that legal migration makes to the Union
21-07-04-m-005,II,ST,126,931.67,11.889999999999986,0.0,31,we worked to facilitate better access to justice across borders for citizens of the Union adopting for example the victims of crime directive to ensure compensation to victims of violent crime
21-07-04-m-005,II,ST,127,943.56,4.310000000000059,0.0,15,and two thousand and four President marks the end of this five-year Tampere programme
21-07-04-m-005,II,ST,128,947.87,4.830000000000041,0.0,19,in June the European Council agreed that the time had come to launch the next phase of the process
21-07-04-m-005,II,ST,129,952.7,3.699999999999932,0.0,11,and the Commission will now prepare proposals for consideration in December
21-07-04-m-005,II,ST,130,956.4,8.740000000000009,0.0,27,in the related area of terrorism and in the aftermath of the appalling terrorist attacks in Madrid the March European Council adopted the Declaration on Combating Terrorism
21-07-04-m-005,II,ST,131,965.14,9.620000000000005,1.0,27,in June we noted the significant progress made in implementing the measures set out in the Declaration and the work of the European Union Counter-Terrorism Coordinator
21-07-04-m-005,II,ST,132,974.76,6.590000000000032,0.0,22,the next steps will have to be now mapped out in the revised plan of action which was also adopted in June
21-07-04-m-005,II,ST,133,981.35,11.720000000000027,0.0,34,in the external relations area we sought to give renewed coherence and impetus to the European Union's complex external agenda guided by the European security strategy adopted by the European Council last December
21-07-04-m-005,II,ST,134,993.07,2.909999999999968,0.0,11,I believe that our efforts in this area were very successful
21-07-04-m-005,II,ST,135,995.98,7.350000000000023,0.0,16,we emphasised effective multilateralism conflict prevention and the development of a European Security and Defence Policy
21-07-04-m-005,II,ST,136,1003.33,7.759999999999991,0.0,21,we worked to strengthen and develop key partnerships including the transatlantic relationship on the basis of our shared interests and values
21-07-04-m-005,II,ST,137,1011.09,12.240000000000009,0.0,33,we worked hard to ensure that the Millennium Development Goals with their strong emphasis on poverty eradication and sustainable development and the HIV AIDS pandemic were given the high focus that they deserve
21-07-04-m-005,II,ST,138,1023.33,6.850000000000023,0.0,24,many of you in this Parliament follow closely a range of external relations issues which are of particular interest to you and your constituents
21-07-04-m-005,II,ST,139,1030.18,6.369999999999891,1.0,24,you know therefore the progress that has been made during the past six months and what remains to be done in many challenging areas
21-07-04-m-005,II,ST,140,1036.55,12.22498900000005,1.0,37,across the range of issues be it in the transatlantic relationship the European Union's engagement with Africa or the need to strengthen our relations with Russia and with Asia we can report real and lasting progress
21-07-04-m-005,II,ST,141,1048.774989,12.595010999999886,0.0,46,we've circulated a report on Ireland's presidency of the European Union to each Member of the Parliament which sets out the key developments in the external agenda for our six-month term as well as developments in relation to the Union's internal agenda
21-07-04-m-005,II,ST,142,1061.37,5.0300000000002,0.0,17,I will of course be happy to respond to your queries in the debate that that follows
21-07-04-m-005,II,ST,143,1066.4,4.559999999999945,0.0,15,it has President I believe been a challenging and rewarding six months for us all
21-07-04-m-005,II,ST,144,1070.96,9.3599999999999,0.0,34,at the beginning of the presidency when I addressed this House I said that our overall objective was to secure outcomes which would have a positive impact on the lives of Europe's people
21-07-04-m-005,II,ST,145,1080.32,15.779999999999973,1.0,53,I strongly believe that with the successful enlargement of the Union the agreement on the European Constitution the good progress made over the last six months on the Lisbon Agenda and the Justice and Home Affairs as well as in our relationships with key partners the Union has made a great step forward
21-07-04-m-005,II,ST,146,1096.1,17.0300000000002,0.0,58,we must all continue to work to communicate better with our citizens so that we can become better informed and engaged in relation to developments within the Union which affect their daily lives in so many positive ways and I have no doubt that the Netherlands presidency will be as successful as we know it will be challenging
21-07-04-m-005,II,ST,147,1113.13,2.439999999999827,0.0,6,like Parliament I wish them well
21-07-04-m-005,II,ST,148,1115.57,12.930000000000064,0.0,34,the theme of of Ireland's presidency was Europeans working together and during the last six months President I believe that the Council and the European Parliament have worked together in an exemplary way
21-07-04-m-005,II,ST,149,1128.5,13.690000000000055,0.0,36,and the experience has left me firmly convinced that working together cooperatively both Member States and institutions we can build a better Europe and contribute to a a fairer and more secure and more peaceful world
21-07-04-m-005,II,ST,150,1142.19,14.11999999999989,1.0,47,and obviously President it's a great honor for me to report on the six months of the Irish presidency but in doing so it's not just on the six months because I think in any presidency it's a lead-in of about a year
21-07-04-m-005,II,ST,151,1156.31,7.0900000000001455,0.0,24,so for the last eighteen months or so I've been dealing with the leaders of the groups in the Parliament and the Presidents
21-07-04-m-005,II,ST,152,1163.4,8.11999999999989,0.0,28,I want to thank them for all the time that they gave to me and to thank them for their visit to Dublin in in December last year
21-07-04-m-005,II,ST,153,1171.52,3.3099999999999454,1.0,8,I think they gave me very good advice
21-07-04-m-005,II,ST,154,1174.83,24.220000000000027,0.0,68,and I know that throughout the presidency both Minister Cowen Minister Roche in particular was here many times but the courtesy shown to all of my colleagues we were absolutely determined to work closely with the Parliament to give a lot of time to the Parliament and to to listen to the views of the Parliament and try to reflect that through the institutions and through our work
21-07-04-m-005,II,ST,155,1199.05,4.120000000000118,0.0,9,and the experience for us has been enormous rewarding
21-07-04-m-005,II,ST,156,1203.17,3.519999999999982,0.0,10,when you're a small country it is a challenge
21-07-04-m-005,II,ST,157,1206.69,6.029999999999973,0.0,14,I do not have the eight hundred officials to bring to European Council meetings
21-07-04-m-005,II,ST,158,1212.72,1.8699999999998909,0.0,7,I don't have the three planes
21-07-04-m-005,II,ST,159,1214.59,3.0299999999999727,0.0,7,I don't have an enormous bureaucracy
21-07-04-m-005,II,ST,160,1217.62,11.210000000000036,0.0,28,we have a fairly small team Ambassador Anderson and her people who worked very hard in Brussels for us our our people who worked here in the Parliament
21-07-04-m-005,II,ST,161,1228.83,1.400000000000091,0.0,7,it adds up to a small team
21-07-04-m-005,II,ST,162,1230.23,7.0,0.0,19,and for that reason I think we got personally to know so many of the people here very closely
21-07-04-m-005,II,ST,163,1237.23,10.549999999999955,0.0,29,and for that reason I want to particularly say I'm delighted to be here today and to thank you for your cooperation to wish the new Parliament well
21-07-04-m-005,II,ST,164,1247.78,5.660000000000082,0.0,12,here well they started an exciting part of their own political career
21-07-04-m-005,II,ST,165,1253.44,1.7000000000000455,0.0,5,I wish them every success
21-07-04-m-005,II,ST,166,1255.14,7.979999999999791,1.0,30,for people who've been here before I have to say to them I hope we in Ireland can keep up the really good relationships that we we've had
21-07-04-m-005,II,ST,167,1263.12,7.6400000000001,0.0,25,particularly if I can say congratulations to all my Irish colleagues of all political persuasions and wish them particularly well for the six months ahead
21-07-04-m-005,II,ST,168,1270.76,12.950000000000045,0.0,34,and lastly as I said at the outset to you President Borrell you have a a difficult job a very demanding task both within Parliament internationally and I wish you every success with it
21-07-04-m-005,II,ST,169,1283.71,0.849999999999909,0.0,4,thank you very much
21-07-04-m-005,II,TT,0,0.0,17.236,0.0,13,me alegra poder estar aquí en esta primera sesión del nuevo Parlamento europeo
21-07-04-m-005,II,TT,1,17.236,24.94,1.0,36,quisiera aprovechar esta oportunidad para felicitar a todos los diputados de los veinticinco estados miembros de la Unión Europea por su elección el mes pasado en el mayor ejercicio de democracia que el mundo ha conocido
21-07-04-m-005,II,TT,2,42.176,5.919999999999995,0.0,12,me alegra poder ver aquí a caras familiares y a nuevas caras
21-07-04-m-005,II,TT,3,48.096,1.470000000000006,0.0,3,señor Presidente Borrell
21-07-04-m-005,II,TT,4,49.566,0.8699999999999974,0.0,2,señor Prodi
21-07-04-m-005,II,TT,5,50.436,3.3999999999999986,0.0,4,señoras y señores señorías
21-07-04-m-005,II,TT,6,53.836,6.800000000000004,0.0,12,he visto que tal vez habría algunas dificultades en traducir el gaélico
21-07-04-m-005,II,TT,7,60.636,4.404999999999994,0.0,8,pero cuando sea completamente reconocido quizás haya menos
21-07-04-m-005,II,TT,8,65.041,20.135000000000005,1.0,55,me alegra poder estar aquí en esta primera sesión plenaria del nuevo Parlamento europeo y me gustaría también aprovechar esta oportunidad para felicitar a todos los diputados de los veinticinco estados miembros de la Unión Europea por su elección el mes pasado en este ejercicio de democracia supranacional el mayor que el mundo ha conocido
21-07-04-m-005,II,TT,9,85.176,4.829999999999998,0.0,14,y me gusta me alegra poder ver a caras conocidas y a nuevas caras
21-07-04-m-005,II,TT,10,90.006,8.159999999999997,0.0,19,y también quisiera Presidente Borrell felicitarle por su elección como Presidente del Parlamento europeo y desearle todo lo mejor
21-07-04-m-005,II,TT,11,98.166,12.86,0.0,27,en Irlanda y especialmente como presidencia saliente somos muy conscientes del papel crucial y constructivo que ha desempeñado el Parlamento en el trabajo de a Unión Europea
21-07-04-m-005,II,TT,12,111.026,13.200000000000003,0.0,29,durante nuestra presidencia hemos tenido una cooperación inmensa en nuestras relaciones con el Parlamento europeo que ha sido un elemento esencial para la realización de muchos de nuestros objetivos
21-07-04-m-005,II,TT,13,124.226,3.700000000000003,0.0,9,le deseo todo lo mejor en los próximos años
21-07-04-m-005,II,TT,14,127.926,12.08999999999999,0.0,32,he venido hoy señor Presidente para informar sobre los resultados del Consejo europeo de junio y sobre el trabajo de la presidencia irlandesa durante los seis primeros meses de dos mil cuatro
21-07-04-m-005,II,TT,15,140.016,13.300000000000011,0.0,22,y antes quisiera subrayar los dos principios básicos de la presidencia y que constituyen el planteamiento general irlandés en los asuntos europeos
21-07-04-m-005,II,TT,16,153.316,5.02000000000001,0.0,10,el primero es que Europa debe trabajar para sus gentes
21-07-04-m-005,II,TT,17,158.336,11.73999999999998,0.0,14,muchas veces al entrar en un mundo abstracto y teórico parece que nos alejamos
21-07-04-m-005,II,TT,18,170.076,18.25,-1.0,31,pero para que Europa signifique algo diverente para las vidas de sus ciudadanos Europa debe ser consciente de que tuvo que recuperarse después de los desastres de la segunda guerra mundial
21-07-04-m-005,II,TT,19,188.326,9.480000000000018,0.0,19,sin ello sin esa recuperación Europa no hubiera podido crear este mercado y poder haber creado una moneda única
21-07-04-m-005,II,TT,20,197.806,9.679999999999978,0.0,20,y tampoco hubiéramos podido aceptar y apoyar a aquellos europeos que han estado durante cincuenta años bajo la opresión totalitaria
21-07-04-m-005,II,TT,21,207.486,8.090000000000003,0.0,14,tenemos que centrarnos en que esta nueva Europa ampliada sea importante para nuestros ciudadanos
21-07-04-m-005,II,TT,22,215.576,6.150000000000006,1.0,9,necesitamos trabajo protección social y medioambiental paz y seguridad
21-07-04-m-005,II,TT,23,221.726,3.5900000000000034,1.0,8,y estos son los ingredientes del éxito europeo
21-07-04-m-005,II,TT,24,225.316,5.460000000000008,0.0,19,y deben seguir estando en el centro de la atención de sus dirigentes legisladores y de todos los europeos
21-07-04-m-005,II,TT,25,230.776,4.679999999999978,0.0,9,el segundo principio debe ser el principio de justicia
21-07-04-m-005,II,TT,26,235.456,14.29000000000002,0.0,27,se sea un país grande o pequeño la ley es lo que importa la justicia el equilibrio la aplicación transparente de estas normas es lo más importante
21-07-04-m-005,II,TT,27,249.746,11.499999999999972,0.0,33,la Unión Europea ha creado una zona en donde las preocupaciones de todos respetan las identidades de todos pueden ser reforzadas y los intereses fundamentales y lod derechos de cadauno deben ser protegidos
21-07-04-m-005,II,TT,28,261.246,5.28000000000003,0.0,12,es esecial que esa tradición de igualdad justicia y cooperación se refuerce
21-07-04-m-005,II,TT,29,266.526,9.279999999999973,0.0,19,al dirigirme a esta Cámara en enero señor Presidente destaqué los cinco capítulos del trabajo de la presidencia irlandesa
21-07-04-m-005,II,TT,30,275.806,12.110000000000014,0.0,27,queríamos llegar a un buen resultado en el trabajo de la conferencia intergubernamental llevar a buen término la ampliación y progresar en las siguientes anunciaciones de ampliación
21-07-04-m-005,II,TT,31,287.916,3.8500000000000227,0.0,7,queríamos también revitalizar la estrategia de Lisboa
21-07-04-m-005,II,TT,32,291.766,4.919999999999959,0.0,10,ya he informado sobre esto el último el marzo pasado
21-07-04-m-005,II,TT,33,296.686,8.069999999999993,0.0,19,en asuntos de justicia interior queríamos también cumplir los compromisos del Tratado de Amsterdam y del Programa de Tampere
21-07-04-m-005,II,TT,34,304.756,6.2000000000000455,0.0,14,y también queremos dar más coherencia a la agenda exterior de la Unión Europea
21-07-04-m-005,II,TT,35,310.956,12.479999999999961,1.0,27,uno de los puntos más importantes que me alegra decir que ha tenido un excelente éxito ha sido el nombramiento del nuevo Presidente de la Comisión europea
21-07-04-m-005,II,TT,36,323.436,11.960000000000036,0.0,19,José Manuel Durao Barroso ha desempeñado un papel muy importante en la búsqueda del próximo presidente de la Comisión
21-07-04-m-005,II,TT,37,335.396,10.339999999999975,0.0,25,y me alegra poder decir que el Consejo europeo por consenso acordó proponer a José Manuel como su candidato para presidente de la Comisión europea
21-07-04-m-005,II,TT,38,345.736,6.7900000000000205,0.0,16,en un momento esencial en la Unión no creo que pudieramos haber encontrado un mejor candidato
21-07-04-m-005,II,TT,39,352.526,6.819999999999993,0.0,13,es una persona que está preparada para dirigir y preparada para tomar decisiones
21-07-04-m-005,II,TT,40,359.346,10.100000000000023,0.0,19,conoce los intereses de todos los estados miembros grandes y pequeños antiguos y nuevos y sin duda puedo recomendarle
21-07-04-m-005,II,TT,41,369.446,5.1299999999999955,1.0,14,también me alegra poder decir que llegamos a un acuerdo en otros importantes nombramientos
21-07-04-m-005,II,TT,42,374.576,13.359999999999957,0.0,29,Javier Solana que ha tenido un papel esencial en sus presentes funciones continuará ejerciendo las funciones de secretario general del Consejo y Pierre de Boissieu será su vicesecretario general
21-07-04-m-005,II,TT,43,387.936,10.520000000000039,0.0,12,también Solana será posiblemente el próximo ministro de exteriores de la Unión
21-07-04-m-005,II,TT,44,398.456,8.319999999999993,1.0,21,un elemento esencial de nuestra presidencia ha sido el acuerdo sobre una constitución en la Conferencia Intergubernamental el dieciocho de junio
21-07-04-m-005,II,TT,45,406.776,8.079999999999984,0.0,26,ha sido la culminación de más de dos años y medio de trabajo que empezaron con la declaración de Laeken en diciembre de dos mil uno
21-07-04-m-005,II,TT,46,414.856,2.9499999999999886,0.0,10,luego siguió con la Convención Europea y la Conferencia Intergubernamental
21-07-04-m-005,II,TT,47,417.806,3.680000000000007,0.0,9,y quisiera hoy felicitar el trabajo del Parlamento Europeo
21-07-04-m-005,II,TT,48,421.486,13.04000000000002,0.0,31,durante todo este proceso y durante la convención europea y la conferencia intergubernamental el Parlamento se ha comprometido con la Unión Europea y con sus ciudadanos cuyos intereses ustedes representan directamente
21-07-04-m-005,II,TT,49,434.526,14.529999999999973,0.0,21,la Convención representó el núcleo de la conferencia intergubernamental y ha reflejado el trabajo que han aportado los representantes del Parlamento
21-07-04-m-005,II,TT,50,449.056,9.340000000000032,0.0,13,sé que durante la Conferencia Intergubernamental hubo una actitud positiva flexible y constructiva
21-07-04-m-005,II,TT,51,458.396,10.25,0.0,24,y quisiera también felicitar el duro trabajo que se hizo para poder llegar a soluciones en los temas de especial importancia para el Parlamento
21-07-04-m-005,II,TT,52,468.646,22.889999999999986,0.0,42,y quisiera darles las gracias sinceramente a todos ustedes en especial a Elmar Brok Klaus Hänsch y por supesto al anterior Presidente del Parlamento europeo Pat Cox que ayudó enormemente y me ayudó personalmente en el trabajo junto con el ministro Roche
21-07-04-m-005,II,TT,53,491.536,3.6000000000000227,0.0,11,y quisiera darle las gracias por todo lo que han hecho
21-07-04-m-005,II,TT,54,495.136,4.864999999999952,0.0,7,todos sabrán el contenido de la Constitución
21-07-04-m-005,II,TT,55,500.001,0.69500000000005,0.0,3,lo conocen ya
21-07-04-m-005,II,TT,56,500.696,6.194999999999993,1.0,14,pero quisiera destacar algunos de sus rasgos que significan un progreso para la Unión
21-07-04-m-005,II,TT,57,506.891,7.5849999999999795,0.0,16,hemos logrado crear en un documento único poder explicar qué es y qué hace la Unión
21-07-04-m-005,II,TT,58,514.476,7.384999999999991,0.0,24,hemos definido toda una serie de valores y objetivos que podemos compartir y que hacen que la Unión Europea sea única en el mundo
21-07-04-m-005,II,TT,59,521.861,15.585000000000036,0.0,39,hemos reforzado la legitimidad democrática de la Unión Europea ampliando las competencias del Parlamento y también reforzado el papel de los parlamentos nacionales y abierto el Consejo de Ministros a más examen y a maás responsabilidad ante el público
21-07-04-m-005,II,TT,60,537.446,5.769999999999982,0.0,16,hemos aclarado la división de competencias en la Unión entre la Unión y los estados miembros
21-07-04-m-005,II,TT,61,543.216,4.159999999999968,0.0,11,y también se han reforzado los principios de subsidiariedad y proporcionalidad
21-07-04-m-005,II,TT,62,547.376,7.7000000000000455,1.0,24,hemos incorporado la Carta de Derechos Fundamentales como parte integral de la Constitución y un progreso importante en el ámbito de los derechos humanos
21-07-04-m-005,II,TT,63,555.076,17.92999999999995,1.0,40,las instituciones de la Unión y de los estados miembros al aplicar la Unión Europea estará vinculado por la Carta y los ciudadanos de la Unión tendrán el derecho a recurrir si sienten que sus derechos no se han aplicado
21-07-04-m-005,II,TT,64,573.006,8.009999999999991,0.0,15,además se trata de asegurar una mayor coherencia entre los ciudadanos de Estrasburgo y Luxembrugo
21-07-04-m-005,II,TT,65,581.016,6.800000000000068,0.0,16,además cada estado miembro nombrará a un miembro de la Comisión europea hasta dos mil catorce
21-07-04-m-005,II,TT,66,587.816,15.259999999999991,0.0,38,en ese momento se llegará a una Comisión más pequeña con miembros de dos tercios de los estados miembros seleccionados en base a una rotación igualitaria a menos que el Consejo europeo decida por hunanimidad un tamaño diferente
21-07-04-m-005,II,TT,67,603.076,6.230000000000018,0.0,17,sé que se trata de la basa para un trabajo efectivo de la Comisión para el futuro
21-07-04-m-005,II,TT,68,609.306,18.799999999999955,0.0,46,el principio de la doble mayoría consagra la naturaleza dual de la Unión como unión de estados y ciudadanos y se aplicará de una manera tal que respete las preocupaciones de todos los participantes en la conferencia intergubernamental y mejore el proceso de toma de decisiones
21-07-04-m-005,II,TT,69,628.106,9.450000000000045,0.0,22,el nuevo equipo de la presidencia con tres estados miembros ayudará al Consejo para trabajar de una manera más efectiva y eficaz
21-07-04-m-005,II,TT,70,637.556,13.309999999999945,0.0,35,y el nuevo Presidente del Consejo europeo su ministro de exteriores y el servicio acción exterior de relaciones exteriores ampliará la coordinación y permitirán que la Unión desempeñe un papel más efectivo en el mundo
21-07-04-m-005,II,TT,71,650.866,2.909999999999968,0.0,7,por lo tanto estos son los logros
21-07-04-m-005,II,TT,72,653.776,3.6400000000001,0.0,10,y agradezco a todos aquellos que han participado en conseguirlos
21-07-04-m-005,II,TT,73,657.416,16.579999999999927,0.0,31,y gracias al Presidente de la Comisión Romano Prodi y a todos sus colegas que nos han ayudado en este trabajo y también al Presidente de la Convención por su trabajo
21-07-04-m-005,II,TT,74,673.996,7.670000000000073,0.0,25,se está preparando ahora el texto para su firma por parte de los jefes de estado y de gobierno el veintinueve de octubre en Roma
21-07-04-m-005,II,TT,75,681.666,10.629999999999995,0.0,26,y luego la ratificación se concluirá a más tardar el uno de noviembre de dos mil seis a través de referéndums u otros procedimientos de ratificación
21-07-04-m-005,II,TT,76,692.296,11.819999999999936,0.0,29,independientemente de la opción de los estados miembros queremos explicar la constitución y por qué es buena para la Unión para sus estados miembros y especialmente para nuestros ciudadanos
21-07-04-m-005,II,TT,77,704.116,7.300000000000068,0.0,16,los temas que se plantearon al Consejo europeo del Laeken en diciembre de dos mil uno
21-07-04-m-005,II,TT,78,711.416,7.579999999999927,0.0,22,cómo hacer que la Unión sea más efectiva y más eficaz cómo acercarla a sus ciudadanos y a un mundo más amplio
21-07-04-m-005,II,TT,79,718.996,2.560000000000059,0.0,6,creo que se ha contestado bien
21-07-04-m-005,II,TT,80,721.556,6.569999999999936,0.0,18,nuestra Constitución nos dota de los instrumentos necesarios para salir del paso de los retos de la Unión
21-07-04-m-005,II,TT,81,728.126,9.345000000000027,0.0,13,la Unión ha estado en un proceso de reforma en los último años
21-07-04-m-005,II,TT,82,737.471,13.725000000000023,0.0,34,ahora tenemos que tener tenemos que confiar en la nueva constitución que funcionará de la misma manera que lo hizo el Tratado de Roma y que ha funcionado también en los últimos cincuenta años
21-07-04-m-005,II,TT,83,751.196,8.159999999999968,0.0,17,a medida que nuestra Unión se amplía tenemos que tomar las decisiones que sirvan a nuestro pueblo
21-07-04-m-005,II,TT,84,759.356,6.139999999999986,0.0,13,la nueva Constitución europea permitirá trabajar de manera constructiva en los próximos retos
21-07-04-m-005,II,TT,85,765.496,11.06000000000006,0.0,32,en los últimos seis meses en la presidencia irlandesa hemos podido tener el honor y el privilegio de recibir a diez nuevos estados miembros en la Unión Europea el uno de mayo
21-07-04-m-005,II,TT,86,776.556,9.979999999999905,1.0,37,en una ceremonia formal y simbólica en el día de la bienvenida en Dublín fue un momento histórico para toda la Unión Europea y y una gran oportunidad y una esperanza para todos los pueblos de Europa
21-07-04-m-005,II,TT,87,786.536,3.6400000000001,0.0,9,pero la ampliación no termina el uno de mayo
21-07-04-m-005,II,TT,88,790.176,3.189999999999941,0.0,6,estamos negociando con Bulgaria y Rumanía
21-07-04-m-005,II,TT,89,793.366,8.009999999999991,0.0,23,y el Consejo Europeo ha podido tomar nota con satisfacción que Bulgaria ha cerrado provisionalmente todas las negociaciones en los capítulos más importantes
21-07-04-m-005,II,TT,90,801.376,3.2200000000000273,0.0,8,y Rumanía también ha avanzado de manera significativa
21-07-04-m-005,II,TT,91,804.596,19.220000000000027,0.0,33,como ejemplo de un paso hacia la adhesión que empezó durante la presidencia olandesa se ha empezado a redactar el tratado de adhesión que podrá estar listo para enero de dos mil siete
21-07-04-m-005,II,TT,92,823.816,8.039999999999964,0.0,18,el trabajo del Consejo Europeo de junio se felicitó de los avances realizados en las negociaciones con Turquía
21-07-04-m-005,II,TT,93,831.856,14.909999999999968,0.0,28,la Unión ha reafirmado su compromiso de que si el el Consejo Europeo de diciembre sus criterios son positivos las negociaciones de adhesión con Turquía se abrirán inmediatamente
21-07-04-m-005,II,TT,94,846.766,6.090000000000032,0.0,22,y esa decisión se tomará en base al informe y a las recomendaciones de la Comisión de una manera objetiva y transparente
21-07-04-m-005,II,TT,95,852.856,8.240000000000009,0.0,22,así el Consejo Europeo decidió que Croacia es candidato para entrar en la Unión y sus negociaciones empezarán en dos mil cinco
21-07-04-m-005,II,TT,96,861.096,10.424999999999955,0.0,36,nuestra presidencia ha tenido la responsabilidad para gestionar la fase inicial de las negociaciones sobre el futuro de las perspectivas financieras que determinará la financiación de la Unión de dos mil siete a dos mil trece
21-07-04-m-005,II,TT,97,871.521,6.055000000000064,0.0,14,nuestro objetivo era examinar las ideas de la Comisión y preparar las propuestas legislativas
21-07-04-m-005,II,TT,98,877.576,6.399999999999977,0.0,18,y así lo hicimos en junio y el informe que se preparó ha sido una contribución muy útil
21-07-04-m-005,II,TT,99,883.976,6.289999999999964,1.0,14,también vamos a empezar a trabajar con el acuerdo político el año que viene
21-07-04-m-005,II,TT,100,890.266,9.870000000000005,1.0,29,en cuanto a justicia e interior hemos trabajado en los compromisos del tratado de Amsterdam y la agenda de Támpere para crear un área de libertad seguridad y justicia
21-07-04-m-005,II,TT,101,900.136,2.759999999999991,0.0,8,los últimos seis meses creo que hemos progresado
21-07-04-m-005,II,TT,102,902.896,14.080000000000041,1.0,32,hemos aprobado la directiva sobre derecho de asilo y los procedimientos de asilo la directiva sobre procedimientos de asilo que son ahora los dos elementos esenciales de un sistema común de asilo
21-07-04-m-005,II,TT,103,916.976,20.29499999999996,1.0,36,también la Agencia Europea de Fronteras hemos llegado también a un acuerdo político sobre la admisión de ciudadanos de terceros países que significa un reconocimiento positivo de lo que constituye la inmigración legal en la Unión
21-07-04-m-005,II,TT,104,937.271,9.68500000000006,0.0,23,hemos trabajado para facilitar el acceso a la justicia por ejemplo con la directiva de víctimas de delitos para que puedan recibir indemnizaciones
21-07-04-m-005,II,TT,105,946.956,5.409999999999968,0.0,13,dos mil cuatro supone el final del programa de cinco años de Támpere
21-07-04-m-005,II,TT,106,952.366,6.529999999999973,0.0,17,en junio se acordó el Consejo Europeo que ha llegado la hora de iniciar la siguiente fase
21-07-04-m-005,II,TT,107,958.896,12.740000000000009,-1.0,29,en lo que se refiere al terrorismo y tras el terrible atentado de Madrid el Consejo europeo de marzo aprobó la declaración sobre lucha contra el terrorismo en junio
21-07-04-m-005,II,TT,108,971.636,4.600000000000023,0.0,19,examinamos los progresos que se habían hecho en la aplicación de las medidas que se establecían en la declaración
21-07-04-m-005,II,TT,109,976.236,9.440000000000055,0.0,21,en las siguientes fases tendrán que tenerse hacerse en el plan revisado de acción que se ha aprobado también en junio
21-07-04-m-005,II,TT,110,985.676,8.319999999999936,0.0,15,en las acciones exteriores hemos buscado una mayor coherencia e impulso en la Unión Europea
21-07-04-m-005,II,TT,111,993.996,4.170000000000073,1.0,10,creo que nuestros esfuerzos en este área han tenido éxito
21-07-04-m-005,II,TT,112,998.166,8.139999999999986,0.0,19,hemos hecho hincapié en el multilateralismo prevención de conflictos y desarrollo de la política europea de seguridad y defensa
21-07-04-m-005,II,TT,113,1006.306,8.949999999999932,0.0,16,hemos reforzado nuestras relaciones clave incluyendo las relaciones transatlánticas basándonos en nuestros intereses y valores compartidos
21-07-04-m-005,II,TT,114,1015.256,19.250000000000114,0.0,39,creemos que los objetivos de desarrollo de del milenio con el deseo de erradicar la pobreza y lochar por el desarrollo sustenible y luchar para la eradicación del SIDA y otras pandemias van a tener la importancia que merecen
21-07-04-m-005,II,TT,115,1034.506,3.509999999999991,0.0,6,seguiremos trabajando en muchas áreas centrales
21-07-04-m-005,II,TT,116,1038.016,10.639999999999873,0.0,27,hay muchos temas tales como las relaciones transatlánticas el compromiso de la Unión Europea con África y la necesidad de reforzar nuestras relaciones con Rusia y Asia
21-07-04-m-005,II,TT,117,1048.656,17.059999999999945,0.0,33,también hemos distribuido el informe de la presidencia irlandesa en la Unión Europea todos los diputados del Parlamento en donde se ha establecido lo que hemos hecho en los seis meses de presidencia
21-07-04-m-005,II,TT,118,1065.716,6.6400000000001,0.0,18,y desde luego estamos dispuestos a contestar a sus preguntas en el debate que siga a esta intervención
21-07-04-m-005,II,TT,119,1072.356,6.319999999999936,0.0,13,para concluir creo que ha sido han sido seis meses interesantes un reto
21-07-04-m-005,II,TT,120,1078.676,5.789999999999964,0.0,18,al principio ya dije que queríamos tener un impacto positivo en las vidas de las gentes de Europa
21-07-04-m-005,II,TT,121,1084.466,12.680000000000064,1.0,41,y creo que el acuerdo sobre la Constitución Europea los progresos que se han hecho en la agenda de Lisboa y en los asuntos de justicia e interior así como en nuestras relaciones con nuestros socios clave la Unión ha avanzado
21-07-04-m-005,II,TT,122,1097.146,12.569999999999936,0.0,32,tenemos que continuar trabajando para comunicar mejor trabajando con nuestros ciudadanos para que puedan estar mejor informados en relación a los acontecimientos de la Unión que les afectan en sus vidas cotidianas
21-07-04-m-005,II,TT,123,1109.716,7.230000000000018,1.0,17,sin duda la presidencia olandesa tendrá éxito y también podrá salir del paso de todos los retos
21-07-04-m-005,II,TT,124,1116.946,12.980000000000018,0.0,31,el tema de la presidencia irlandesa el lema fue Europeos Trabajando Juntos y los últimos seis meses creo que el Consejo y el Parlamento europeo han trabajando juntos de manera ejemplar
21-07-04-m-005,II,TT,125,1129.926,14.88000000000011,0.0,32,esta experiencia me deja convencido que trabajando juntos de manera cooperativa estados miembros e instituciones podemos construir una Europa mejor y contribuir a tener un mundo más justo más seguro más pacífico
21-07-04-m-005,II,TT,126,1144.806,8.569999999999936,0.0,16,y desde luego señor Presidente me alegra haber podido informar sobre estos seis meses de presidencia
21-07-04-m-005,II,TT,127,1153.376,6.380000000000109,0.0,9,pero cualquier presidencia tiene trabajo como para un año
21-07-04-m-005,II,TT,128,1159.756,5.189999999999827,0.0,18,yo en estos seis meses he podido conocer a todos los dirigentes de los grupos de los diputados
21-07-04-m-005,II,TT,129,1164.946,7.690000000000055,0.0,22,quisiera darles las gracias por el tiempo que me han dedicado y por su visita a Dublín en diciembre del año pasado
21-07-04-m-005,II,TT,130,1172.636,4.039999999999964,0.0,8,creo que supuso para mí un excelente consejo
21-07-04-m-005,II,TT,131,1176.676,11.690000000000055,0.0,19,y sé que durante la presidencia los ministros irlandeses Roche y los ministros de la presidencia han estado aquí
21-07-04-m-005,II,TT,132,1188.366,12.414999999999964,0.0,22,todos tenemos el objetivo de trabajar estrechamente con el Parlamento escuchar las opiniones del Parlamento y tratar de reflejarlas en nuestro trabajo
21-07-04-m-005,II,TT,133,1200.781,9.654999999999973,0.0,14,esta experiencia ha sido muy gratificante para un pequeño país que supone un reto
21-07-04-m-005,II,TT,134,1210.436,10.810000000000173,0.0,18,ya no tengo los ochocientos funcionarios que asisten a los consejos europeos los tres aviones una enorme burocracia
21-07-04-m-005,II,TT,135,1221.246,12.0,0.0,27,en cambio tenemos un pequeño equipo con nuestro embajador un pequeño equipo que trabaja para nosotros en Bruselas y que ha estado también aquí en el Parlamento
21-07-04-m-005,II,TT,136,1233.246,25.730000000000018,0.0,38,y por ello he podido conocer de cerca a muchos de entre ustedes y ((sound off)) especialmente a los nuevos dipudatos que inician una parte muy interesante de su vida política les deseo el mejor de los éxitos
21-07-04-m-005,II,TT,137,1258.976,7.039999999999964,0.0,18,y al los que ya conozco de antes espero que sigamos manteniendo las excelentes relaciones que hemos tenido
21-07-04-m-005,II,TT,138,1266.016,8.36999999999989,0.0,21,gracias a todos mis colegas irlandeses de todo el espectro político y les deseo lo mejor para los proximos seis meses
21-07-04-m-005,II,TT,139,1274.386,11.019999999999982,0.0,29,y a usted señor Presidente Borrell tiene usted un trabajo difícil exigente tanto en el Parlamento como en el ámbito internacional y le deseo el mejor de los éxitos
21-07-04-m-005,II,TT,140,1285.406,0.58987500000012,0.0,1,gracias
21-07-04-m-009,II,ST,0,0.0,24.84,0.0,22,President my group would also wish to congratulate the Taoiseach and his team for their prize-winning presidency canny courageous and committed
21-07-04-m-009,II,ST,1,24.84,10.720000000000002,0.0,17,and as you say this Parliament can also claim a share a share in the success story
21-07-04-m-009,II,ST,2,35.56,8.969999999999999,0.0,11,what what we have achieved togeehmgegether together is something rather remarkable
21-07-04-m-009,II,ST,3,44.53,7.920000000000002,0.0,8,we have changed the political discourse in Europe
21-07-04-m-009,II,ST,4,52.45,23.989999999999995,0.0,29,we have established a constitutional framework for a Europe that can stand on its own feet in world affairs and deliver effective common policy to address our shared problems
21-07-04-m-009,II,ST,5,76.44,32.93000000000001,0.0,27,the IGC accepted the same concept of constitutional fidehmdehmddelity fidelity that Member States show to the Union a concept that informed the proceedings throughout the ccConvehmention Convention
21-07-04-m-009,II,ST,6,109.37,32.43000000000001,0.0,45,and although there were certainly remnants of the old-style quarrels about the pecking order between States the the IGC successfully managed to transcend these and leaves us with a fairly clear picture of what the European Union will be like for the foreseeable future
21-07-04-m-009,II,ST,7,141.8,25.109999999999985,0.0,25,there is a sense of constitutional settlement of democratic legitimehmmation legitimation that this package deal has achieved a sense that previous previous IGCs have failed
21-07-04-m-009,II,ST,8,166.91,5.810000000000002,0.0,6,the European Union comes out stronger
21-07-04-m-009,II,ST,9,172.72,13.580000000000013,0.0,16,we trust each other more and are more trustworthy for the citizen and the outside world
21-07-04-m-009,II,ST,10,186.3,17.269999999999982,0.0,24,Mr President the this Parliament will now develop its own positive critique critique of the outcome of the IGC and prepare to exploit it
21-07-04-m-009,II,ST,11,203.57,12.340000000000003,0.0,15,but we must also explain and justify what has happened to a fairly sceptical electorate
21-07-04-m-009,II,ST,12,215.91,6.909999999999997,0.0,9,we must be a campaigning Parliament for the Constitution
21-07-04-m-009,II,ST,13,222.82,23.26000000000002,0.0,37,we can be proud proud of our own rehmrole role our role inside the process so far and we should not be shy of mehmmarketing marketing the Parliament on on the strength the strength of the success
21-07-04-m-009,II,ST,14,246.08,16.379999999999967,0.0,19,this time the Parliament cannot absolve itself of of responsibbehmbility responsibility for the outcome the outcome of the IGC
21-07-04-m-009,II,ST,15,262.46,3.0200000000000387,0.0,3,we were there
21-07-04-m-009,II,ST,16,265.48,1.6399999999999864,0.0,3,we were players
21-07-04-m-009,II,ST,17,267.12,27.149999999999977,-1.0,42,it could be that a referendum will be lost somewhere somewhere in Europe and it will be partly partly our fault as Members of the European Parliament and that of the political parties that sent us here should a a referendum fail
21-07-04-m-009,II,ST,18,294.27,6.230000000000018,-1.0,9,it will also be our problem thereafter to resolve
21-07-04-m-009,II,ST,19,300.5,1.9800000000000182,0.0,4,thank you very much
21-07-04-m-009,II,TT,0,0.0,31.086,0.0,23,señor Presidente también mi grupo quisiera felicitar al Taoiseach y a su equipo por su presidencia que ha sido involucrada intensiva y buena
21-07-04-m-009,II,TT,1,31.086,7.340000000000003,0.0,12,cabe decir que este Parlamento puede también echarse flores por estos éxitos
21-07-04-m-009,II,TT,2,38.426,10.439999999999998,0.0,10,hemos conseguido conjuntamente algo que realmente es digno de mencionar
21-07-04-m-009,II,TT,3,48.866,6.380000000000003,0.0,7,hemos modificado el discurso político en Europa
21-07-04-m-009,II,TT,4,55.246,26.009999999999998,0.0,36,hemos establecedo establecido un marco constitucional para una Europa que pueda tenerse de pie sola sin que nadie le tenga de la mano y para tener una política común eficaz para hacer frente a nuestros problemas
21-07-04-m-009,II,TT,5,81.256,19.010000000000005,0.0,7,la CIG aceptó el mismo concepto constitucional
21-07-04-m-009,II,TT,6,100.266,16.58,0.0,17,aceptó que hubiera unos procedimientos en los que se informaba en los que informaban los Estados miembros
21-07-04-m-009,II,TT,7,116.846,17.44999999999999,0.0,18,y parece que han desaparecido las riñas entre los países riñéndose sobre quién tenía más derechos que otros
21-07-04-m-009,II,TT,8,134.296,12.245000000000005,0.0,21,en la CIG esto desapareció y nos brindó una imagen de lo que podría ser la Unión Europea en un futuro
21-07-04-m-009,II,TT,9,146.541,30.835000000000008,1.0,32,existe un una posible concretación de esta legitimación democrática que ha conseguido este paquete este acuerdo y esto ha sido un éxito donde en conferencias intergubernamentales anteriores no se había conseguido nada
21-07-04-m-009,II,TT,10,177.376,12.490000000000009,0.0,20,nos fiamos más de unos a otros y también nos merecemos la confianza de los ciudadanos y del mundo exterior
21-07-04-m-009,II,TT,11,189.866,19.169999999999987,0.0,24,señor Presidente este Parlamento va a desarrollar su crítica positiva la crítica de los resultados de la CIG y los y utilizaremos esa crítica
21-07-04-m-009,II,TT,12,209.036,10.859999999999985,0.0,12,pero también tenemos que justificar lo que sucedió ante unos votantes escépticos
21-07-04-m-009,II,TT,13,219.896,7.030000000000001,0.0,17,tenemos que hacer una campaña a favor de la Constitución y tenemos que hacerlo desde este Parlamento
21-07-04-m-009,II,TT,14,226.926,10.430000000000007,0.0,13,tenemos que estar orgullosos de nuestro propio papel en el proceso hasta ahora
21-07-04-m-009,II,TT,15,237.356,13.689999999999998,1.0,23,tenemos que saber vender bien el Parlamento sin que esto nos dé vergüenza basándonos en el en los puntos fuertes del éxito conseguido
21-07-04-m-009,II,TT,16,251.046,5.7450000000000045,0.0,7,esta vez el Parlamento no puede absolverse
21-07-04-m-009,II,TT,17,256.791,8.470000000000027,0.0,16,no puede decir que no tiene una responsabilidad en cuanto a los resultados de la CIG
21-07-04-m-009,II,TT,18,265.261,7.044999999999959,0.0,8,estuvimos presentes y además de forma activa participamos
21-07-04-m-009,II,TT,19,272.306,21.930000000000007,0.0,28,podría ser que un referéndum se perdiera en Europa en uno de los países y si esto pasara nosotros diputados al Parlamento Europeo tendríamos parte de la culpa
21-07-04-m-009,II,TT,20,294.236,9.639999999999986,-1.0,18,esto tenemos que tenerlo muy en cuenta porque después también será un problema que nosotros tengamos que solucionar
21-07-04-m-009,II,TT,21,303.876,0.3768750000000409,0.0,1,gracias
21-07-04-m-013,II,ST,0,0.0,1.51,0.0,6,thank you very much Mr President
21-07-04-m-013,II,ST,1,1.51,17.9,0.0,43,and I would like to join my colleagues in congratulating the Taoiseach Bertie Ahern and the Irish Government for their tremendously successful presidency and one which has delivered on important political initiatives which were stalled or delayed for so long under previous presidencies
21-07-04-m-013,II,ST,2,19.41,12.559999999999999,0.0,32,in particular I think the most moving sight of the Irish presidency was the raising of the flags of our ten new partner countries in Eastern Europe in in Aras an Uachtarain
21-07-04-m-013,II,ST,3,31.97,16.89,0.0,34,in particular because that vision and that image represents the final lifting of the barriers the artificial barriers that there were between East and West Europe for East and Western Europe for so long
21-07-04-m-013,II,ST,4,48.86,23.03,0.0,52,Taoiseach you yourself have proven your skills as a negotiator as somebody who can understand the difficulties that each country faces in particular when we were discussing the Constitution that you could find accomodations for those countries to ensure that their vital national interests were not overturned or upset within that framework
21-07-04-m-013,II,ST,5,71.89,21.67,0.0,55,in particular I think the mentioning of the doctrine of conferral within that Treaty clarifying the issues of subsidiarity and proportionality as well as ensuring the continuation of equality between all Member States and in the application of the rules is a very important issue for the continuing development and growth of the European Union
21-07-04-m-013,II,ST,6,93.56,6.269999999999996,0.0,22,I fully commend you Taoiseach for all of your work in this as well as the Minister for Foreign Affairs Brian Cowen
21-07-04-m-013,II,ST,7,99.83,21.790000000000006,0.0,68,and in particular I want to mention the Minister for European Affairs Dick Roche who was so open here in the Parliament to meeting with individuals as well as political groups who engaged fully with all Members on any issues or any discussions that needed to be carried out not only with regard to the Treaty but also with regard to ongoing political developments here within the Parliament
21-07-04-m-013,II,ST,8,121.62,10.469999999999999,1.0,36,and I think that he's an example to others other Ministers for European Affairs who come in to this Parliament on how best to engage and get the support of the Parliament towards that work
21-07-04-m-013,II,ST,9,132.09,33.370000000000005,1.0,97,I would also like to mention as I have previously in this House the role of Ambassador Anne Anderson and the Irish civil service because they have proven their efficiency and professionalism in bringing together the different strands and ideas and ensuring that there was a seamless run from the very start to the very end of the presidency with full delivery of all the commitments and promises made and indeed their vigour their enthusiasm but most importantly of all their all-around good humour in dealing with the difficult issues is one that should be recognised
21-07-04-m-013,II,ST,10,165.46,15.969999999999999,0.0,44,but as we now face this new role of the selling the Treaty of ensuring that the citizens understand that there is a benefit from this of ensuring that we show the peoples of Europe that Treaty does not undermine their own national interests
21-07-04-m-013,II,ST,11,181.43,3.3799999999999955,0.0,10,it merely assists the better running of the European Union
21-07-04-m-013,II,ST,12,184.81,14.819999999999993,1.0,41,it ensures that there is equality between all the Member States and it helps us to guarantee that we can progress in a proper framework for the further building and more efficient operation of the Union as we enlarge even further
21-07-04-m-013,II,ST,13,199.63,4.050000000000011,0.0,8,during the presidency many important summits were undertaken
21-07-04-m-013,II,ST,14,203.68,11.109999999999985,0.0,34,the biggest and most important of all was the EU-US summit which took place in County Clare which was the first step in rebuilding the block between the US and the European Union
21-07-04-m-013,II,ST,15,214.79,17.210000000000008,0.0,49,and I think even now a lot of people in America recognise that unilateralism is not the way to go that we do require cooperation not just in geopolitical terms but in trade terms and also in ensuring that the United Nations and other international bodies can operate effectively
21-07-04-m-013,II,ST,16,232.0,9.300000000000011,0.0,24,Taoiseach finally I want to congratulate you on being able to bring forward a nominee for the President of the Commission Prime Minister Barroso
21-07-04-m-013,II,ST,17,241.3,13.069999999999993,0.0,39,it was a difficult process of course to get somebody who could encapsulate all of the desires and wishes of all the Member States as well as having the future independence to give proper political leadership to the Commission
21-07-04-m-013,II,ST,18,254.37,17.0,1.0,55,and I think that we have in Mr Barroso the ideal candidate and I'm delighted that there' I I'd I should say I hope there will be majority support within the House for his nomination tomorrow but I'm delighted that our group will be fully endorsing and supporting his nomination Commission President
21-07-04-m-013,II,ST,19,271.37,5.96999999999997,0.0,17,finally Taoiseach to say to you you deserved you deserve a rest after all the hard work
21-07-04-m-013,II,ST,20,277.34,4.330000000000041,0.0,10,Minister Roche deserves a boost up after all his work
21-07-04-m-013,II,ST,21,281.67,8.089999999999975,1.0,31,and most importantly of all the civil service deserve not only a good clap on the back but maybe a few extra pounds in the new agreements for them as well
21-07-04-m-013,II,ST,22,289.76,0.8799999999999955,0.0,2,thank you
21-07-04-m-013,II,TT,0,0.0,3.556,0.0,3,gracias señor Presidente
21-07-04-m-013,II,TT,1,3.556,18.86,1.0,42,quisiera unirme a mis colegas felicitando a Bertie Ahern al Presidente del gobierno y al gobierno irlandés por su presidencia por el éxito de su presidencia que ha logrado toda una serie de iniciativas que han recogido el trabajo de los anteriores
21-07-04-m-013,II,TT,2,22.416,29.720000000000002,0.0,39,en especial lo más emocionante de la presidencia ((sound off)) en durante la presidencia ((sound off)) porque esta imagen representa la eliminación de las barreras artificiales que han separado la Europa occidental de la Europa oriental durante tantos años
21-07-04-m-013,II,TT,3,52.136,23.82999999999999,0.0,46,señor Presidente usted ha demonstrado su habilidad como negociador como alguien que puede entender las dificultades que tiene cada país especialmente al debatir la Constitución y ha podido encontrar usted las fórmulas para asegurar que sus intereses nacionales vitales no sean puedan encajar en ese ámbito
21-07-04-m-013,II,TT,4,75.966,23.510000000000005,0.0,42,especialmente la aclaración de de los principios de subsidiariedad de proporcionalidad y la igualdad entre todos los Estados miembros en la aplicación de las normas lo cual es muy importante para la continuación y el y el crecimiento de todo nuestro trabajo
21-07-04-m-013,II,TT,5,99.476,8.659999999999997,0.0,26,quisiera felicitarle a usted señor Presidente y a Brian Cowen y al ministro de asuntos europeos Dick Roche que ha ha tenido una posición muy abierta
21-07-04-m-013,II,TT,6,108.136,16.310000000000002,0.0,39,se ha reunido tanto con diputados como con grupos políticos y ha participado con los diputados en los debates necesarios no únicamente en la en las cuestiones relativas a los Tratados sino a los acontecimientos que se iban produciendo
21-07-04-m-013,II,TT,7,124.446,9.170000000000016,0.0,16,ha sido un ejemplo para otros ministros de asuntos europeos sobre como cooperar con el Parlamento
21-07-04-m-013,II,TT,8,133.616,8.869999999999976,0.0,25,y también quisiera mencionar como ya he hecho en otras ocasiones en esta Cámara el papel del embajador Anne Anderson y de los funcionarios irlandeses
21-07-04-m-013,II,TT,9,142.486,16.07000000000002,0.0,39,han demonstrado su eficacia su profesionalidad al aunar las diferentes opiniones y para que hubiera un trabajo sin fallas desde el principio hasta el final de la presidencia con el cumplimiento de todos los compromisos que se habían hecho
21-07-04-m-013,II,TT,10,158.556,7.889999999999986,0.0,19,quisiera felicitarles por su entusiasmo por su vigor y también por su buen humor al tratar temas muy difíciles
21-07-04-m-013,II,TT,11,166.446,1.740000000000009,0.0,6,es algo que hay que reconocer
21-07-04-m-013,II,TT,12,168.186,33.43000000000001,0.0,82,pero ahora tenemos que vender este nuevo Tratado asegurarnos que los ciudadanos comprendan que es beneficioso asegurarnos de que los pueblos de Europa sepan que este Tratado no socava los intereses nacionales sino que les asiste para gestionar mejor los asuntos de la Unión para que haya una mayor cualidad entre todos los Estados miembros y para asegurarnos que podamos progresar con un marco conveniente para una construcción ulterior y un mejor trabajo de la Unión a medida que nos vamos ampliando
21-07-04-m-013,II,TT,13,201.616,4.399999999999977,0.0,9,durante esta presidencia se han dado pasos muy importantes
21-07-04-m-013,II,TT,14,206.016,11.090000000000003,0.0,26,el mayor fue la cumbre entre Estados Unidos y la Unión europea que ha sido importante para reconstruir los puentes entre Unión Europea y Estados Unidos
21-07-04-m-013,II,TT,15,217.106,17.67500000000001,0.0,41,y aunque muchos en América reconocen que el unilateralismo no es forma de proceder necesitamos cooperación no únicamente en términos geopolíticos sino en términos comerciales y para asegurarnos de que Naciones Unidas y todas y otras instituciones internacionales puedan funcionar bien
21-07-04-m-013,II,TT,16,234.781,9.704999999999984,0.0,21,señor Presidente quisiera felicitarle también por haber logrado un nombramiento un nombramiento para Presidente de la Comisión al Señor Durão Barroso
21-07-04-m-013,II,TT,17,244.486,12.019999999999982,0.0,33,ha sido difícil el poder lograr una candidatura que pudiera cumplir con todos los deseos de todos los Estados miembros y que tenga la necesaria independencia para asegurar el liderazgo de la Comisión
21-07-04-m-013,II,TT,18,256.506,3.2700000000000387,0.0,11,creo que en el Señor Durão Barroso tenemos el candidato ideal
21-07-04-m-013,II,TT,19,259.776,13.71999999999997,0.0,31,me alegra y espero que haya una mayoría que le apoye en esta Cámara para su nombramiento mañana pero nuestro grupo desde luego apoyará su nombramiento como Presidente de la Comisión
21-07-04-m-013,II,TT,20,273.496,5.340000000000032,0.0,11,quisiera decirle finalmente señor Presidente que se merece usted un descanso
21-07-04-m-013,II,TT,21,278.836,16.748155999999994,0.0,31,el Señor Roche también necesita un buen descanso y también los funcionarios irlandeses no necesitan únicamente que se les dé una palmada en el hombro sino también un aumento de sueldo
21-07-04-m-015,II,ST,0,0.0,2.3,0.0,7,thank you Mr President of the Parliament
21-07-04-m-015,II,ST,1,2.3,7.000000000000001,0.0,23,and may I wish you on behalf of my colleagues the Irish delegation the EPP Group every success in your term as President
21-07-04-m-015,II,ST,2,9.3,7.379999999999999,1.0,24,you have a hard act to follow in acknowledging the wonderful work your former Irish President Pat Cox did in your Chair but welcome
21-07-04-m-015,II,ST,3,16.68,9.59,1.0,26,I would also like personally to welcome the Taoiseach Minister Roche Ambassador Anderson and all of the Irish permanent representatives here to the Parliament this morning
21-07-04-m-015,II,ST,4,26.27,15.279999999999998,0.0,43,Mr President Taoiseach Ambassador on behalf of all my colleagues in the EPP-ED Group I'd like to add my few words to the summation of the sixth Irish presidency of the European Union at what has truly been a historic time
21-07-04-m-015,II,ST,5,41.55,11.770000000000003,0.0,31,we use the word historic glibly but we've truly been in a historic time when our Central and Eastern European colleagues and indeed Cyprus and Malta rejoined the European family
21-07-04-m-015,II,ST,6,53.32,14.07,1.0,35,I'd like to commend particularly the Irish permanent representation for their careful planning and preparation of the solid administrative diplomatic and policy foundations which underpinned the great success of your presidency of our presidency
21-07-04-m-015,II,ST,7,67.39,12.280000000000001,0.0,34,when Ireland unexpectedly took over the mantle of mediator in the wake of the failure last December of the IGC to reach agreement on the new Constitution for Europe it seemed a daunting challenge
21-07-04-m-015,II,ST,8,79.67,5.480000000000004,0.0,13,Taoiseach your success in this area has become your and our crowning glory
21-07-04-m-015,II,ST,9,85.15,7.530000000000001,0.0,21,the selection of a new Commission President was also a testament to your sound negotiating skills and that of your team
21-07-04-m-015,II,ST,10,92.68,17.159999999999997,0.0,43,whether it was responding to the tragic Madrid terrorist blasts in March repairing transatlantic ties or celebrating the historic enlargement of the EU by welcoming our new colleagues to the Community in May the actions taken by our presidency were measured and appropriate
21-07-04-m-015,II,ST,11,109.84,12.539999999999992,0.0,33,so much was done in these areas it is perhaps unsurprising that the core Lisbon objectives of promoting economic competitiveness and sustainable growth must now be left for the Dutch presidency to address
21-07-04-m-015,II,ST,12,122.38,2.8700000000000045,0.0,9,a bit of pass the parcel here I suggest
21-07-04-m-015,II,ST,13,125.25,11.659999999999997,0.0,33,this includes the important Services Directive your promised initiative to promote better regulation and the implementation of national reform partnerships in the run-up to the mid-term review of the Lisbon Agenda
21-07-04-m-015,II,ST,14,136.91,11.159999999999997,0.0,37,on the fourteenth of January last Taoiseach in welcoming you at the start I warned that most businesses particularly the SMEs in Europe feel that time is running out if it hasn't run out for Lisbon
21-07-04-m-015,II,ST,15,148.07,4.640000000000015,0.0,15,I said we need concrete actions and not just repetitions of wish-lists and words
21-07-04-m-015,II,ST,16,152.71,13.429999999999978,0.0,50,I asked you and your presidency at the time for facts and specifics of your plans to make it reality because it was the eighth time and this today is the ninth time that I and my colleagues have sat through the twice-yearly mantra of lip service to Lisbon
21-07-04-m-015,II,ST,17,166.14,8.030000000000001,0.0,27,what exactly has been done to make the Lisbon Agenda a reality under your watch apart from setting a menu for the Dutch to get on with
21-07-04-m-015,II,ST,18,174.17,10.670000000000016,1.0,32,for the Irish Government I hope that the increased project management and organisational capacity that you particularly have demonstrated this year will now be taken home and applied to the domestic scene
21-07-04-m-015,II,ST,19,184.84,15.259999999999991,0.0,38,I'm not talking about transposing EU directives on national statute books but proper consultation of stakeholders proper drafting of legislation that takes account of national requirements proper implementation of legislation and finally proper enforcement of this law
21-07-04-m-015,II,ST,20,200.1,4.1299999999999955,-1.0,13,at every stage of the domestic chain our record has been extremely bad
21-07-04-m-015,II,ST,21,204.23,4.900000000000006,-1.0,13,only last week nine more infringement proceedings against Ireland in the environmental area
21-07-04-m-015,II,ST,22,209.13,9.620000000000005,0.0,24,the Nitrates Directive is a case in point years late cobbled together at the eleventh hour minimal consultation less planning and a total mess
21-07-04-m-015,II,ST,23,218.75,6.319999999999993,1.0,23,you now Taoiseach will have to deliver at home and I'm delighted to acknowledge the great success of your presidency of Europe
21-07-04-m-015,II,ST,24,225.07,3.75,-1.0,13,but this is against a backdrop of some neglect on the Irish front
21-07-04-m-015,II,ST,25,228.82,8.379999999999995,0.0,22,and indeed for colleagues the nomination yesterday of Minister Charlie McCreevy as our Commissioner here brings a wry smile to my face
21-07-04-m-015,II,ST,26,237.2,8.490000000000009,1.0,23,I wish him well and I welcome your nomination but the term poacher turned gamekeeper in relation to European matters comes to mind
21-07-04-m-015,II,ST,27,245.69,5.3700000000000045,0.0,24,Taoiseach my call to you is that you take the skills and the capacity you have built up as President of Europe back home
21-07-04-m-015,II,ST,28,251.06,4.009999999999991,0.0,13,make your Irish presidency a role for the continuation of the Irish Government
21-07-04-m-015,II,ST,29,255.07,6.78000000000003,0.0,18,my particular thanks to my colleagues Joe McCartin Mary Banotti and John Cushnahan who retired the last presidency
21-07-04-m-015,II,ST,30,261.85,13.889999999999986,0.0,42,particularly I'd like to acknowledge Joe McCartin and the acknowledgement Hans-Gert Poettering the President of the EPP Group gave to him with the Schuman Medal for twenty-five years service to this Parliament a wonderful testament to his contribution here
21-07-04-m-015,II,ST,31,275.74,4.060000000000002,0.0,13,between them my three colleagues gave sixty years service to the European Parliament
21-07-04-m-015,II,ST,32,279.8,3.0299999999999727,0.0,13,those of us replacing them have a lot to do to catch up
21-07-04-m-015,II,ST,33,282.83,1.0200000000000387,0.0,3,Taoiseach thank you
21-07-04-m-015,II,ST,34,283.85,6.339999999999975,0.0,21,Minister Roche thank you and thank all Ambassador Anderson and all the excellent service done by you and the permanent representatives
21-07-04-m-015,II,ST,35,290.19,2.25,0.0,8,we were very proud of your Irish presidency
21-07-04-m-015,II,TT,0,0.0,3.136,0.0,2,gracias Presidente
21-07-04-m-015,II,TT,1,3.136,9.379999999999999,0.0,16,al Parlamento europeo yo le deseo en nombre de mis compañeros irlandeses del PPE lo mejor
21-07-04-m-015,II,TT,2,12.516,3.9399999999999995,0.0,6,tiene un trabajo importante ante usted
21-07-04-m-015,II,TT,3,16.456,5.68,0.0,17,el Señor Pat Cox ya hizo un trabajo excelentes pero vemos que usted también consiga lo mismo
21-07-04-m-015,II,TT,4,22.136,9.365000000000002,0.0,18,gracias a toda la presidencia irlandesa a sus representantes al señor Presidente al Señor Roche al al embajador
21-07-04-m-015,II,TT,5,31.501,12.565000000000001,0.0,16,señor Presidente Embajador en nombre del PPE quisiera decir algo después de la sexta presidencia irlandesa
21-07-04-m-015,II,TT,6,44.066,14.619999999999997,0.0,30,ha sido realmente histórica histórico este momento histórico porque se nos han unido nuestros amigos del este y también Malta y Chipre se han vuelto a unir a nuestra familia
21-07-04-m-015,II,TT,7,58.686,10.669999999999995,0.0,16,gracias a la presidencia irlandesa por haber preparado tan bien el fundamento administrativo de la ampliación
21-07-04-m-015,II,TT,8,69.356,12.5,-1.0,24,cuando Irlanda se convirtió en mediador después del fracaso de la CIG en diciembre para esta nueva Constitución para Europa parecía un trabajo gigantesco
21-07-04-m-015,II,TT,9,81.856,13.830000000000013,1.0,28,señor Presidente su éxito en este ámbito se ha convertido en algo que podemos celebrar tanto para usted como para nosotros porque para nosotros también es un éxito
21-07-04-m-015,II,TT,10,95.686,17.069999999999993,0.0,32,después de los ataques terroristas trágicos en Madrid mejorando las relaciones transatlánticas o dando la bienvenida a nuestros compañeros nuestros nuevos compañeros en mayo siempre han hecho lo que tenían que hacer
21-07-04-m-015,II,TT,11,112.756,11.709999999999994,0.0,16,han hecho tanto incluso que los criterios de Lisboa ahora se dejan para la presidencia olandesa
21-07-04-m-015,II,TT,12,124.466,2.8900000000000006,0.0,6,parece que no pudieron hacerlo todo
21-07-04-m-015,II,TT,13,127.356,3.9399999999999977,0.0,10,con ello se incluyen por ejemplo la directiva de servicios
21-07-04-m-015,II,TT,14,131.296,13.04000000000002,0.0,11,se dijo que se mejoraría las las algunas algunas cosas legislativas
21-07-04-m-015,II,TT,15,144.336,8.030000000000001,0.0,20,y les tengo que decir ahora que muchas PYME estan pensando que se les que se les va el tiempo
21-07-04-m-015,II,TT,16,152.366,8.95999999999998,0.0,21,le pido y le pido a la presidencia también que nos dé datos y hechos para que se convierta en realidad
21-07-04-m-015,II,TT,17,161.326,7.689999999999998,0.0,22,es la octava vez y ahora es la novena vez que nos hemos que hemos pedido que se tenga en cuenta Lisboa
21-07-04-m-015,II,TT,18,169.016,9.800000000000011,0.0,31,qué se ha hecho para que la agenda de Lisboa se haga realidad bajo su presidencia además de presentar un menú para que los olandeses se pongan manos a la obra
21-07-04-m-015,II,TT,19,178.816,9.710000000000008,0.0,18,a mí me parece que los irlandeses tenían capacidad y espero que sigan aplicando estas cosas en casa
21-07-04-m-015,II,TT,20,188.526,4.560000000000002,0.0,9,yo no hablo de la aplicación a nivel nacional
21-07-04-m-015,II,TT,21,193.086,14.609999999999985,0.0,26,le pido que presenten una buena aplicación de la legislación en Irlanda y que se insista en la aplicación porque Irlanda no ha funcionado demasiado bien
21-07-04-m-015,II,TT,22,207.696,6.699999999999989,0.0,17,tenemos unos nueve procedimientos de infracción por ejemplo la directiva de nitratos que estamos incumpliendo en casa
21-07-04-m-015,II,TT,23,214.396,6.960000000000008,0.0,12,hay un mínimo de consulta menos planificación y la cosa no funciona
21-07-04-m-015,II,TT,24,221.356,4.719999999999999,0.0,10,usted Presidente ahora tendrá que que rendir cuentas en casa
21-07-04-m-015,II,TT,25,226.076,3.5,0.0,8,aquí en Europa ha funcionado bien su presidencia
21-07-04-m-015,II,TT,26,229.576,4.349999999999994,0.0,10,pero ha dejado un poco lo que sucede en Irlanda
21-07-04-m-015,II,TT,27,233.926,7.719999999999999,0.0,11,el ministro Charlie McCreevy como comisario a mí me hace sonreír
21-07-04-m-015,II,TT,28,241.646,13.140000000000015,0.0,30,espero que consiga todo lo mejor pero desde luego que no sabemos cómo va a a conseguir hacer algo positivo aquí si en casa ha hecho lo que ha hecho
21-07-04-m-015,II,TT,29,254.786,6.350000000000023,0.0,19,esperamos que tomen un ejemplo de lo que han hecho en la presidencia y lo apliquen también en casa
21-07-04-m-015,II,TT,30,261.136,4.1299999999999955,0.0,6,saludos a Mary Banotti entre otros
21-07-04-m-015,II,TT,31,265.266,13.5,0.0,29,gracias a McCartin y gracias también a Hans-Gert Poettering que le ha dado una medalla de Schuman al Señor McCartin por veinticinco años de contribución a este Parlamento
21-07-04-m-015,II,TT,32,278.766,6.389999999999986,0.0,15,nosotros hemos estos estas estos tres compañeros tienen sesenta años de servicio a esta Casa
21-07-04-m-015,II,TT,33,285.156,8.149999999999977,0.0,12,gracias Señor Roche gracias al al Embajador Anderson gracias al Representante permanente
21-07-04-m-015,II,TT,34,293.306,2.0320310000000177,0.0,7,nos llena de orgullo la presidencia irlandesa
21-07-04-m-016,II,ST,0,0.0,4.33,0.0,13,thank you Mr President and congratulations on your election to your new post
21-07-04-m-016,II,ST,1,4.33,0.9100000000000001,0.0,4,I wish you well
21-07-04-m-016,II,ST,2,5.24,14.74,0.0,39,I join with those who have praised the Taoiseach today and his team for the successful conclusion of the constitutional negotiations in particular the retention of the broad framework values objectives and citizens rights which the Convention had negotiated
21-07-04-m-016,II,ST,3,19.98,11.8,0.0,30,by doing so I believe the legitimacy of the European integration project has been enhanced and the potential for creating a more democratic and inclusive Europe has also been created
21-07-04-m-016,II,ST,4,31.78,6.659999999999997,0.0,19,but it also has to be said that the Irish presidency presided over a rather regrettable list of failures
21-07-04-m-016,II,ST,5,38.44,31.820000000000007,0.0,77,the failure to protect temporary agency workers failure to push for debt cancellation for the world's poorest to stand up to George W Bush and his zealotry to advance the Lisbon Agenda in a socially and inclusive manner and indeed the appalling effort by the Council and the Commission to gang up to push through the air transport personal data record information to the United States in the teeth of the opposition from the European Parliament
21-07-04-m-016,II,ST,6,70.26,8.659999999999997,0.0,13,but you're not here Mr Taoiseach to answer for your domestic policies
21-07-04-m-016,II,ST,7,78.92,7.349999999999994,0.0,24,but it also has to be said that I'm appalled at your appointment of Mr Charlie McCreevy as the Irish nominee as Commissioner
21-07-04-m-016,II,ST,8,86.27,5.160000000000011,1.0,12,he is one of the most right-wing finance ministers in Europe
21-07-04-m-016,II,ST,9,91.43,7.939999999999998,1.0,24,he is one of the finance ministers who sought to deny this Parliament its democratic right to control the budget of the European Union
21-07-04-m-016,II,ST,10,99.37,2.6299999999999955,0.0,4,he believes in incentives
21-07-04-m-016,II,ST,11,102.0,13.14,0.0,32,he believes in incentivising the wealthy and the rich by giving them more wealth more profits and more tax incentives and incentivising the poor by giving them a kick in the arse
21-07-04-m-016,II,ST,12,115.14,16.499999999999986,0.0,45,if we believe in a socially in a social Europe in a social market Europe rather than in a social in rather than in a supermarket Europe we should not allow Mr Charlie McCreevy to get next or near the economic levers of this Union
21-07-04-m-016,II,ST,13,131.64,1.0400000000000205,0.0,2,thank you
21-07-04-m-016,II,TT,0,0.0,8.486,0.0,10,gracias señor Presidente y enhorabuena por su elección como Presidente
21-07-04-m-016,II,TT,1,8.486,24.26,1.0,51,y quisiera felicitar también al Presidente Ahern y a su equipo por el éxito de las negociaciones también por haberse centrado en los derechos de los ciudadanos y y también por el aumento de la legitimidad del proyecto europeo y el potencial para crear una Europa más democratica y más integrada
21-07-04-m-016,II,TT,2,32.746,8.869999999999997,0.0,17,pero también hay que decir que la presidencia irlandesa ha tenido también una larga lista de errores
21-07-04-m-016,II,TT,3,41.616,32.82000000000001,-1.0,48,el fracaso en poderse oponer a la política de Bush y también el esfuerzo por parte del Consejo y la Comisión para oponerse a a la entrega de de los datos de los pasajeros de los vuelos a Estados Unidos tras la oposición que mostró el Parlamento europeo
21-07-04-m-016,II,TT,4,74.436,16.25999999999999,0.0,27,pero señor Presidente no está usted aquí para responder de sus políticas nacionales sino que también me siento en la designación de candidato del Señor Charlie McCreevy
21-07-04-m-016,II,TT,5,90.696,3.219999999999999,0.0,13,es uno de los ministros de hacienda más a la derecha de Europa
21-07-04-m-016,II,TT,6,93.916,7.75,1.0,23,es uno de los ministros que han negado a este Parlamento su derecho democrático para poder controlar el presupuesto de la Unión europeo
21-07-04-m-016,II,TT,7,101.666,17.430000000000007,0.0,24,cree en las en subvencionar a los ricos dándoles más beneficios y dándoles más incentivos fiscales privándoles a los más pobres dándoles una patada
21-07-04-m-016,II,TT,8,119.096,8.759999999999991,0.0,14,yo creo también en una Europa social no en una Europa de un supermercado
21-07-04-m-016,II,TT,9,127.856,8.776531000000006,0.0,18,y por lo tanto no se le debe dejar que lo consiga ese propósito el señor Charlie McCreevy
21-07-04-m-017,II,ST,0,0.0,23.7,0.0,57,a Uachtaráin a Thaoisigh is a cairde gabhaim buichos libh as an deis seo cupla focal a rá ar an uachtaranacht Eireannach agus sula dtéim nios fuide ba mhaith liom a á seo go n-eirigh go geall léis an iarratais an Gaeilge a aithint mar theanga oifigúil san Aontas Eorpach do gach tír ach go hairithe
21-07-04-m-017,II,ST,1,23.7,3.4700000000000024,0.0,10,do na miontiortha is rud an tabhachtach í an fhéin
21-07-04-m-017,II,ST,2,27.17,2.599999999999998,0.0,2,iulach culturtha
21-07-04-m-017,II,ST,3,29.77,7.59,0.0,23,is feidir linn bheith in ár bhfior Eorpaigh ach ag an am cheanna tuigimid gur cuid riach tanach dar bhféiniulacht í ar dteanga
21-07-04-m-017,II,ST,4,37.36,3.0600000000000023,0.0,3,and so colleagues
21-07-04-m-017,II,ST,5,40.42,17.839999999999996,0.0,49,moving from language to what I consider was a very successful Irish presidency I want first of all to say congratulations to the Taoiseach to his ministers and particular Minister Cowen and Minister Roche who is with him here today to Ambassador Anderson and to the Irish civil service
21-07-04-m-017,II,ST,6,58.26,15.240000000000002,0.0,35,the major achievement of the Irish presidency was to secure agreement on a Treaty that establishes a Constitution for Europe but allied to this a key priority was to communicate Europe better to its citizens
21-07-04-m-017,II,ST,7,73.5,4.714989000000003,-1.0,8,and therein lies the opportunity and the danger
21-07-04-m-017,II,ST,8,78.214989,10.465011000000004,-1.0,26,the opportunity to engage citizens in the European project from all of the twenty-five countries but equally the danger of failing to achieve that objective
21-07-04-m-017,II,ST,9,88.68,9.699999999999989,0.0,21,and while politicians must lead that leadership must be accompanied by the involvement of citizens and the promotion of civil society
21-07-04-m-017,II,ST,10,98.38,6.859999999999999,0.0,18,otherwise as a famous poet from my own city of Sligo once wrote W B Yeats he said
21-07-04-m-017,II,ST,11,105.24,2.1500000000000057,0.0,4,the centre cannot hold
21-07-04-m-017,II,ST,12,107.39,13.459999999999994,0.0,34,and for us and for Europe the centre must hold because the very future of the European Union depends on our efforts to involve our citizens and to communicate our positive vision for Europe
21-07-04-m-017,II,ST,13,120.85,0.5900000000000034,0.0,2,thank you
21-07-04-m-017,II,TT,0,0.0,3.166,0.0,1,gracias
21-07-04-m-017,II,TT,1,3.166,33.1,1.0,36,antes de presentar mi intervención quisiera agradecerle al gobierno irlandés su su compromiso para poder tener el gaélico en la Unión y espero que sea un derecho para todos y especialmente para las naciones más pequeñas
21-07-04-m-017,II,TT,2,36.266,6.760000000000005,0.0,12,de esa manera todos podremos ser europeos y mantener nuestra identidad cultural
21-07-04-m-017,II,TT,3,43.026,18.809999999999995,1.0,34,yo creo que esta ha sido una presidencia irlandesa de mucho éxito y en primer lugar quisiera felicitar al el primer ministro y al Señor Roche al Embajador Anderson y a los funcionarios irlandeses
21-07-04-m-017,II,TT,4,61.836,6.420000000000002,1.0,20,el éxito mayor ha sido el poder llegar a un acuerdo en un Tratado que establece una Constitución para Europa
21-07-04-m-017,II,TT,5,68.256,12.349999999999994,0.0,21,pero una prioridad clave es comunicar mejor Europa a los ciudadanos y hacer hincapié en las oportunidades y en los peligros
21-07-04-m-017,II,TT,6,80.606,6.200000000000003,0.0,18,la oportunidad es que los ciudadanos participen en la Unión Europea los ciudadanos de los veinticinco Estados miembros
21-07-04-m-017,II,TT,7,86.806,3.710000000000008,-1.0,9,pero también el peligro de no conseguir este objetivo
21-07-04-m-017,II,TT,8,90.516,12.170000000000002,0.0,20,y los políticos tienen que dirigir este proceso pero los ciudadanos deben participar y debe ser promovida la sociedad civil
21-07-04-m-017,II,TT,9,102.686,4.3799999999999955,0.0,9,como escribió un famoso poeta de mi país Yeats
21-07-04-m-017,II,TT,10,107.066,4.269999999999996,0.0,5,no podemos fracasar el centro
21-07-04-m-017,II,TT,11,111.336,15.448250000000002,0.0,29,no puede fracasar porque el futuro de la Unión Europea depende de nuestro compromiso en hacer que participen nuestros ciudadanos y que podamos comunicar una visión positiva de Europa
21-07-04-m-019,II,ST,0,0.0,1.32,0.0,1,gracias
21-07-04-m-019,II,ST,1,1.32,10.53,0.0,24,a dhaoine uisle a Thaoisigh tá mé mórálach as a bheith anseo inniu mar chuid de chéad-fhoireann Shinn Féin i bParlaimint na hEorpa
21-07-04-m-019,II,ST,2,11.85,9.479999999999999,1.0,24,as Irish republicans following in the tradition of Bobby Sands MP we are committed to the politics of equality of justice and of freedom
21-07-04-m-019,II,ST,3,21.33,6.960000000000001,0.0,16,we bring Sinn Féin's agenda for change for Irish unity and independence to this forum
21-07-04-m-019,II,ST,4,28.29,8.369999999999997,0.0,24,I would like to acknowledge the work of the Irish presidency over the last six months and to wish the new Dutch presidency well
21-07-04-m-019,II,ST,5,36.66,5.7999770000000055,0.0,14,Sinn Féin believes that the enlarged EU must adopt a new set of priorities
21-07-04-m-019,II,ST,6,42.459977,7.6900229999999965,0.0,16,we oppose attempts to turn the EU into a superstate or a military and economic superpower
21-07-04-m-019,II,ST,7,50.15,15.29,1.0,30,we support EU reform that gives power back to the people the elimination of poverty support for public services revitalised rural economies and the reform and strengthening of the UN
21-07-04-m-019,II,ST,8,65.44,7.359999999999999,0.0,19,this we believe is the new direction for Europe and this is the EU that we will work towards
21-07-04-m-019,II,TT,0,0.0,5.226,0.0,2,señor Presidente
21-07-04-m-019,II,TT,1,5.226,4.989999999999999,0.0,2,Presidente en
21-07-04-m-019,II,TT,2,10.216,2.8500000000000014,0.0,1,Taoiseach
21-07-04-m-019,II,TT,3,13.066,6.380000000000001,0.0,17,es para mí un orgullo estar aquí como el equipo de Sinn Féin en el Parlamento europeo
21-07-04-m-019,II,TT,4,19.446,10.41,1.0,21,como republicanos irlandeses estamos siguiendo la tradición de Bobby Sands y estamos comprometidos a una política de igualdad justicia y libertad
21-07-04-m-019,II,TT,5,29.856,6.704999999999998,0.0,14,traemos la agenda de Sinn Féin para cambio unidad irlandesa independencia a este forum
21-07-04-m-019,II,TT,6,36.561,8.634999999999998,0.0,25,reconozco que la presidencia irlandesa ha tenido mucho que hacer durante los últimos seis meses y le quiero desear lo mejor a la presidencia olandesa
21-07-04-m-019,II,TT,7,45.196,8.68,0.0,15,nosotros pensamos que una Unión Europea ampliada tiene necesidad de un nuevo abanico de prioridades
21-07-04-m-019,II,TT,8,53.876,10.11,-1.0,17,estamos en contra de convertir la Unión Europea en un superestado o un superpoder militar o económico
21-07-04-m-019,II,TT,9,63.986,7.800000000000004,0.0,22,estamos a favor de una reforma que da de nuevo el poder a la gente a los ciudadanos que elimina la pobreza
21-07-04-m-019,II,TT,10,71.786,4.0,0.0,8,apoyamos los servicios públicos y unas economías rurales
21-07-04-m-019,II,TT,11,75.786,0.3838750000000033,0.0,1,gracias
21-07-04-m-020,II,ST,0,0.0,10.9,0.0,28,okay I think I can safely say that we in Ireland have been proud of our Irish presidency and proud of our Taoiseach in the role as President
21-07-04-m-020,II,ST,1,10.9,4.379999999999999,0.0,8,this presidency was characterised by enthusiasm and diplomacy
21-07-04-m-020,II,ST,2,15.28,9.15,0.0,18,despite a short six months in which to work Ireland sponsored positive initiatives like the Communicating Europe initiative
21-07-04-m-020,II,ST,3,24.43,12.660000000000004,0.0,27,however I am alarmed by the unholy haste in pushing through such a sweeping such a power-shifting such an undemocratic initiative as the proposed European Constitution
21-07-04-m-020,II,ST,4,37.09,2.3499999999999943,0.0,6,we have had the Irish presidency
21-07-04-m-020,II,ST,5,39.44,5.630000000000003,1.0,16,we were privileged to host the welcome of the ten new nations last May in Dublin
21-07-04-m-020,II,ST,6,45.07,2.8299999999999983,0.0,8,we have shared our Taoiseach with the world
21-07-04-m-020,II,ST,7,47.9,3.539999999999999,0.0,10,Mr Ahern's slogan at home is More To Do
21-07-04-m-020,II,ST,8,51.44,22.960000000000008,1.0,52,we would say to Mr Balkenende the new presidency and the new presidency there is more to do to bring greater protection to vulnerable people to bring about equality and respect among nations to bring help to suffering countries like Sudan and to bring democracy and transparency to the EU project itself
21-07-04-m-020,II,ST,9,74.4,4.359999999999999,0.0,13,and to Mr Ahern I say now it's time to come home
21-07-04-m-020,II,ST,10,78.76,1.5,0.0,5,there is more to do
21-07-04-m-020,II,ST,11,80.26,15.530000000000001,1.0,31,you have a right space disability bill to introduce a health and education system to sort out fishermen and women farmers and many small businesses in great difficulties numerous environmental crises
21-07-04-m-020,II,ST,12,95.79,9.509999999999991,0.0,20,you have demonstrated the potential of a small vibrant still and I remind you still neutral nation in the world
21-07-04-m-020,II,ST,13,105.3,2.230000000000004,0.0,5,now bring your energy home
21-07-04-m-020,II,ST,14,107.53,4.950000000000003,0.0,12,well done Taoiseach and to you and your team more to do
21-07-04-m-020,II,ST,15,112.48,1.3999999999999915,0.0,4,go raibh maith agat
21-07-04-m-020,II,ST,16,113.88,2.1700000000000017,0.0,6,which is thank you in English
21-07-04-m-020,II,ST,17,116.05,3.8299999999999983,0.0,16,and I also greet Pat Cox and extend go raibh maith agat to him as well
21-07-04-m-020,II,TT,0,0.0,12.666,0.0,18,podemos decir que en Irlanda estamos orgullosos de nuestra presidencia y y orgullosos de nuestro Presidente del Gobierno
21-07-04-m-020,II,TT,1,12.666,4.169999999999998,0.0,10,esta presidencia se ha caracterizado por su entusiasmo y diplomacia
21-07-04-m-020,II,TT,2,16.836,9.400000000000002,0.0,22,a pesar de estos breves seis meses Irlanda ha patrocinado toda una serie de iniciativas como la iniciativa para comunicar mejor Europa
21-07-04-m-020,II,TT,3,26.236,13.459999999999997,0.0,20,pero me alarma el apresuramiento en tratar de llevar a cabo esta iniciativa iniciativa antidemocrática que supone la Constitución Europea
21-07-04-m-020,II,TT,4,39.696,7.490000000000002,0.0,18,hemos tenido el privilegio de acoger el primero de mayo pasado a los diez nuevos países en Irlanda
21-07-04-m-020,II,TT,5,47.186,7.640000000000001,0.0,12,y el el eslogan del Señor Ahern en Irlanda es hacer más
21-07-04-m-020,II,TT,6,54.826,20.32,1.0,41,pero a la nueva presidencia podemos decirle que hay más que hacer para proteger a las personas más vulnerables para ayudar a países que sufren como Sudan y para llevar la democracia y la transparencia al proyecto de la Unión Europea
21-07-04-m-020,II,TT,7,75.146,8.549999999999997,0.0,20,y al Señor Ahern quisiera decirle que ha llegado la hora de volver a casa porque queda mucho por hacer
21-07-04-m-020,II,TT,8,83.696,6.230000000000004,1.0,12,tiene usted que presentar la ley para los discapacitados mejorar la educación
21-07-04-m-020,II,TT,9,89.926,4.340000000000003,0.0,12,los pescadores las mujeres las pequeñas empresas estan pasando por muchas dificultades
21-07-04-m-020,II,TT,10,94.266,2.780000000000001,0.0,3,hay problemas medioambientales
21-07-04-m-020,II,TT,11,97.046,13.36,0.0,14,ha mostrado usted el potencial de un pequeño país vibrante y neutral recuerdo neutral
21-07-04-m-020,II,TT,12,110.406,2.6400000000000006,0.0,8,ha hecho usted un buen trabajo señor Presidente
21-07-04-m-020,II,TT,13,113.046,1.0999999999999943,0.0,1,enhorabuena
21-07-04-m-020,II,TT,14,114.146,2.3100000000000023,0.0,5,pero queda mucho por hacer
21-07-04-m-020,II,TT,15,116.456,6.021343999999999,0.0,14,y quisiera decirle gracias y también agradecer el trabajo que ha hecho Pat Cox
21-07-04-m-022,II,ST,0,0.0,24.76,1.0,54,Mr President in these my first remarks in this House I wish to state that the great sense of honour which I feel derives not from membership of this institution but from the confidence placed in me by the people of Northern Ireland as their first choice in terms of representation in this Parliament
21-07-04-m-022,II,ST,1,24.76,5.739999999999998,0.0,15,it is to them not to the institutions of Europe that I owe my allegiance
21-07-04-m-022,II,ST,2,30.5,12.509999999999998,1.0,30,and my purpose in being here is to defend and promote the interests and good name of Northern Ireland and secure for its people their fair share of European funding
21-07-04-m-022,II,ST,3,43.01,25.020000000000003,0.0,57,turning to the Irish presidency I'm sure Mr Ahern will remember my illustrious predecessor six months ago telling him in this House with characteristic humour that the most beneficial thing likely to emerge from the Irish presidency would be that he Mr Ahern would have less time to meddle in the affairs of British Northern Ireland
21-07-04-m-022,II,ST,4,68.03,2.480000000000004,0.0,6,and so it proved to be
21-07-04-m-022,II,ST,5,70.51,4.829999999999998,0.0,8,meddle time happily was at a a premium
21-07-04-m-022,II,ST,6,75.34,13.209999999999994,1.0,22,that apart the legacy on the constitutional front which this presidency bequeaths to us is not in my opinion welcome or happy
21-07-04-m-022,II,ST,7,88.55,11.329999999999998,0.0,22,the new Constitution is nothing to be proud of for anyone who believes in democratic control and its essential companion national sovereignty
21-07-04-m-022,II,ST,8,99.88,4.950000000000003,0.0,9,it is an affront and an assault upon both
21-07-04-m-022,II,ST,9,104.83,20.400000000000006,0.0,41,I appeal for honesty in the presentation of this Constitution for recognition that it is a charter designed to facilitate and build a European superstate with ever-diminishing national powers and ever-increasing centralised powers and all the apparatus of statehood
21-07-04-m-022,II,ST,10,125.23,6.420000000000002,0.0,13,statehood properly lies in nation states and that is where it should remain
21-07-04-m-022,II,ST,11,131.65,22.159999999999997,0.0,44,finally I compliment and reassure Mr Ahern on his continuing mastery of the English language so that he might have the confidence to abandon the foolish notion of wasting millions of euros of taxpayers money on making Irish an official language of these institutions
21-07-04-m-022,II,ST,12,153.81,6.550000000000011,0.0,18,I say to him to leave such archaic nonsense to Sinn Féin from whom one expects no better
21-07-04-m-022,II,TT,0,0.0,8.356,0.0,12,señor Presidente es la primera vez que abro micrófono en esta Casa
21-07-04-m-022,II,TT,1,8.356,21.71,0.0,36,es para mí un honor que no es simplemente por ser diputado de esta Casa sino porque los ciudadanos de Irlanda del Norte me han elegido y soy su primera opción como representante en esta Cámara
21-07-04-m-022,II,TT,2,30.066,6.370000000000001,0.0,14,yo les debo a ellos estar en esta casa y no al Parlamento Europeo
21-07-04-m-022,II,TT,3,36.436,8.79,0.0,18,voy a defender los intereses y el buen nombre de Irlanda del Norte y espero conseguir suficiente financiación
21-07-04-m-022,II,TT,4,45.226,27.409999999999997,0.0,53,en cuanto a la presidencia irlandesa estoy seguro que el Señor Ahern recordará a mi predecesor ilustre que hace seis meses le dijo de forma jocosa que lo que saldría de la presidencia irlandesa sería probablemente que el Señor Ahern tendría menos tiempo de involucrarse en los asuntos internos de Irlanda del Norte
21-07-04-m-022,II,TT,5,72.636,2.460000000000008,0.0,3,y eso significó
21-07-04-m-022,II,TT,6,75.096,8.450000000000003,0.0,13,fue un tiempo en el que no se metió con Irlanda del Norte
21-07-04-m-022,II,TT,7,83.546,20.289999999999992,0.0,25,la nueva Constitución no es algo de lo que tenemos que sentirnos orgullosos si pensamos que son importantes el control democrático y la soberanía nacional
21-07-04-m-022,II,TT,8,103.836,4.5,0.0,5,es un ataque de ambos
21-07-04-m-022,II,TT,9,108.336,17.60000000000001,0.0,40,yo pido que se presente la Constitución de forma honrada que se reconozca que es una Carta hecha para facilitar la creación de un superestado europeo con cada vez menos poderes nacionales y unos poderes centralizados cada vez más fuertes
21-07-04-m-022,II,TT,10,125.936,15.049999999999983,1.0,22,los estados tienen el derecho a tener los poderes que tienen los estados y no tendría que estar en manos de superestados
21-07-04-m-022,II,TT,11,140.986,7.210000000000008,0.0,11,luego Señor Ahern le felicito que hable tan bien el inglés
21-07-04-m-022,II,TT,12,148.196,8.939999999999998,0.0,18,espero que deje la ridiculez de pedir que se pida el irlandés como idioma oficial de estas instituciones
21-07-04-m-022,II,TT,13,157.136,4.069999999999993,0.0,7,deje estas tonterías arcaicas para Sinn Féin
21-07-04-m-022,II,TT,14,161.206,1.8908750000000225,0.0,9,de todas formas no esperamos nada mejor de ellos
21-07-04-m-026,II,ST,0,0.0,1.47,0.0,2,a Uachtaráin
21-07-04-m-026,II,ST,1,1.47,1.3299999999999998,0.0,2,a Thaoisigh
21-07-04-m-026,II,ST,2,2.8,5.989999999999999,0.0,15,Seasann Sinn Féin ar son an athraithe in Éirinn agus ar fud an Aontais Eorpaigh
21-07-04-m-026,II,ST,3,8.79,5.840000000000002,0.0,19,táimid ag dúil le bheith ag obair leo siúd ar mhaith leo Eoraip chothrom a fheiceáil Eoraip dhomhanda fhreagrach
21-07-04-m-026,II,ST,4,14.63,6.99,1.0,16,I look forward to building support for the Irish peace process and Irish unity and independence
21-07-04-m-026,II,ST,5,21.62,6.449999999999999,0.0,17,it makes sense for Ireland to be treated as one whether in employment agriculture or human rights
21-07-04-m-026,II,ST,6,28.07,7.869999999999997,1.0,21,in Ireland we are engaged in a peace process to which the European Union United States and others have contributed greatly
21-07-04-m-026,II,ST,7,35.94,8.590000000000003,1.0,26,and I welcome the Council's call for the Commission to examine the possibility of extending funds for Peace Two and the International Fund for Ireland
21-07-04-m-026,II,ST,8,44.53,8.68,1.0,20,despite much progress the peace process in Ireland faces great difficulties with the democratic institutions suspended by the British Government
21-07-04-m-026,II,ST,9,53.21,8.769999999999996,0.0,23,just last week people in my home city of Belfast were penned into their communities while a sectarian Unionist parade was forced through
21-07-04-m-026,II,ST,10,61.98,4.649999999999999,1.0,14,I would ask the Netherlands presidency to focus also on the Irish peace process
21-07-04-m-026,II,ST,11,66.63,7.650000000000006,0.0,16,iarraim ar Uachtarántacht na hIsiltíre agus ar mo chomhghleacaithe anseo díriú ar phróiseas síochána na hÉireann
21-07-04-m-026,II,TT,0,0.0,12.096,0.0,1,Presidente
21-07-04-m-026,II,TT,1,12.096,14.739999999999998,0.0,16,Sinn Féin quiere cambios en Irlanda y quiere que Europa exista como una comunidad de iguales
21-07-04-m-026,II,TT,2,26.836,6.190000000000005,1.0,16,estoy a favor de tener un proceso de paz irlandesa y una unidad e independencia irlandesa
21-07-04-m-026,II,TT,3,33.026,5.959999999999994,1.0,20,en Irlanda queremos un proceso de paz en la Unión Europea a la que Estados Unidos y otros han contribuido
21-07-04-m-026,II,TT,4,38.986,10.380000000000003,1.0,25,me parece de recibo la petición del Consejo y de la Comisión para extender unos fondos para peace dos y el fondo internacional de Irlanda
21-07-04-m-026,II,TT,5,49.366,11.630000000000003,1.0,27,aunque haya mucho progreso el proceso de paz en Irlanda se encuentra con muchas dificultades porque las instituciones democráticas han sido suspendidas por parte del gobierno británico
21-07-04-m-026,II,TT,6,60.996,10.050000000000004,0.0,31,justamente la semana pasada se me se le pidió a la gente de la ciudad de Belfast que se quedaran en sus comunidades sin salir porque había una manifestación de unionistas
21-07-04-m-026,II,TT,7,71.046,6.0,1.0,23,le pediría a los a los de a los compañeros de la presidencia neerlandesa que tengan en cuenta el proceso de paz irlandés
21-07-04-m-026,II,TT,8,77.046,0.2738119999999924,0.0,1,gracias
21-07-04-m-027,II,ST,0,0.0,6.92,-1.0,21,Mr President the agreement reached on the Constitution at the June European Council was I believe a bad one for Europe
21-07-04-m-027,II,ST,1,6.92,6.33,0.0,20,my position on the Constitution and that of my colleagues as European Democrats is clear and it's well known
21-07-04-m-027,II,ST,2,13.25,1.9900000000000002,0.0,7,we believe the Constitution is a mistake
21-07-04-m-027,II,ST,3,15.24,2.2700000000000014,0.0,8,we believe Europe doesn't need a Constitution
21-07-04-m-027,II,ST,4,17.51,1.379999999999999,0.0,3,countries have constitutions
21-07-04-m-027,II,ST,5,18.89,4.329999999999998,0.0,15,the EU is not nor should it seek to become a country or a state
21-07-04-m-027,II,ST,6,23.22,8.850000000000001,0.0,31,the Laeken Summit of two thousand and one called on the Convention and the IGC to ensure that the outcome of their work brought the European institutions closer to the people
21-07-04-m-027,II,ST,7,32.07,1.1300000000000026,0.0,7,I don't think that's happened
21-07-04-m-027,II,ST,8,33.2,7.0,0.0,21,the Constitution does nothing to more closely involve the nation states and people in the decision-making processes of the Union
21-07-04-m-027,II,ST,9,40.2,6.109999999999999,0.0,18,in fact with major extensions in majority voting the powers of the centre I think are greatly increasing
21-07-04-m-027,II,ST,10,46.31,18.03,0.0,53,and this is a view I think that has perhaps been endorsed by the remarks recently made by the Dutch Foreign Minister suggesting that we need to engage in a process of self-reflection with a view to deciding whether some policy areas should not be transferred back from European to national level
21-07-04-m-027,II,ST,11,64.34,11.539999999999992,0.0,40,these are interesting remarks from the government that now holds the presidency of the Union for the next six months and I think that they demonstrate that the remarks that I make are not alone in putting forward these ideas
21-07-04-m-027,II,ST,12,75.88,2.480000000000004,0.0,9,I think Europe could have chosen a better way
21-07-04-m-027,II,ST,13,78.36,3.469999999999999,0.0,13,it could have decided to tidy up the Treaties in a simplifying document
21-07-04-m-027,II,ST,14,81.83,4.200000000000003,0.0,12,it could have given national parliaments a real say in EU legislation
21-07-04-m-027,II,ST,15,86.03,9.560000000000002,0.0,32,it could have looked more closely at what's done by national governments and I think it clearly could have set out an obligation for the Union to tackle fraud and maladministration
21-07-04-m-027,II,ST,16,95.59,3.3599999999999994,0.0,9,but I think that we have missed an opportunity
21-07-04-m-027,II,ST,17,98.95,3.1799999999999926,1.0,14,I welcome the fact that France is to have a vote on the Constitution
21-07-04-m-027,II,ST,18,102.13,4.430000000000007,1.0,14,I welcome the debate initiated by Mr Stoiber on a possible referendum in Germany
21-07-04-m-027,II,ST,19,106.56,5.239999999999995,1.0,17,I think it is right that the people have the final say in deciding their own future
21-07-04-m-027,II,ST,20,111.8,13.159999999999997,0.0,48,as far as my party leader is concerned he believes in a live-and-let-live Europe in other words one where those who wish to integrate more closely should be enabled to do so provided those of us who do not are not compelled to do so
21-07-04-m-027,II,ST,21,124.96,12.679976999999994,1.0,36,I hope and believe that many people will take the opportunity to vote when the referendums are held for a Europe of diversity and not uniformity and a Europe that respects the rights of nation states
21-07-04-m-027,II,TT,0,0.0,11.656,1.0,24,señor Presidente el acuerdo sobre la Constitución al que se llegó en el Consejo Europeo a mi juicio fue un logro negativo para Europa
21-07-04-m-027,II,TT,1,11.656,3.1849999999999987,0.0,5,mi posición es harto conocida
21-07-04-m-027,II,TT,2,14.841,2.5649999999999995,0.0,8,nosotros consideramos que la Constitución constituye un error
21-07-04-m-027,II,TT,3,17.406,2.120000000000001,0.0,7,pensamos que Europa no necesita una Constitución
21-07-04-m-027,II,TT,4,19.526,2.5700000000000003,0.0,5,los países tienen una constitución
21-07-04-m-027,II,TT,5,22.096,4.625,0.0,16,pero la Unión Europea no es un país ni un estado ni debería aspirar a serlo
21-07-04-m-027,II,TT,6,26.721,7.175000000000001,0.0,21,en el dos mil uno en el Consejo de Laeken se habló de que las instituciones se acercaran a la ciudadanía
21-07-04-m-027,II,TT,7,33.896,1.6400000000000006,0.0,7,no creo que esto se haya logrado
21-07-04-m-027,II,TT,8,35.536,7.799999999999997,0.0,20,la Constitución no hace nada para acercar aproximar a la a los ciudadanos al proceso decisorio de la Unión Europea
21-07-04-m-027,II,TT,9,43.336,8.560000000000002,0.0,18,de hecho mediante la ampliación de la mayoría de las votaciones por mayoría esto se ha incluso alejado
21-07-04-m-027,II,TT,10,51.896,16.659999999999997,0.0,39,y esto además queda reforzado por lo que ha dicho el ministro de exteriores olandés que ha dicho que tenemos que entrar en un proceso de autoreflexión para no volver a transferir poderes del nivel europeo al nivel nacional
21-07-04-m-027,II,TT,11,68.556,10.450000000000003,0.0,33,esto reviste interés de cara a la nueva presidencia de los próximos seis meses y yo espero que nosotros y yo en particular no esté solo a la hora de presentar estas ideas
21-07-04-m-027,II,TT,12,79.006,3.1299999999999955,0.0,11,yo creo que Europa hubiera podido optar por una senda mejor
21-07-04-m-027,II,TT,13,82.136,6.8500000000000085,0.0,16,podría haber tratado de dar más poder a los parlamentos nacionales respecto a la legislación europea
21-07-04-m-027,II,TT,14,88.986,3.549999999999997,0.0,12,podría haber seguido más de cerca lo que hacen los gobiernos nacionales
21-07-04-m-027,II,TT,15,92.536,6.439999999999998,-1.0,18,y podría haber impuesto la obligación para la Unión de luchar contra el fraude y la mala administración
21-07-04-m-027,II,TT,16,98.976,2.950000000000003,0.0,8,pero yo creo que hemos desaprovechado una oportunidad
21-07-04-m-027,II,TT,17,101.926,5.6200000000000045,0.0,11,acojo con satisfacción el que Francia haya acogido bien la Constitución
21-07-04-m-027,II,TT,18,107.546,4.039999999999992,0.0,12,y pienso que el debate iniciado por Stoiber en Alemania es correcto
21-07-04-m-027,II,TT,19,111.586,3.0900000000000034,1.0,13,yo creo que lo ciudadanos tienen derecho a decidir sobre su propio futuro
21-07-04-m-027,II,TT,20,114.676,6.575000000000003,0.0,17,respecto a mi partido pues nosotros creemos en una Europa de vivir y dejar vivir en Europa
21-07-04-m-027,II,TT,21,121.251,6.10499999999999,0.0,21,el que desee aproximarse más que lo haga siempre y cuando los que no lo deseen no estén obligados a hacerlo
21-07-04-m-027,II,TT,22,127.356,12.230000000000018,0.0,38,yo creo que muchas personas van a aprovechar la oportunidad para votar cuando se celebren los referéndums en pro de una Europa de diversidades y no de uniformidad una Europa que respete los derechos de las naciones estado
21-07-04-m-027,II,TT,23,139.586,0.36412500000000136,0.0,1,gracias
21-07-04-m-033,II,ST,0,0.0,10.53,0.0,19,thank you very much President and can I I how long have I got to respond a few moments
21-07-04-m-033,II,ST,1,10.53,5.92,0.0,9,((Chairman starts speaking)) indicativamente diez minutos ((Chairman stops speaking))
21-07-04-m-033,II,ST,2,16.45,1.990000000000002,0.0,9,thank you very much President I'll be brief
21-07-04-m-033,II,ST,3,18.44,15.650000000000002,0.0,50,but I I do want to thank all of the Members of the Parliament who have spoken the opportunity to speak for their constructive and positive comments and for those who've have made some comments about some shortcomings I take them in the spirit that they've been made
21-07-04-m-033,II,ST,4,34.09,8.819999999999993,0.0,25,I want to thank Hans-Gert Poettering and Klaus Hänsch and Andrew Duff and many others who've welcomed the agreement on the European Constitution
21-07-04-m-033,II,ST,5,42.91,9.860000000000007,0.0,28,obviously the agreement on the Constitution was was historic agreement as it would not have been possible but without all of the participants working together to achieve it
21-07-04-m-033,II,ST,6,52.77,9.089999999999996,0.0,27,and I think the the important thing is that the Union has shown that how win-win solutions are possible about working as many people have stated
21-07-04-m-033,II,ST,7,61.86,4.959999999999994,0.0,16,to to make compromises it is impossible for people just to set down what they want
21-07-04-m-033,II,ST,8,66.82,1.8000000000000114,0.0,6,we have to work on compromises
21-07-04-m-033,II,ST,9,68.62,7.319999999999993,0.0,20,and that is what successfully happened and it's how this unique system can create positive outcomes that benefit everybody
21-07-04-m-033,II,ST,10,75.94,12.460000000000008,0.0,39,and all of you who who've just been engaged in the election campaigns and earned the privilege of being in this Parliament you know how important the European Union is for the prosperity and well-being of Europeans
21-07-04-m-033,II,ST,11,88.4,11.89,0.0,37,and at the same time you know more than most the difficulty of having the European Union agenda heard above the clamour of what some people often mistakenly consider to be more pressing bread-and-butter issues
21-07-04-m-033,II,ST,12,100.29,13.129999999999995,1.0,37,and I say mistakenly because European Union is about vision but it's also about a vast array of practical issues of great importance and many people have mentioned those issues today from different countries different perspectives
21-07-04-m-033,II,ST,13,113.42,13.739999999999995,0.0,40,of course we must go and explain to people what is in the Constitution and I think President providing a space for informed debate will be important in countries which will not have a referendum as in countries that do
21-07-04-m-033,II,ST,14,127.16,17.099999999999994,0.0,47,the period I think between now and entry into force of the Treaty will afford us the opportunity to describe and explain what the the Union does and what it does not do and we can articulate the values that underpin the objectives and inform the Union
21-07-04-m-033,II,ST,15,144.26,7.030000000000001,0.0,23,and while we should not underestimate our task at the same time we should not underestimate the text of the European Constitution itself
21-07-04-m-033,II,ST,16,151.29,18.920000000000016,1.0,56,and a clause which says that the Union's values are respect for human dignity for liberty for democracy for equality and the rule of law and respect for human rights is a clause that can be clearly understood by all our people and I believe should be sold to all our people for those values
21-07-04-m-033,II,ST,17,170.21,9.0,1.0,31,and when the Constitution says that the Union's aim is to promote peace its values and the well-being of its peoples this too will resonate I think with everybody
21-07-04-m-033,II,ST,18,179.21,10.810000000000002,0.0,35,and at the same time there will be a genuine concerns among many and opposing voices will be raised and these concerns must be heard and the issues addressed in a measured and reasonable way
21-07-04-m-033,II,ST,19,190.02,7.939999999999998,0.0,24,a fear without foundation is fear nonetheless and all fears have to be addressed as I've found out over the last six months
21-07-04-m-033,II,ST,20,197.96,8.870000000000005,1.0,24,I believe that those of us who support the European Union and the Constitution whose values it embodies must remain passionate advocates of it
21-07-04-m-033,II,ST,21,206.83,9.839999999999975,1.0,30,at the same time it's important that those who support and those who oppose the new European Constitution approach the debate with moderation reason and I I think accuracy
21-07-04-m-033,II,ST,22,216.67,4.260000000000019,0.0,15,I just want to touch if I can on a a few of the issues
21-07-04-m-033,II,ST,23,220.93,5.530000000000001,0.0,13,Mr Poettering raised the issue about Christianity and some others mentioned it too
21-07-04-m-033,II,ST,24,226.46,5.409999999999997,0.0,9,the preamble of course acknowledges Europe's religious inheritance
21-07-04-m-033,II,ST,25,231.87,11.509999999999991,0.0,32,and I think we would have preferred quite frankly to see an explicit reference to its Christian heritage but it was not simple to achieve a consensus on a a suitable wording
21-07-04-m-033,II,ST,26,243.38,12.52000000000001,0.0,37,but an important new article however recognises the special contribution of the Churches and for the first time provides for open and regular discussion with them and this has been widely welcomed by Church and faith organisations
21-07-04-m-033,II,ST,27,255.9,9.18999999999997,0.0,34,so if it wasn't successful in getting the bit in the preamble which I personally would have liked I think it was important that we got that new new new clause in it
21-07-04-m-033,II,ST,28,265.09,16.150000000000034,0.0,30,and on the nomination process a number of people mentioned that of course I and I know to Ms Frassoni that the the process was an important part of it
21-07-04-m-033,II,ST,29,281.24,9.300000000000011,0.0,28,all all as I I say for for the future the Irish Government did propose a radical means of nominating Presidents of the Commission back in the Convention
21-07-04-m-033,II,ST,30,290.54,9.810000000000002,0.0,28,and I think our vision was to involve this Parliament and the parliaments of all of the Member States in the process of electing the new Commission President
21-07-04-m-033,II,ST,31,300.35,3.7099999999999795,0.0,18,all as I'd say to the new Members of Parliament is have a look at our proposal
21-07-04-m-033,II,ST,32,304.06,4.100000000000023,1.0,8,we got no support when we advocated it
21-07-04-m-033,II,ST,33,308.16,7.46999999999997,1.0,26,so I hate hearing people who who wouldn't give us any support now criticising us but that's that's that's part of it
21-07-04-m-033,II,ST,34,315.63,1.3700000000000045,0.0,11,but have a look at it for the next time around
21-07-04-m-033,II,ST,35,317.0,1.589999999999975,1.0,8,I still think it's a good proposal
21-07-04-m-033,II,ST,36,318.59,9.330000000000041,1.0,27,still think it's it's a it's a good idea so perhaps people will will look at it maybe complicated but a a good idea
21-07-04-m-033,II,ST,37,327.92,13.819999999999993,0.0,33,on the Europe social dimension if I can just say a brief word President I think on the social the social Europe it's quite remarkable work has been done in the Convention
21-07-04-m-033,II,ST,38,341.74,5.180000000000007,0.0,17,and I know George Katiforis the Member of the Parliament led the working group on social Europe
21-07-04-m-033,II,ST,39,346.92,10.609999999999957,0.0,33,and it's an area of particular concern to me personally and to the Irish presidency because we value the social solidarity that is the central feature of the European project in Ireland
21-07-04-m-033,II,ST,40,357.53,8.590000000000032,0.0,20,we're a country that involves totally social partners employers trade unions a voluntary pillar in all decisions in legislation
21-07-04-m-033,II,ST,41,366.12,1.990000000000009,0.0,7,we do that all of the time
21-07-04-m-033,II,ST,42,368.11,3.2799999999999727,0.0,8,we've been doing that for seventeen years
21-07-04-m-033,II,ST,43,371.39,6.600000000000023,1.0,13,I have to remind my good friend and colleague Avril Doyle of that
21-07-04-m-033,II,ST,44,377.99,4.1200000000000045,0.0,12,obviously the the point has passed her by for the seventeen years
21-07-04-m-033,II,ST,45,382.11,5.569999999999993,1.0,16,but I think we we value the concept and I know President Prodi is quite right
21-07-04-m-033,II,ST,46,387.68,7.6299999999999955,0.0,21,it's a positive progressive aspect of the Constitutional Treaty which we've adopted and the European people's Constitution Treaty
21-07-04-m-033,II,ST,47,395.31,2.9699999999999704,0.0,8,we must remind our citizens of that fact
21-07-04-m-033,II,ST,48,398.28,3.25,0.0,11,but and and I agree with your point on small business
21-07-04-m-033,II,ST,49,401.53,5.130000000000052,0.0,17,I think in small business we have to continue to try to to to to do that
21-07-04-m-033,II,ST,50,406.66,3.909999999999968,1.0,10,Mr Czarnecki spoke of the issue of freedom of movement
21-07-04-m-033,II,ST,51,410.57,13.939999999999998,0.0,46,and we in Ireland of course have been the first from the first day have opened our doors for all parts of Europe and we did not distinguish between old and new from many country and I think we're all proud we've done that
21-07-04-m-033,II,ST,52,424.51,6.439999999999998,0.0,14,on the issue of Lisbon Agenda a number of people have have raised this
21-07-04-m-033,II,ST,53,430.95,9.350000000000023,0.0,24,Mr Goebbels and a number of you have underlined the importance of the Lisbon Agenda and regretted that more of it was not achieved
21-07-04-m-033,II,ST,54,440.3,3.539976999999965,1.0,14,I'm the first to acknowledge that the Lisbon Agenda is work in progress
21-07-04-m-033,II,ST,55,443.839977,6.640023000000042,0.0,27,and we have to intensify efforts and improve our delivery if we are to reach the goals that we've set ourselves for two thousand and ten
21-07-04-m-033,II,ST,56,450.48,11.659999999999968,0.0,42,that's why we set up such a thorough process in the mid-term review and and I think we've set out what we'd like to to do in the future but we have also said what we have done
21-07-04-m-033,II,ST,57,462.14,11.770000000000039,0.0,35,and just to say on a practical delivery during the last six months if people just look at the details set out under the working together and go to an employment chapter in a report
21-07-04-m-033,II,ST,58,473.91,12.909999999999968,0.0,39,and just to give one concrete example as I was asked to do we've been asked to look at the financial services area which was I think so effectively steered forward under the leadership of Minister Charlie McCreevy
21-07-04-m-033,II,ST,59,486.82,19.360000000000014,0.0,52,and by securing agreement on the financial services instruments and the market directives and the transparency directive Minister McCreevy and his team some may say excellent cooperation with the Parliament achieved the completion of this services action plan and this is absolutely a critical area for future growth of the European economy
21-07-04-m-033,II,ST,60,506.18,5.069999999999993,0.0,16,and I can cite just one practical example of what is delivery on the Lisbon Agenda
21-07-04-m-033,II,ST,61,511.25,7.07000000000005,0.0,22,indeed let me say that I've underlined the importance I attach to the Lisbon Agenda in nominating Minister McCreevy as Commissioner
21-07-04-m-033,II,ST,62,518.32,9.599999999999909,0.0,25,and I'm sure his experience will help that in the period ahead because the agenda's essentially about delivering growth and jobs for Europe
21-07-04-m-033,II,ST,63,527.92,2.550000000000068,0.0,9,and Minister McCreevy knows about delivering growth and jobs
21-07-04-m-033,II,ST,64,530.47,9.669999999999959,0.0,21,and I invite you to look at the Irish record on on these issues which is of I think some value
21-07-04-m-033,II,ST,65,540.14,4.529999999999973,0.0,13,just if I can President briefly very briefly and just two more points
21-07-04-m-033,II,ST,66,544.67,14.090000000000032,1.0,33,my good colleague Mr Proinsias De Rossa is right let me say we should debate domestic issues at home and I'd be very glad to do that any any time with him
21-07-04-m-033,II,ST,67,558.76,13.75,0.0,32,but I think when he speaks of our finance minister he has liberated Irish workers from the punitive tax rates which Mr De Rossa and his administration had when they had power
21-07-04-m-033,II,ST,68,572.51,8.450000000000045,1.0,20,and I always find it very interesting when you get a a socialist saying that about a right-wing person
21-07-04-m-033,II,ST,69,580.96,3.5,1.0,8,it's always good interested for the definitions
21-07-04-m-033,II,ST,70,584.46,3.7899999999999636,0.0,12,you take Mr De Rossa says he's left-wing and socialist
21-07-04-m-033,II,ST,71,588.25,3.2000000000000455,0.0,11,he gave he gave under two euros to the old people
21-07-04-m-033,II,ST,72,591.45,1.349999999999909,1.0,5,Mr McCreevy is right-wing
21-07-04-m-033,II,ST,73,592.8,2.7100000000000364,0.0,10,he gives ten euros every year to the old people
21-07-04-m-033,II,ST,74,595.51,1.4099999999999682,0.0,5,you work out the definitions
21-07-04-m-033,II,ST,75,596.92,2.9300000000000637,0.0,11,quite interesting but I'm only twenty-seven years in politics
21-07-04-m-033,II,ST,76,599.85,1.5399999999999636,0.0,8,he's been around a while longer before
21-07-04-m-033,II,ST,77,601.39,5.919999999999959,1.0,19,I understand the definitions of of of of right and left which I think are a bit nonsensical anyway
21-07-04-m-033,II,ST,78,607.31,8.800000000000068,0.0,25,President if I can in conclusion I I think it is a true honour to to to be here a true honour to be reporting
21-07-04-m-033,II,ST,79,616.11,5.830000000000041,0.0,20,I I believe that two thousand and four will be seen as a highly significant year for the European Union
21-07-04-m-033,II,ST,80,621.94,2.1399999999999864,0.0,7,we enlarged to twenty-five Member States
21-07-04-m-033,II,ST,81,624.08,1.6100000000000136,0.0,4,we agreed a Constitution
21-07-04-m-033,II,ST,82,625.69,3.0299999999999727,0.0,10,we renewed our commitment to achieving the Lisbon Agenda goals
21-07-04-m-033,II,ST,83,628.72,3.0799999999999272,0.0,9,we've reinforced our relationship with our global partners
21-07-04-m-033,II,ST,84,631.8,5.030000000000086,0.0,18,and well while the work of the Irish presidency is done the work of the Union obviously continues
21-07-04-m-033,II,ST,85,636.83,5.2299999999999045,0.0,11,I wish Jan Peter Balkenende and the Dutch presidency every success
21-07-04-m-033,II,ST,86,642.06,6.57000000000005,0.0,17,I I wish President Prodi every success in the remaining part of of his term of office
21-07-04-m-033,II,ST,87,648.63,7.210000000000036,1.0,15,and hopefully with your support José Manuel Barroso well into the future and you President
21-07-04-m-033,II,ST,88,655.84,7.559999999999945,0.0,24,and if I can on this first working day to wish everybody here happiness and success in their political work in the European Parliament
21-07-04-m-033,II,ST,89,663.4,0.9800000000000182,0.0,6,go raibh míle míle maith agaibh
21-07-04-m-033,II,ST,90,664.38,0.82000000000005,0.0,4,thank you very much
21-07-04-m-033,II,TT,0,0.0,2.976,0.0,4,muchísimas gracias señor Presidente
21-07-04-m-033,II,TT,1,2.976,1.08,0.0,4,voy a ser breve
21-07-04-m-033,II,TT,2,4.056,19.23,0.0,47,pero quisiera dar las gracias a todos los eurodiputados que han intervenido por la forma constructiva en que han hecho sus comentarios y también aquellos que se han referido a los fallos en que hemos incurrido también quisiera agradecerles el espíritu en el que lo han hecho
21-07-04-m-033,II,TT,3,23.286,10.189999999999998,1.0,22,también al Señor Poettering y a todos los demás al Señor Hänsch que han acogido con satisfacción el acuerdo sobre la Constitución
21-07-04-m-033,II,TT,4,33.476,6.740000000000002,1.0,17,un acuerdo que ha sido histórico pero que no hubiera sido posible sin la colaboración de todos
21-07-04-m-033,II,TT,5,40.216,15.464999999999996,0.0,40,yo creo que lo importante en la Unión es que se ha demonstrado que es posible llegar a solución si se llega a una colaboración si se buscan compromisos porque es imposible que todos busquen únicamente lo que ellos desean
21-07-04-m-033,II,TT,6,55.681,2.075000000000003,0.0,4,hay que buscar compromisos
21-07-04-m-033,II,TT,7,57.756,7.030000000000001,0.0,21,y así es como ha sido posible y es lo que hace que sea un sistema único que beneficie a todos
21-07-04-m-033,II,TT,8,64.786,10.75,0.0,27,yo sé que todos han estado inmersos en la campaña electoral y han visto lo importante que es la Unión Europea para la prosperidad de los europeos
21-07-04-m-033,II,TT,9,75.536,20.17,0.0,41,y al mismo tiempo conocen las dificultades a la hora de que la agenda europea se escuche sobre el clamor de aquellos temas que se consideran más candentes digamos porque también hay toda una serie de temas prácticos de gran importancia
21-07-04-m-033,II,TT,10,95.706,6.049999999999997,0.0,17,algunos de los que han intervenido hoy se han referido a estos temas desde diferentes perspectivas nacionales
21-07-04-m-033,II,TT,11,101.756,12.930000000000007,0.0,39,yo creo que es importante explicar a la gente lo que está contenido y recogido en la Constitución y va a ser muy importante en los países en los que no se celebre una una consulta popular un referendo
21-07-04-m-033,II,TT,12,114.686,11.549999999999997,0.0,27,yo creo que cuando entre en vigor el Tratado tendremos la oportunidad de explicar y describir lo que hace y lo que no hace la Unión Europea
21-07-04-m-033,II,TT,13,126.236,5.809999999999988,0.0,14,podremos articular los valores en los que se basa la Unión Europea sus objetivos
21-07-04-m-033,II,TT,14,132.046,5.980000000000018,0.0,16,y no tenemos que subestimar esta tarea ni tampoco el texto de la propia Constitución europea
21-07-04-m-033,II,TT,15,138.026,14.909999999999997,1.0,35,una claúsula que establece que los valores europeos respeten la dignidad humana la libertad la democracia la calidad el que prime el estado de derecho y que todo esto sea entendido por todos nuestros pueblos
21-07-04-m-033,II,TT,16,152.936,4.819999999999993,0.0,13,yo creo que tenemos que vender estas ideas estos valores a nuestros ciudadanos
21-07-04-m-033,II,TT,17,157.756,7.810000000000002,1.0,13,y la Constitución establece los objetivos de paz que valora a sus pueblos
21-07-04-m-033,II,TT,18,165.566,3.875,0.0,11,y al mismo tiempo que se tengan en cuenta las preocupaciones
21-07-04-m-033,II,TT,19,169.441,1.5,0.0,5,muchas se van a plantear
21-07-04-m-033,II,TT,20,170.941,10.375,0.0,19,esas preocupaciones deberán escucharse y tendrán que abordarse de forma razonable porque tiene que tratarse de unos cimientos sólidos
21-07-04-m-033,II,TT,21,181.316,7.5,0.0,19,y como lo he podido comprobar en los últimos seis meses tenemos que tener en cuenta todas estas cuestiones
21-07-04-m-033,II,TT,22,188.816,7.6200000000000045,0.0,13,tenemos que seguir siendo abogados apasionados defensores de los valores de la Constitución
21-07-04-m-033,II,TT,23,196.436,11.030000000000001,0.0,16,y también tenemos que ver que los opositores aborden el debate con moderación de forma acertada
21-07-04-m-033,II,TT,24,207.466,6.4199999999999875,0.0,11,algunos se han referido a la referencia cristiana en el preámbulo
21-07-04-m-033,II,TT,25,213.886,5.8300000000000125,0.0,9,el preámbulo está claro que reconoce el legado religioso
21-07-04-m-033,II,TT,26,219.716,11.319999999999993,0.0,22,y nosotros hubiéramos preferido francamente que se hiciera una referencia explícita a las raíces cristianas pero no pareció encontrarse una redacción adecuada
21-07-04-m-033,II,TT,27,231.036,14.609999999999985,0.0,27,no obstante en la nueva redacción se reconoce la contribución y de las de la iglesia y esto es algo que han reconocido todos los representantes eclesiásticos
21-07-04-m-033,II,TT,28,245.646,5.050000000000011,0.0,11,yo creo que fue importante que lográsemos introducir esa nueva cláusula
21-07-04-m-033,II,TT,29,250.696,2.930000000000007,0.0,8,yo mismo me he implicado mucho en lograrla
21-07-04-m-033,II,TT,30,253.626,9.140000000000015,0.0,10,respecto a la designación muchos se han referido a ello
21-07-04-m-033,II,TT,31,262.766,8.509999999999991,0.0,17,la designación o nombramiento ha sido importante el nombramiento del candidato a la presidencia de la Comisión
21-07-04-m-033,II,TT,32,271.276,16.839999999999975,0.0,47,lo único que hemos hecho nosotros para el nombramiento del Presidente de la Comisión es que volviésemos digamos a lo que se había buscado en la convención y que el Parlamento y que todos los estados miembros participasen en el nombramiento del nuevo Presidente de la Comisión
21-07-04-m-033,II,TT,33,288.116,4.990000000000009,0.0,12,nosotros lo único que hemos hecho es decir pues examinad la propuesta
21-07-04-m-033,II,TT,34,293.106,2.1999999999999886,0.0,2,busquemos apoyos
21-07-04-m-033,II,TT,35,295.306,4.970000000000027,1.0,15,yo he escuchado a algunos que decían no vamos a brindaros ningún tipo de apoyo
21-07-04-m-033,II,TT,36,300.276,2.6999999999999886,1.0,7,pero bueno eso forma parte del proceso
21-07-04-m-033,II,TT,37,302.976,6.910000000000025,1.0,19,pero bueno yo lo que les dije es pues mirádoslo otra vez porque tal vez sea una buena propuesta
21-07-04-m-033,II,TT,38,309.886,4.2099999999999795,0.0,12,tal vez sea un poco complicada pero es una idea bastante buena
21-07-04-m-033,II,TT,39,314.096,5.480000000000018,0.0,14,respecto a la dimensión social de Europa permítame decir algunas palabras brevemente señor Presidente
21-07-04-m-033,II,TT,40,319.576,18.019999999999982,0.0,33,yo creo que la Europa social es un ámbito en el que se ha logrado mucho en la Convención y muchos diputados de esta Cámara han dirigido los trabajos sobre la Europa social
21-07-04-m-033,II,TT,41,337.596,3.375,0.0,6,nosotros valoramos mucho la solidariedad social
21-07-04-m-033,II,TT,42,340.971,4.884999999999991,0.0,9,esto es algo un elemento fundamental del proyecto irlandés
21-07-04-m-033,II,TT,43,345.856,6.7099999999999795,0.0,13,nosotros valoramos a los interlocutores sociales como pilares de todas las decisiones legislativas
21-07-04-m-033,II,TT,44,352.566,2.5200000000000387,0.0,8,nosotros lo hemos hecho durante todo el tiempo
21-07-04-m-033,II,TT,45,355.086,2.909999999999968,0.0,6,lo hemos hecho durante diecisiete años
21-07-04-m-033,II,TT,46,357.996,15.870000000000005,0.0,29,y tengo que recordar a mi querido amigo y colega a Avril Doyle de este hecho porque han sido verdaderamente diecisiete años en los que hemos podido comprobar esto
21-07-04-m-033,II,TT,47,373.866,5.5400000000000205,0.0,9,también hemos valorado los las aportaciones del presidente Prodi
21-07-04-m-033,II,TT,48,379.406,3.2199999999999704,0.0,7,un proyecto constitucional además de los ciudadanos
21-07-04-m-033,II,TT,49,382.626,2.7600000000000477,0.0,10,y tenemos que recordarles a los ciudadanos que es suyo
21-07-04-m-033,II,TT,50,385.386,9.769999999999982,1.0,22,yo estoy de acuerdo con la observación que se ha hecho respecto digamos los elementos de menor envergadura pero que son cotidianos
21-07-04-m-033,II,TT,51,395.156,2.0299999999999727,0.0,6,son tareas de todos los días
21-07-04-m-033,II,TT,52,397.186,10.04000000000002,0.0,21,nosotros en Irlanda y desde un desde un principio hemos no hemos hecho distinciones entre la antigua y la nueva Europa
21-07-04-m-033,II,TT,53,407.226,3.829999999999984,0.0,8,nosotros nos sentimos muy orgullosos de haberlo hecho
21-07-04-m-033,II,TT,54,411.056,6.3700000000000045,0.0,16,y respecto a la agenda de Lisboa muchos de los intervinientes se han referido a esto
21-07-04-m-033,II,TT,55,417.426,9.310000000000002,0.0,24,el Señor Goebbels y muchos otros han hecho hincapié en la importancia de la agenda de Lisboa y de que no se haya logrado
21-07-04-m-033,II,TT,56,426.736,5.230000000000018,0.0,12,yo soy el primero en admitir que tienen que seguir realizándose progresos
21-07-04-m-033,II,TT,57,431.966,5.699999999999989,0.0,18,tenemos que intensificar nuestros esfuerzos para lograr los objetivos que nos hemos fijado para el dos mil diez
21-07-04-m-033,II,TT,58,437.666,10.129999999999995,0.0,27,es un proceso bastante duro así es como se vio en la revisión a medio plazo y nosotros hemos dicho lo que deseábamos lograr en el futuro
21-07-04-m-033,II,TT,59,447.796,1.9499999999999886,0.0,8,pero también hemos dicho lo que hemos logrado
21-07-04-m-033,II,TT,60,449.746,12.435000000000002,0.0,22,y si vemos los detalles que han emanado en la cooperación en los últimos seis meses yo quisiera poner un ejemplo concreto
21-07-04-m-033,II,TT,61,462.181,18.725000000000023,0.0,36,se nos pidió que examinásemos el ámbito de los servicios financieros algo que se había dirigido con eficacia bajo la dirección de Charlie McCreevy del ministro y también respecto a las directivas de transparencia y otras
21-07-04-m-033,II,TT,62,480.906,9.159999999999968,0.0,23,el ministro McCreevy logró una excelente colaboración con el Parlamento y logró que se concluyera el plan de acción en materia de servicios
21-07-04-m-033,II,TT,63,490.066,4.225000000000023,0.0,12,este es un ámbito concluyente para el crecimiento de la economía europea
21-07-04-m-033,II,TT,64,494.291,4.704999999999984,0.0,16,y es un ejemplo práctico de lo que hemos logrado respecto a la agenda de Lisboa
21-07-04-m-033,II,TT,65,498.996,7.28000000000003,0.0,20,y nosotros hemos dado gran importancia a la agenda de Lisboa a la hora de nombrar al ministro McCreevy comisario
21-07-04-m-033,II,TT,66,506.276,8.239999999999952,1.0,24,yo creo que su experiencia sus conocimientos van a ser muy útiles en los tiempos venideros para mejorar la situación del empleo en Europa
21-07-04-m-033,II,TT,67,514.516,3.6399999999999864,0.0,7,el ministro McCreevy sabe como crear empleo
21-07-04-m-033,II,TT,68,518.156,5.7700000000000955,0.0,18,y yo les invito a que miren lo que ha sucedido la situación en Irlanda a ese respecto
21-07-04-m-033,II,TT,69,523.926,8.240000000000009,0.0,12,allí pues hay mucho es muy ha sido muy valiosa su labor
21-07-04-m-033,II,TT,70,532.166,12.239999999999895,0.0,18,brevemente respecto a lo que ha dicho el Señor De Rossa él ha hablado de los temas nacionales
21-07-04-m-033,II,TT,71,544.406,2.1200000000000045,0.0,9,por supesto que me voy a consagrar a ellos
21-07-04-m-033,II,TT,72,546.526,10.790000000000077,0.0,21,y también ha ha hablado del ministro de hacienda que que se libere a los trabajadores irlandeses de la carga fiscal
21-07-04-m-033,II,TT,73,557.316,12.329999999999927,0.0,21,pues yo siempre me siento muy interesado al ver que un socialista habla de una persona más bien del ala derecha
21-07-04-m-033,II,TT,74,569.646,2.4500000000000455,0.0,6,y es interesante ver las definiciones
21-07-04-m-033,II,TT,75,572.096,14.480000000000018,0.0,28,el Señor De Rossa dice que es de izquierdas socialista y el Señor McCreevy que es más bien del ala derecha pues da otras posibilidades a los ciudadanos
21-07-04-m-033,II,TT,76,586.576,6.600000000000023,0.0,19,pues pues yo he necesitado mucho tiempo para entender un poco la definición de la izquierda y la derecha
21-07-04-m-033,II,TT,77,593.176,10.17999999999995,0.0,18,pero en fin dejando esto señor Presidente es un auténtico honor para mí el poder estar aquí informándoles
21-07-04-m-033,II,TT,78,603.356,9.240000000000009,0.0,33,yo creo que el año dos mil cuatro va a ser considerado un año muy significativo para la Unión Europea con la ampliación a los veinticinco estados miembros la aprobación de la Constitución
21-07-04-m-033,II,TT,79,612.596,2.25,0.0,6,hemos renovado los objetivos de Lisboa
21-07-04-m-033,II,TT,80,614.846,3.169999999999959,0.0,7,hemos mejorado las relaciones con nuestros socios
21-07-04-m-033,II,TT,81,618.016,11.480000000000018,0.0,22,y una vez que está cumplido el trabajo de la presidencia irlandesa deseo todo lo mejor al presidente del gobierno olandés Balkenende
21-07-04-m-033,II,TT,82,629.496,9.5,1.0,21,también le deseo mucho éxito al presidente Prodi en lo que le queda de su ejercicio como presidente de la Comisión
21-07-04-m-033,II,TT,83,638.996,10.909999999999968,1.0,32,y deseo todo lo mejor también al nuevo presidente de la Comisión al Señor José Manuel Durão Barroso y a todos ustedes mucho éxito en su trabajo político en el Parlamento europeo
21-07-04-m-033,II,TT,84,649.906,0.8398130000000492,0.0,2,muchísimas gracias
26-02-04-m-008,I,ST,0,0.0,1.74,0.0,2,Mr President
26-02-04-m-008,I,ST,1,1.74,17.950000000000003,0.0,30,those Members of the House who read the Financial Times or indeed the Moscow Times will recognise that EU-Russia cooperation is not always as straightforward as it could be
26-02-04-m-008,I,ST,2,19.69,4.399999999999999,0.0,9,I have to say that I regret that deeply
26-02-04-m-008,I,ST,3,24.09,0.7100000000000009,0.0,1,why
26-02-04-m-008,I,ST,4,24.8,15.849999999999998,0.0,31,why because a stable and constructive relationship with Russia is essential to the European Union and also because a stable and constructive relationship with the European Union is essential to Russia
26-02-04-m-008,I,ST,5,40.65,27.750000000000007,1.0,51,it's clearly in our interest to try to promote close ties with an open stable and democratic Russia acting we hope as a reliable partner which can uphold European values continue reforms implement commitments and in cooperation with the European Union play a constructive role in the newly independent states
26-02-04-m-008,I,ST,6,68.4,31.069999999999993,0.0,60,the communication which the Commission adopted on the ninth of February a communication which heavily influenced the report discussed by Foreign Ministers on Monday of this week took as its starting point the interdependence of the European Union and Russia and our wish to build a genuine strategic partnership based on shared values and driven by our evident common interests
26-02-04-m-008,I,ST,7,99.47,14.710000000000008,0.0,30,there are positive elements to the relationship but overall we have to accept that the results of five years of increasingly intensive cooperation are not as positive as we expected
26-02-04-m-008,I,ST,8,114.18,4.189999999999998,0.0,7,we have to do something about that
26-02-04-m-008,I,ST,9,118.37,6.019999999999996,0.0,15,there were three important outcomes from the review of EU-Russia relations discussed on Monday
26-02-04-m-008,I,ST,10,124.39,19.019999999999996,0.0,38,first a strong clear and public message was passed to Russia that we expect the Partnership and Cooperation Agreement to be extended to the ten acceding Member States without pre-condition without distinction by the first of May
26-02-04-m-008,I,ST,11,143.41,4.170000000000016,0.0,8,the Commission has held intensive discussions with Russia
26-02-04-m-008,I,ST,12,147.58,8.359999999999985,1.0,22,we hope that we've been able to convince our interlocutors that the question of extending the PCA must be rapidly settled
26-02-04-m-008,I,ST,13,155.94,12.900000000000006,0.0,29,the European Union for its part is ready in parallel to the extension of the PCA to discuss any of Russia's legitimate concerns over the impact of enlargement
26-02-04-m-008,I,ST,14,168.84,15.669999999999987,1.0,39,I hope that our attempt to resolve this issue as rapidly as possible won't be affected by the formation of the new government of the Russian Federation with which we will look forward to working in due course
26-02-04-m-008,I,ST,15,184.51,6.439999999999998,0.0,14,second the Ministers confirmed the importance of the European Union's relations with Russia
26-02-04-m-008,I,ST,16,190.95,20.480000000000018,0.0,54,it was agreed that the European Union should engage with Russia that we should be ready to discuss all complex issues of mutual interest and that as part of this approach the European Union should stress that its partnership with Russia is not only driven by common interests but also founded on shared values
26-02-04-m-008,I,ST,17,211.43,14.919999999999987,1.0,25,this implies discussing frankly Russian practices that run counter to European values such as human rights in Chechnya media freedom and cooperation on the environment
26-02-04-m-008,I,ST,18,226.35,6.969999999999999,0.0,12,and it involves not hesitating defend to defend European Union interests vigorously
26-02-04-m-008,I,ST,19,233.32,12.550000000000011,0.0,31,third the Ministers recognised the need for the European Union to change the way in which it does business with Russia to become more joined up to use the bureaucratic terminology
26-02-04-m-008,I,ST,20,245.87,8.210000000000008,0.0,20,it was agreed that the European Union should establish clear agreed objectives and positions ahead of every meeting with Russia
26-02-04-m-008,I,ST,21,254.08,16.78,1.0,36,if we wish to build what can honestly be described as a strategic partnership European Union messages must be balanced and they must coherent and our ambitious political declarations must be matched by progress on substance
26-02-04-m-008,I,ST,22,270.86,11.0,0.0,22,this requires better coordination between policies defined at European Union level and the approach of individual Member States to relations with Russia
26-02-04-m-008,I,ST,23,281.86,20.99000000000001,-1.0,51,why for example is it that the European Union subscribes to joint statements with Russia in which we agree to step up cooperation on crisis management yet the European Union is unable to convince Russia to work with it to resolve the very real problems in Moldova and the southern Caucasus
26-02-04-m-008,I,ST,24,302.85,13.519999999999982,0.0,31,why in addition do we see do we see individual Member States agree to facilitate visas for Russia at the same time as Russia is blocking conclusion of a readmission agreement
26-02-04-m-008,I,ST,25,316.37,7.909999999999968,0.0,19,many of these views are shared by the report which the honourable gentleman has presented so eloquently this morning
26-02-04-m-008,I,ST,26,324.28,7.140000000000043,1.0,18,the report is a welcome contribution in my judgment to to the debate on our relations with Russia
26-02-04-m-008,I,ST,27,331.42,9.990000000000009,0.0,26,our task now is to translate words into action and to establish a more coherent strategic approach to Russia reflecting the views of the enlarged Union
26-02-04-m-008,I,ST,28,341.41,6.599999999999966,1.0,16,it's important that the European Union can make real progress in its work with Russia
26-02-04-m-008,I,ST,29,348.01,4.819999999999993,0.0,14,this matters to business people wishing to gain access to the promising Russian market
26-02-04-m-008,I,ST,30,352.83,7.569999999999993,0.0,24,we should remember after all that after enlargement more than fifty percent of Russia's trade be will will be with the European Union
26-02-04-m-008,I,ST,31,360.4,7.6299999999999955,0.0,19,it also matters to importers of energy given Russia's position as a major supplier of oil and gas
26-02-04-m-008,I,ST,32,368.03,15.630000000000052,0.0,36,and not least it matters because if we are to tackle cross-border problems such as environmental pollution illegal migration and organised crime Russia will have to shoulder more of the burden than it has previously
26-02-04-m-008,I,ST,33,383.66,16.819999999999993,0.0,41,discussions at the General Affairs and External Relations Council reaffirmed the interest of the European Union in promoting integration in the long term through the creation of a series of common spaces within the framework of the Partnership and Cooperation Agreement
26-02-04-m-008,I,ST,34,400.48,24.639999999999986,0.0,54,the Commission has advocated strongly that once agreement is reached on PCA extension the European Union should be ready to present a draft joint action plan to Russia covering all these four spaces consistent with our neighbourhood policy and incorporating relevant elements that are of common interest to both the European Union and Russia
26-02-04-m-008,I,ST,35,425.12,12.670000000000016,0.0,31,I think this would help to establish an issues-based agenda focused on substance and be a further step towards the strategic partnership that we genuinely want with the Russian Federation
26-02-04-m-008,I,ST,36,437.79,9.25,0.0,30,I'd like to thank the honourable gentleman once again for presenting such a thoughtful report and I'm sure it will contribute to the outcome that we both share
26-02-04-m-008,I,TT,0,0.0,6.766,0.0,2,señor Presidente
26-02-04-m-008,I,TT,1,6.766,18.65,0.0,33,aquellos que lean el Financial Times o el Moscow Times reconocerán que la cooperación entre la Unión y Rusia no siempre es tan sencilla y llana cómo podría ser y lo lamento hondamente
26-02-04-m-008,I,TT,2,25.416,0.7800000000000011,0.0,3,y por qué
26-02-04-m-008,I,TT,3,26.196,1.5,0.0,2,por qué
26-02-04-m-008,I,TT,4,27.696,14.73,0.0,30,porque una relación estable y constructiva con Rusia es fundamental para la Unión Europea y también porque una relación estable y constructiva con la Unión Europea es fundamental para Rusia
26-02-04-m-008,I,TT,5,42.426,27.679999999999993,0.0,48,va en nuestro interés promover relaciones estrechas con una Rusia abierta democrática estable que actúe como un socio fiable que acate los valores europeos siga la reformas aplique los compromisos y coopere con la Unión Europea donde se desempeñaría un papel constructivo dentro de los nuevos estados independientes
26-02-04-m-008,I,TT,6,70.106,31.900000000000006,0.0,56,la comunicación aprobada por la Comisión este nueve de febrero una comunicación que tiene su repercusión para la discusión de los Ministros del lunes de esta semana pues empieza con la interdependencia entre la Unión y Rusia y nuestro deseo de tener un asociación estratégica con que se basa en valores compartidos y intereses comunes obvios
26-02-04-m-008,I,TT,7,102.006,17.810000000000002,0.0,40,hay elementos positivos en la relación pero a nivel general debemos aceptar que los resultados de cinco años de una cooperación cada vez más intensa no son tan positivos como cabía esperar y hay que tomar cartas en el asunto
26-02-04-m-008,I,TT,8,119.816,6.810000000000002,0.0,15,hay tres resultados importantes de la revisión de nuestras relaciones que se discutieron el lunes
26-02-04-m-008,I,TT,9,126.626,18.299999999999983,1.0,43,primero un mensaje claro público que se hizo llegar a Rusia de que esperamos que el acuerdo de cooperación y partenariado se amplía a los diez estados de la adhesión sin condición previa sin diferenciación y esto a partir del primero de mayo
26-02-04-m-008,I,TT,10,144.926,5.640000000000015,0.0,10,la Comisión ha tenido debates y discusiones intensas con Rusia
26-02-04-m-008,I,TT,11,150.566,8.340000000000003,1.0,18,espero haber convencido a nuestros interlocutores que la cuestión de la ampliación de este acuerdo debe zanjarse rápidamente
26-02-04-m-008,I,TT,12,158.906,11.23999999999998,1.0,29,la Unión Europea está dispuesta en paralelo a la ampliación de este acuerdo de cooperación y partenariado discutir cualquier temor legítimo de Rusia sobre el impacto de nuestra ampliación
26-02-04-m-008,I,TT,13,170.146,16.02000000000001,0.0,30,y espero que nuestro intento para solucionar ese tema en cuanto antes no se vea afectado por la formación del nuevo gobierno en la Federación rusa con quien queremos trabajar
26-02-04-m-008,I,TT,14,186.166,6.5800000000000125,0.0,14,dos los Ministros confirmaron la importancia de las relaciones de la Unión con Rusia
26-02-04-m-008,I,TT,15,192.746,20.620000000000005,0.0,43,se acordó que la Unión Europea tiene que entablar con Rusia estar dispuestos a discutir todos los temas complejos de interés mutuo y que debemos destacar que el partenariado con Rusia no sólo se debe a intereses comunes sino también a valores compartidos
26-02-04-m-008,I,TT,16,213.366,21.849999999999994,0.0,41,lo que implica que hay que discutir francamente las prácticas rusas que van contra nuestros valores derechos humanos en Chechenia libertad de los medios de cooperación y medio ambiente y también hay que defender claro vigorosamente los intereses de la Unión
26-02-04-m-008,I,TT,17,235.216,10.72999999999999,0.0,21,tres reconocieron la necesidad para la Unión de cambiar la manera en que tenemos nuestras relaciones y nuestros negocios con Rusia
26-02-04-m-008,I,TT,18,245.946,13.030000000000001,0.0,23,se acordó que la Unión Europea debe establecer unos objetivos claros precisos unas posiciones y esto antes de volver a negociar con Rusia
26-02-04-m-008,I,TT,19,258.976,15.100000000000023,0.0,32,lo que describimos como un partenariado estratégico para ello para llevarlo a cabo tenemos que ser equilibrados y coherentes y nuestras declaraciones políticas tienen después que encontrarse con progresos en la práctica
26-02-04-m-008,I,TT,20,274.076,10.060000000000002,0.0,25,para ello se necesita mayor coordinación que se de de nuestras políticas a nivel europeo y también en las relaciones de cada estado con Rusia
26-02-04-m-008,I,TT,21,284.136,25.089999999999975,-1.0,53,por qué por ejemplo la Unión Europea hace declaraciones conjuntas con Rusia donde decimos que hay que aumentar la cooperación para la gestión de las crisis pero no podemos convencer a Rusia de trabajar juntos para tratar los los problemas reales que tenemos en el Cáucaso meridional y en otras partes de Rusia
26-02-04-m-008,I,TT,22,309.226,8.839999999999975,1.0,19,por qué tenemos que facilitar los visados para Rusia cuando ellos bloquean la conclusión de un acuerdo de readmisión
26-02-04-m-008,I,TT,23,318.066,8.220000000000027,0.0,22,pues muchos de estas opiniones las comparte el informe de nuestro ponente y que lo ha presentado también hoy por la mañana
26-02-04-m-008,I,TT,24,326.286,2.3799999999999955,0.0,4,es una contribución bienvenida
26-02-04-m-008,I,TT,25,328.666,3.920000000000016,0.0,8,pensamos al debate en nuestras relaciones con Rusia
26-02-04-m-008,I,TT,26,332.586,1.8000000000000114,0.0,5,nuestra tarea ahora cuál es
26-02-04-m-008,I,TT,27,334.386,3.2999999999999545,0.0,7,que las palabras se conviertan en actos
26-02-04-m-008,I,TT,28,337.686,6.330000000000041,0.0,17,tener un planteamiento más coherente con Rusia que refleje las opiniones de la de la Unión ampliada
26-02-04-m-008,I,TT,29,344.016,5.8700000000000045,0.0,13,es importante poder progresar de verdad en nuestros relaciones y trabajos con Rusia
26-02-04-m-008,I,TT,30,349.886,5.169999999999959,0.0,13,esto es importante para las empresas que quieren acceder al mercado prometedor ruso
26-02-04-m-008,I,TT,31,355.056,7.710000000000036,0.0,24,hay que saber que después de la ampliación más del cincuenta por ciento del comercio de de Rusia se hará con la Unión Europeo
26-02-04-m-008,I,TT,32,362.766,7.659999999999968,0.0,21,también es importante para los importadores de energía ya que Rusia es un suministrador de los primeros para gas y petróleo
26-02-04-m-008,I,TT,33,370.426,14.740000000000009,0.0,38,y sobre todo es importante porque si queremos solucionar los problemas transfronterizos como la contaminación emigración ilegal y la delincuencia organizada si esto queremos pues Rusia tiene que compartir más la carga que lo ha hecho hasta ahora
26-02-04-m-008,I,TT,34,385.166,17.579999999999984,1.0,41,los debates en el Consejo de Asuntos Generales y Relaciones Externas han reafirmado este interés de la Unión Europea para fomentar la integración a largo plazo mediante la creación de una serie de espacios comunes dentro de el acuerdo de cooperación
26-02-04-m-008,I,TT,35,402.746,23.77000000000004,1.0,66,y abogamos que cuando se llegue a un acuerdo sobre la ampliación de este acuerdo de cooperación y de partenariado vamos a presentar un plan de acción conjunto con Rusia que cubra estos cuatro pactos que he presentado y que sea coherente con nuestra política de buena vecindad y que incorpore elementos importantes que son de interés común tanto para la Unión Europea como para Rusia
26-02-04-m-008,I,TT,36,426.516,13.25,0.0,29,esto nos ayudaría a establecer una agenda que se basa en hecho en sustancia y sería una etapa más hacia este partenariado estratégico que queremos con la Federación Rusia
26-02-04-m-008,I,TT,37,439.766,10.139999999999986,0.0,17,gracias al señor diputado por este informe que será una piedra al resultado que todos queremos alcanzar
26-02-04-m-008,I,TT,38,449.906,0.7276249999999891,0.0,1,gracias
26-02-04-m-020,I,ST,0,0.0,1.16,0.0,1,President
26-02-04-m-020,I,ST,1,1.16,5.29,0.0,14,Russia is a vast country and its contribution historically to European culture is immense
26-02-04-m-020,I,ST,2,6.45,5.2,0.0,14,it remains a major military power and deserves recognition at the global centre stage
26-02-04-m-020,I,ST,3,11.65,8.12,0.0,26,although economically it has shrunk it is a vital source of gas and oil to the EU and has a common enemy in international Islamist terrorism
26-02-04-m-020,I,ST,4,19.77,7.949999999999999,0.0,23,I believe that Putin will win the presidential election and that we must recognise his democratic mandate to rebuild a strong Russian state
26-02-04-m-020,I,ST,5,27.72,5.490000000000002,0.0,18,I do not accept calls to expel Russia from G8 because of its handling of the Yukos affair
26-02-04-m-020,I,ST,6,33.21,9.579999999999998,0.0,27,only two weeks ago the Russian courts handed down a lenient sentence to one of its executives convicted of tax evasion hardly the signs of judicial bias
26-02-04-m-020,I,ST,7,42.79,17.61,0.0,54,I sympathise at the loss Russia faces with the ending of the bilateral free trade agreements with the acceding EU states but overall the tariffs drop from nine per cent to four per cent and Russia cannot not extend the PCAs to the Baltic Republics because of disputes over ethnic Russian minority rights there
26-02-04-m-020,I,ST,8,60.4,9.559999999999995,0.0,27,the Kaliningrad the Kaliningrad question is settled now and work on visa-free or flexible travel to the EU should commence once a readmission agreement is struck
26-02-04-m-020,I,ST,9,69.96,19.080000000000013,0.0,59,Russia sees the EU as muscling in on its sphere of influence from Georgia to Ukraine hence its attempts to reconstitute some of the binding elements of the former Soviet Union in the Yalta agreement with Ukraine Belarus and that's a country where Russia could use its special influence to do more to democratise that country and Kazakhstan
26-02-04-m-020,I,ST,10,89.04,12.14,0.0,29,I also urge Russia to withdraw its troops from Transnistria and allow a peaceful reunification of Moldova and and consign the Tiraspol gangster regime to the dustbins of history
26-02-04-m-020,I,ST,11,101.18,22.539999999999992,0.0,59,lastly I am concerned that there has been mass migration west of ethnic Russians away from its far eastern territories and replaced by Chinese illegal migrants which may cause tensions in the future in that vast under-populated but resource-rich territory and where Russia is attempting now to forge close links to Japan and Korea in their exploitation
26-02-04-m-020,I,ST,12,123.72,0.519999999999996,0.0,2,thank you
26-02-04-m-020,I,TT,0,0.0,4.206,0.0,2,señor Presidente
26-02-04-m-020,I,TT,1,4.206,4.8,0.0,9,Rusia es un país amplio inmensos como su contribución
26-02-04-m-020,I,TT,2,9.006,6.869999999999999,0.0,13,sigue siendo un poder militar y se merece ese reconocimiento a nivel internacional
26-02-04-m-020,I,TT,3,15.876,8.24,0.0,17,también es una fuente vital para petróleo y gas y también tenemos un enemigo común el islamismo
26-02-04-m-020,I,TT,4,24.116,6.740000000000002,0.0,12,por eso debemos reconocer que también tiene que reconstruir democráticamente el estado
26-02-04-m-020,I,TT,5,30.856,3.969999999999999,0.0,9,no pido que se expulse a Rusia del G8
26-02-04-m-020,I,TT,6,34.826,15.219999999999999,0.0,25,tan sólo hace dos semanas en los tribunales pues sencillamente condenaron a una pena de poco amontar por a un individuo ruso por evasión fiscal
26-02-04-m-020,I,TT,7,50.046,14.899999999999999,0.0,32,a nivel general también los aranceles han pasado del nueve al cinco por ciento y no han querido ampliar el pacto de colaboración y de desarrollo a los países de la ampliación
26-02-04-m-020,I,TT,8,64.946,7.930000000000007,0.0,12,también está en en en curso un una solución posible con Kaliningrado
26-02-04-m-020,I,TT,9,72.876,17.299999999999997,0.0,41,nosotros yo creo que también tenemos que tener en cuenta la esfera de influencia Georgia y Ucrania para construir algunos de los elementos anteriores antes del hundimiento de la ex Unión Soviética y hay que democratizar ese país como en Kazakhstan
26-02-04-m-020,I,TT,10,90.176,16.929999999999993,1.0,37,también le pido a Rusia que retire sus tropas de Transnistria y también que haya una paz pacificación en Moldavia y también tener en cuenta que hay que deshacerlos de estos regímenes que son más bien gangsteriles
26-02-04-m-020,I,TT,11,107.106,18.790000000000006,0.0,30,también las minorías étnicas que han sido reemplazados en sus repúblicas orientales por etnias chinas causan tensiones y ahora Rusia intenta también forjar unas mayores relaciones con China y Corea
26-02-04-m-020,I,TT,12,125.896,0.7266869999999983,0.0,1,gracias
26-02-04-m-032,I,ST,0,0.0,1.04,0.0,1,President
26-02-04-m-032,I,ST,1,1.04,12.5,0.0,25,the Commission very much welcomes this timely and thoughtful report and I'd like to congratulate the honourable gentleman on his work in producing it
26-02-04-m-032,I,ST,2,13.54,25.939999999999998,0.0,63,I think it's fair to say that the evolution of the report over a number of years demonstrates the Parliament's commitment to ensuring that the South Caucasus region attracts the attention it requires and the attention and time given to the report has allowed it to be refined and focused so that it provides I think an extremely useful policy tool
26-02-04-m-032,I,ST,3,39.48,13.900000000000006,0.0,29,the Commission I should say at the outset shares the analysis of the dangers and difficulties facing the region and we are pursuing policies that should encourage stabilisation there
26-02-04-m-032,I,ST,4,53.38,12.639999999999993,-0.3333333333333333,26,to that end our country strategies place the fight against corruption and support for institution-building and poverty reduction at the very heart of our assistance
26-02-04-m-032,I,ST,5,66.02,6.910000000000011,0.0,16,for the region we have programmes dealing with drug drug trafficking border management and environmental matters
26-02-04-m-032,I,ST,6,72.93,8.909999999999997,0.0,19,unless these key issues are tackled the chances of achieving stability in the region will be very greatly diminished
26-02-04-m-032,I,ST,7,81.84,15.86999999999999,0.0,31,we've pursued these objectives since the southern Caucasus countries achieved independence in nineteen ninety-one and we've devoted over one billion euro of of our assistance to the region
26-02-04-m-032,I,ST,8,97.71,13.040000000000006,0.0,27,we'll continue to be ambitious in our efforts while of course we have to work within the constraints of the resources provided by the budgetary authority
26-02-04-m-032,I,ST,9,110.75,30.110000000000014,1.0,66,time prevents me from covering all of the many issues highlighted in the report in detail so I hope the House will forgive me will excuse me for focusing on what I think are two key points namely the relationship which the honourable gentleman referred to between the southern Caucasus and the European Neighbourhood Policy and secondly the role of the Commission in assisting conflict settlement
26-02-04-m-032,I,ST,10,140.86,20.829999999999984,1.0,45,on the first of those issues the relationship between the southern Caucasus and the European Neighbourhood Policy the General Affairs and External Relations Council on the twenty-sixth of January in discussing how best to support the new leadership in Georgia concluded in this way
26-02-04-m-032,I,ST,11,161.69,25.379999999999995,0.0,44,the Council it noted the Council invites the Commission in consultation with the High Representative and taking account of the European Union Special Representative's proposals to bring forward a recommendation on the relationship of Armenia Azerbaijan and Georgia to the European Neighbourhood Policy
26-02-04-m-032,I,ST,12,187.07,6.430000000000007,0.0,15,the Council looks forward to considering this recommendation before the end of the Irish presidency
26-02-04-m-032,I,ST,13,193.5,9.530000000000001,1.0,27,I hope that we may be able to bring forward that idea perhaps in the month of May but certainly by the end of the present presidency
26-02-04-m-032,I,ST,14,203.03,2.789999999999992,1.0,6,I very much welcome that commitment
26-02-04-m-032,I,ST,15,205.82,13.719999999999999,1.0,28,accordingly the European Union is closely monitoring developments in all three countries to see whether there's continued progress towards democracy and continued progress in the economic sphere
26-02-04-m-032,I,ST,16,219.54,10.700000000000017,-1.0,23,we want to see a credible and a sustained commitment to reform clearly reflected in concrete steps forward for example in fighting corruption
26-02-04-m-032,I,ST,17,230.24,18.349999999999994,1.0,36,secondly on the issue of conflict resolution and reconciliation the European Commission continues to provide its full support to the OSCE and to the United Nations in their efforts to solve the region's frozen conflicts
26-02-04-m-032,I,ST,18,248.59,11.02000000000001,0.0,28,I was pleased that we were able to discuss some of these matters with the Presidency-in-Office of the O OSCE at the beginning of this week
26-02-04-m-032,I,ST,19,259.61,14.300000000000011,1.0,33,we stand ready to assist post-conflict reconstruction following peace settlements or to assist measures agreed between the parties to the conflict which would reduce tensions and raise confidence between the two sides
26-02-04-m-032,I,ST,20,273.91,24.609999999999957,1.0,57,I'm very pleased to say that the Commission has recently been able to implement a third phase of post-conflict rehabilitation activities in the Georgian-South Ossetian conflict zone to assist the return of internally displaced people and refugees and the restoration of infrastructure which will we hope help to build confidence between the two communities
26-02-04-m-032,I,ST,21,298.52,11.610000000000014,1.0,28,the appointment the very welcome appointment of the EU Special Representative for the South Caucasus in two thousand and three was an important step for the European Union
26-02-04-m-032,I,ST,22,310.13,9.25,0.0,18,the Commission is pleased to be fully fully associated with his work and we value his close cooperation
26-02-04-m-032,I,ST,23,319.38,9.639999999999986,0.0,21,the report which the honourable gentleman has presented rightly identifies the need further to develop European Union policy for the region
26-02-04-m-032,I,ST,24,329.02,8.230000000000018,0.0,13,we look forward to participating in this important process with the Special Representative
26-02-04-m-032,I,ST,25,337.25,4.839999999999975,0.0,15,the European Commission takes note of the call for a stability pact for the region
26-02-04-m-032,I,ST,26,342.09,7.140000000000043,1.0,28,I have to say when the issue was first raised a couple of years ago there didn't seem to be all that much support for the idea
26-02-04-m-032,I,ST,27,349.23,5.1299999999999955,0.0,15,I'm not yet wholly convinced the time is ripe yet to return to it
26-02-04-m-032,I,ST,28,354.36,6.819999999999993,0.0,15,certainly it has budgetary consequences which we'd want to look at in some detail
26-02-04-m-032,I,ST,29,361.18,7.699999999999989,0.0,13,let me conclude my rather rapid overhaul overview of the of the subject
26-02-04-m-032,I,ST,30,368.88,6.28000000000003,0.0,14,let me conclude this overview by commending once again the rapporteur on his report
26-02-04-m-032,I,ST,31,375.16,10.079999999999984,0.0,31,I'd like to thank him for what I'm sure will be an extremely important contribution to the debate on the European Union's policy for the South Caucasus region
26-02-04-m-032,I,TT,0,0.0,3.516,0.0,2,señor Presidente
26-02-04-m-032,I,TT,1,3.516,5.359999999999999,0.0,13,le damos la bienvenida a este informe que llega en muy buen momento
26-02-04-m-032,I,TT,2,8.876,9.000000000000002,0.0,15,quisiera primero felicitar al señor parlamentario por el trabajo realizado para llegar a este documento
26-02-04-m-032,I,TT,3,17.876,24.139999999999997,0.0,51,la evolución durante los últimos años ha demostrado el compromiso del Parlamento para asegurarse que esta región del Cáucaso meridional pues reciba la atención que se merece y el tiempo y la atención de este informe le ha permitido centrarse bien y así es una herramienta política me parece sumamente útil
26-02-04-m-032,I,TT,4,42.016,14.190000000000005,0.0,28,la Comisión ejecutiva digo de entrada comparte el el análisis de las dificultades y peligros ante los que se encuentra la región y debemos obrar para la estabilización
26-02-04-m-032,I,TT,5,56.206,12.36999999999999,-0.5,29,para eso la lucha contra la corrupción y el apoyo a la creación institucional y a la lucha contra la pobreza debe estar en el centro de nuestra asistencia
26-02-04-m-032,I,TT,6,68.576,7.730000000000004,-1.0,18,también tenemos un programa para luchar contra el tráfico la gestión de la frontera y los asuntos medioambientales
26-02-04-m-032,I,TT,7,76.306,7.650000000000006,0.0,22,a menos de que estos problemas claves se traten las oportunidades de llegar a una estabilización de la región serán muy escasas
26-02-04-m-032,I,TT,8,83.956,10.730000000000004,0.0,20,hemos llevado a cabo estos objetivos con estos países desde la independencia de los mismos en el noventa y uno
26-02-04-m-032,I,TT,9,94.686,4.36999999999999,0.0,14,hemos dedicado más de mil millones de euros en nuestra asistencia a esa región
26-02-04-m-032,I,TT,10,99.056,13.269999999999996,0.0,25,seguiremos siendo ambiciosos en nuestros esfuerzos y a la vez debemos trabajar dentro de los límites que nos imponen las autoridades presupuestarias en nuestros presupuestos
26-02-04-m-032,I,TT,11,112.326,5.530000000000001,0.0,13,no tengo tiempo para cubrir todos los temas que se detallan este informe
26-02-04-m-032,I,TT,12,117.856,25.620000000000005,0.0,53,espero que esta Cámara me perdone me disculpe por centrarme en dos puntos que considero claves es decir las relaciones a las que se refiere el ponente entre el Cáucaso meridional y la política de vecindad de la Unión Europea y el papel de la Comisión para ayudar a la resolución de conflictos
26-02-04-m-032,I,TT,13,143.476,20.340000000000003,0.0,40,en las relaciones con el Cáucaso meridional y la política de vecindad de la Unión Europea el Consejo de Asuntos Exteriores el veintiséis de enero al discutir cómo podríamos apoyar el nuevo liderazgo en Georgia ha concluido de esta manera
26-02-04-m-032,I,TT,14,163.816,25.05000000000001,0.0,49,el Consejo cito invita a la Comisión ejecutiva en consulta con el Alto Representante y teniendo en cuenta la propuesta del Representante Especial de la Unión de llevar a cabo una recomendación sobre las relaciones con Armenia Azerbaiyán y Georgia dentro de la política de vecindad de la Unión
26-02-04-m-032,I,TT,15,188.866,6.549999999999983,0.0,13,el Consejo espera considerar esta recomendación antes del final de la presidencia irlandesa
26-02-04-m-032,I,TT,16,195.416,10.370000000000005,1.0,27,bueno espero que podamos entonces hacer avanzar esta idea y presentarla en el mes de mayo y de todos modos antes del final de la presidencia actual
26-02-04-m-032,I,TT,17,205.786,2.569999999999993,0.0,7,le doy la bienvenida a este compromiso
26-02-04-m-032,I,TT,18,208.356,12.099999999999994,1.0,28,la Unión Europea está vigilando de cerca los acontecimientos en los tres países para saber si hay un progreso hacia la democracia y también en la esfera económica
26-02-04-m-032,I,TT,19,220.456,13.76000000000002,-0.3333333333333333,22,queremos tener un compromiso firme duradero con la democracia con pasos positivos y permanentes por ejemplo en la lucha contra la corrupción
26-02-04-m-032,I,TT,20,234.216,17.139999999999986,0.0,32,en cuanto al tema de resolución de conflictos y reconciliación la Comisión ejecutiva sigue apoyando plenamente la OSCE y las Naciones Unidas en sus esfuerzos para solucionar los conflictos de estas regiones
26-02-04-m-032,I,TT,21,251.356,8.870000000000005,0.0,20,hemos podido discutir de estos temas con la presidencia en oficio de la OSCE a principios de esta misma semana
26-02-04-m-032,I,TT,22,260.226,16.970000000000027,1.0,37,ya estamos listos para ayudar en la reconstrucción tras la paz o para ayudar a las medidas que acuerden las partes en conflicto para reducir las tensiones y apoyen la confianza y generen confianza entre las partes
26-02-04-m-032,I,TT,23,277.196,24.849999999999966,0.0,41,la Comisión ha podido aplicar una tercera fase de de actividades post conflicto en la zona en esta zona para ayudar a los desplazados los refugiados y construcción de las infraestructuras para así ayudar a fomentar la confianza entre las comunidades
26-02-04-m-032,I,TT,24,302.046,9.75,0.0,24,la designación del Representante Especial de la Unión para Cáucaso del meridional en el dos mil tres fue una etapa importante para nuestra Unión
26-02-04-m-032,I,TT,25,311.796,8.410000000000025,0.0,16,la Comisión está plenamente asociada y se complace en su trabajo y valoramos mucho su cooperación
26-02-04-m-032,I,TT,26,320.206,17.939999999999998,0.0,37,el informe que nos ha presentado el Señor Gahrton destaca con razón que es necesario desarrollar aún más la política de la Unión en esta región y queremos participar en este proceso importante con el Representante Especial
26-02-04-m-032,I,TT,27,338.146,5.839999999999975,0.0,16,la Comisión Europea toma nota de que se pide un pacto de estabilidad para la región
26-02-04-m-032,I,TT,28,343.986,6.509999999999991,1.0,20,cuando se planteó ese tema hace unos años parecía que no era que no había tanto apoyo para la idea
26-02-04-m-032,I,TT,29,350.496,12.050000000000011,0.0,28,en fin no estoy totalmente convencido de que ya haya llegado el momento para volver a la misma porque tiene también consecuencias presupuestarias que habrá que examinar detalladamente
26-02-04-m-032,I,TT,30,362.546,24.394875000000013,0.0,46,y voy a concluir mi intervención bastante rápida sobre este tema voy a cerrarla diciendo hoy que apoyamos al ponente en su informe le damos las gracias por esta contribución sumamente importante al debate sobre la política de la Unión para esta región del Cáucaso meridional
26-02-04-m-040,I,ST,0,0.0,0.88,0.0,1,President
26-02-04-m-040,I,ST,1,0.88,13.479999999999999,0.0,35,the Baku Tbilisi Ceyhan pipeline is being built and funded including by taxpayers money through the World Bank EBRD and European export credits even though it does not meet international environmental and human rights standards
26-02-04-m-040,I,ST,2,14.36,6.5,0.0,13,this report rightly demands the application of the EU Environmental Impact Assessment Directive
26-02-04-m-040,I,ST,3,20.86,6.370000000000001,0.0,20,now it appears the coating on pipeline joints is poor and likely to result in major oil leakage and pollution
26-02-04-m-040,I,ST,4,27.23,4.530000000000001,0.0,13,BP apparently knew this a year before securing the backing of international funders
26-02-04-m-040,I,ST,5,31.76,14.899999999999995,0.0,42,the credit should be suspended while an independent enquiry is carried out into the safety of the pipeline for local people and the environment and into its financial viability if at least eight hundred million euros needs to be spent relaying it
26-02-04-m-040,I,ST,6,46.66,10.32,0.0,24,Turkey's guarantees to the BTC project regarding opt-out from new environmental and social laws break its obligations under the EU Accession Partnership
26-02-04-m-040,I,ST,7,56.98,4.260000000000005,0.0,11,they would be illegal if Turkey was already in the EU
26-02-04-m-040,I,ST,8,61.24,5.119999999999997,0.0,18,the Commission has failed to act so NGOs are now taking it to the European Court of Justice
26-02-04-m-040,I,ST,9,66.36,4.599999999999994,0.0,12,we must help Turkey prepare to meet EU commitments not break them
26-02-04-m-040,I,TT,0,0.0,2.016,0.0,2,Señora Ludford
26-02-04-m-040,I,TT,1,2.016,1.7599999999999998,0.0,3,gracias señor Presidente
26-02-04-m-040,I,TT,2,3.776,15.489999999999998,0.0,36,verdaderamente este oleoducto se ha financiado por el Banco Mundial el BERD y créditos europeos que vienen de los contribuyentes europeos incluso si no cumple las normas medioambientales y tampoco el respeto de los derechos humanos
26-02-04-m-040,I,TT,3,19.266,5.330000000000002,0.0,14,tiene que cumplirse también la directiva de la Unión sobre impacto para el medioambiente
26-02-04-m-040,I,TT,4,24.596,5.84,0.0,15,esto vemos que se ha hecho de mala manera y puede haber fugas muy importantes
26-02-04-m-040,I,TT,5,30.436,3.3699999999999974,0.0,8,y esto a pesar de los fondos internacionales
26-02-04-m-040,I,TT,6,33.806,15.020000000000003,0.0,42,los créditos deben pararse mientras que se lleva a cabo una investigación independencia para la seguridad de las personas y del medioambiente y también para su viabilidad porque se necesitan por lo menos ochocientos millones de euros más para que así sea
26-02-04-m-040,I,TT,7,48.826,14.030000000000001,0.0,30,la garantía de Turquía para este nuevo proyecto pues viola sus obligaciones dentro del Pacto de Adhesión con la Unión y sería ilegal si Turquía ya estuviese en la Unión
26-02-04-m-040,I,TT,8,62.856,5.669999999999995,0.0,15,nosotros tenemos que actuar como tienen que hacer las ONGs y el Tribunal de Justicia
26-02-04-m-040,I,TT,9,68.526,3.240000000000009,0.0,12,Turquía tiene que cumplir los compromisos de la Unión y no violarlos
26-02-04-m-040,I,TT,10,71.766,0.6882499999999965,0.0,1,gracias
26-02-04-m-042,I,ST,0,0.0,1.67,0.0,4,thank you very much
26-02-04-m-042,I,ST,1,1.67,5.2,0.0,18,as Mr Gahrton's report makes clear this region is key to us strategically in the European Union
26-02-04-m-042,I,ST,2,6.87,3.8600000000000003,0.0,8,its stability and prosperity impacts upon us all
26-02-04-m-042,I,ST,3,10.73,5.649999999999999,0.0,16,I share the concerns expressed by others in the debate about the stalemate in Nagorno-Karabakh
26-02-04-m-042,I,ST,4,16.38,8.870000000000001,0.0,27,the December talks which took place in Scotland in my own country were a step forward the first bilateral talks between the representatives of the two countries
26-02-04-m-042,I,ST,5,25.25,1.7899999999999991,0.0,7,but we need to break the stalemate
26-02-04-m-042,I,ST,6,27.04,2.66,0.0,7,we need to use the OSCE network
26-02-04-m-042,I,ST,7,29.7,8.430000000000003,0.0,22,it is well placed to develop an approach that spans security and economic aspects promotes regional cooperation and respect for human rights
26-02-04-m-042,I,ST,8,38.13,5.32,0.0,11,indeed widespread human rights violations are often the precursor to conflict
26-02-04-m-042,I,ST,9,43.45,5.899999999999999,0.0,17,in Azerbaijan we know that almost one thousand people have been arrested since last year's elections
26-02-04-m-042,I,ST,10,49.35,4.990000000000002,0.0,15,one hundred remain in custody despite the fact the government now claims there are none
26-02-04-m-042,I,ST,11,54.34,3.769999999999996,-1.0,12,in Armenia there is alarm at the widespread problem of human trafficking
26-02-04-m-042,I,ST,12,58.11,8.370000000000005,0.0,25,reports that many thousands of women and children have been sold into exploitation over recent years in particular ending up in Turkey and the UAE
26-02-04-m-042,I,ST,13,66.48,4.36999999999999,0.0,9,the EU must not ignore these human rights problems
26-02-04-m-042,I,ST,14,70.85,11.460000000000008,1.0,31,we also have just expectations of Turkey to act as a force of stability in the region stimulate regional trade enhance regional security cooperation and to help revitalise the peace talks
26-02-04-m-042,I,ST,15,82.31,20.949977000000004,-1.0,59,finally in relation to the Baku Tbilisi Ceyhan pipeline due to pump a million barrels of oil a day from the Caspian to the Mediterranean there are major concerns that the host government agreements do not take into account human rights considerations that the environmental and social impacts of the pipeline go against the equitable principles for sound projects
26-02-04-m-042,I,ST,16,103.259977,24.350022999999993,0.0,70,and as our colleague has made clear already as a matter of urgency we need immediate investigation into claims that fifteen thousand joints already laid contain a faulty coating that would lead to seepage and allegations from a recently leaked report that one of the consortium's consultants showed that the consortium including BP knew about these problems before laying the pipes and even before signing the agreements with Georgia
26-02-04-m-042,I,ST,17,127.61,8.470000000000013,0.0,27,the funders including the EBRD BRD and the World Bank who are providing one hundred and twenty-five million dollars each were not aware of these concerns
26-02-04-m-042,I,ST,18,136.08,5.759999999999991,-1.0,19,and I call on the Commission to ensure that there is a proper and exhaustive investigation of this problem
26-02-04-m-042,I,TT,0,0.0,1.886,0.0,2,gracias gracias
26-02-04-m-042,I,TT,1,1.886,3.3200000000000003,0.0,8,esa región es clave para la Unión Europea
26-02-04-m-042,I,TT,2,5.206,4.739999999999999,0.0,11,su estabilidad y prosperidad tiene una repercusión inmediata para todos nosotros
26-02-04-m-042,I,TT,3,9.946,5.85,0.0,18,yo comparto los temores que se han expresado aquí sobre el debate sobre la situación en Nagorno-Karabakh
26-02-04-m-042,I,TT,4,15.796,11.5,0.0,23,en diciembre lo que se hizo en mi propio país fue un paso los primeros las primeras conversaciones entre los representantes en conflicto
26-02-04-m-042,I,TT,5,27.296,11.230000000000004,0.0,32,pero hay que también tener en cuenta el trabajo que se realiza en la OSCE porque es importante para promover la cooperación en la región y el respeto de los derechos humanos
26-02-04-m-042,I,TT,6,38.526,4.229999999999997,0.0,13,las violaciones de los derechos humanos a menudo se ven en este conflicto
26-02-04-m-042,I,TT,7,42.756,6.609999999999999,0.0,17,como en Azerbaiyán sabemos que ha habido desde las elecciones del año pasado más de mil arrestos
26-02-04-m-042,I,TT,8,49.366,7.640000000000001,-1.0,14,cien siguen en cárcel aunque no haya ninguna prueba ni ninguna acusación contra ellos
26-02-04-m-042,I,TT,9,57.006,7.349999999999994,0.0,18,también hay centenares de mujeres y y niños que se han vendido y explotado durante los últimos años
26-02-04-m-042,I,TT,10,64.356,6.8300000000000125,0.0,20,en particular terminan en Turquía y en la Unión y tenemos que conocer estos problemas para los los derechos humanos
26-02-04-m-042,I,TT,11,71.186,10.864999999999995,1.0,24,también tenemos expectativas de cara a Turquía que tiene que ser un factor de cooperación y revitalización de la democracia y de la paz
26-02-04-m-042,I,TT,12,82.051,9.985,0.0,15,y en cuanto a a el oleoducto gaseoducto Baku Tbilisi Ceyhan hay problemas muy importantes
26-02-04-m-042,I,TT,13,92.036,9.400000000000006,0.0,23,quizás los gobiernos no hayan tenido en cuenta las consideraciones de los derechos humanos tampoco el impacto social y medioambiental de este oleoducto
26-02-04-m-042,I,TT,14,101.436,6.809999999999988,0.0,12,y como ya dijo nuestro colega es urgente necesitamos una investigación inmediata
26-02-04-m-042,I,TT,15,108.246,18.58,1.0,30,parece que ya ha habido fugas y también en los puertos y además uno de los consorcios incluyendo BP conocían estos problemas antes de firmar incluso el acuerdo con Georgia
26-02-04-m-042,I,TT,16,126.826,7.230000000000018,0.0,14,entonces el Banco Mundial el BERS han dado ciento veinticinco millones de de dólares
26-02-04-m-042,I,TT,17,134.056,2.3499999999999943,0.0,7,no estaban al tanto de estos problemas
26-02-04-m-042,I,TT,18,136.406,3.967343999999997,-1.0,15,por eso le pido a la Comisión que haya una investigación detallada de este problema
30-03-04-p-168,I,ST,0,0.0,3.83,0.0,5,Mr President honourable Members Commissioner
30-03-04-p-168,I,ST,1,3.83,8.65,0.0,21,as we meet to discuss the situation throughout the Middle East today tensions in the region are high and understandably so
30-03-04-p-168,I,ST,2,12.48,8.45,0.0,25,the killing of the Hamas leader Sheikh Ahmed Yassin and seven other Palestinians by Israeli forces last week has resulted in outrage across the region
30-03-04-p-168,I,ST,3,20.93,4.890000000000001,0.0,12,the European Union condemned these extrajudicial killing as contrary to international law
30-03-04-p-168,I,ST,4,25.82,12.740000000000002,-1.0,35,in an already inflamed situation it is vital that all sides exercise restraint and refrain from acts of violence which would only lead to more deaths and which will put peaceful settlement further beyond reach
30-03-04-p-168,I,ST,5,38.56,6.189999999999998,-1.0,16,against this backdrop the Arab League Summit scheduled for this week in Tunis has been cancelled
30-03-04-p-168,I,ST,6,44.75,8.969999999999999,0.0,34,now more than ever before there is a need for countries of the region to choose the path of peace and to turn away from the path of violence and the path of recrimination
30-03-04-p-168,I,ST,7,53.72,8.280000000000001,1.0,28,there is a need for governments to show leadership for peace and to turn away from the politics of the last atrocity which served no one's interests
30-03-04-p-168,I,ST,8,62.0,5.709999999999994,1.0,15,elsewhere in the region in Iraq the security situation remains a cause of great concern
30-03-04-p-168,I,ST,9,67.71,9.420000000000002,-1.0,20,it is disturbing that recent attacks have aimed at maximising civilian casualties and have been intended to promote sectarian violence
30-03-04-p-168,I,ST,10,77.13,9.439999999999998,1.0,26,a secure a democratic and a peaceful Iraq within its present borders can exert a positive influence for peace and for stability across the entire region
30-03-04-p-168,I,ST,11,86.57,12.420000000000002,0.0,35,the European Union looks forward to the transition to a representative Iraq Iraqi administration and is committed to working with the people of Iraq in ensuring a peaceful and a stable future for that country
30-03-04-p-168,I,ST,12,98.99,7.410000000000011,1.0,22,there is a pressing need for action to address the various problems and challenges to peace and prosperity throughout the Middle East
30-03-04-p-168,I,ST,13,106.4,6.949999999999989,1.0,18,I believe that the European Union is ideally placed to make a contribution in support of this objective
30-03-04-p-168,I,ST,14,113.35,10.820000000000007,0.0,30,historically the European Union has enjoyed a close relationship with the countries of the southern Mediterranean and the Middle East built up through centuries of intertwined history commerce and exchange
30-03-04-p-168,I,ST,15,124.17,2.450000000000003,0.0,7,we are not strangers to each other
30-03-04-p-168,I,ST,16,126.62,10.079999999999984,0.0,27,indeed through the Euromed or Barcelona Process the Union has enjoyed a structured relationship with countries of the southern and eastern Mediterranean at for for ten years
30-03-04-p-168,I,ST,17,136.7,9.840000000000003,0.0,20,the Barcelona framework is comprehensive in scope covering political economic social and security interests of mutual issues of mutual interest
30-03-04-p-168,I,ST,18,146.54,5.189999999999998,1.0,14,it commits us to working for a shared zone of peace stability and progress
30-03-04-p-168,I,ST,19,151.73,8.460000000000008,0.0,30,in the economic sphere we are working towards the establishment of a free trade zone with a market of seven hundred million people by the year two thousand and ten
30-03-04-p-168,I,ST,20,160.19,8.460000000000008,1.0,21,the possibilities offered by this vast market will lead to a growth in employment prosperity and stability right across the partnership
30-03-04-p-168,I,ST,21,168.65,17.099999999999994,1.0,40,the Union has also concluded Euro-Mediterranean Association Agreements with all but one of the Euromed countries and I hope that the negotiations with the remaining country will be concluded soon so that the grid of arrangements can be completed
30-03-04-p-168,I,ST,22,185.75,10.159999999999997,0.0,28,I would urge all partners to expedite ratification of these agreements which are an important instrument in developing economic relationships between the European Union and the Mediterranean countries
30-03-04-p-168,I,ST,23,195.91,8.099999999999994,1.0,19,an important element of our engagement has also been to promote democracy good governance and the rule of law
30-03-04-p-168,I,ST,24,204.01,6.850000000000023,0.0,20,this is in line with the conclusions drawn up by the two thousand and two UNDP Arab Human Development Report
30-03-04-p-168,I,ST,25,210.86,8.25,1.0,19,significant funding has already been been made available by the Commission in support of programmes which promote these objectives
30-03-04-p-168,I,ST,26,219.11,7.079999999999984,0.0,22,the Union has also developed a framework of cooperation and dialogue with the countries of the Gulf through the Gulf Cooperation Council
30-03-04-p-168,I,ST,27,226.19,6.25,0.0,17,at present we are working with our partners in the GCC to achieve a free trade agreement
30-03-04-p-168,I,ST,28,232.44,6.310000000000002,1.0,17,although negotiations have been long and at times difficult they are now moving in the right direction
30-03-04-p-168,I,ST,29,238.75,8.580000000000013,0.0,21,in addition we are considering ways to develop relationships with Yemen and and Libia and reflecting on our relationship with Iran
30-03-04-p-168,I,ST,30,247.33,5.849999999999994,0.0,24,it is clear that the Union already has a deep and a close relationship with the countries of the Mediterranean and the Middle East
30-03-04-p-168,I,ST,31,253.18,6.8700000000000045,0.0,21,it is one based on partnership and dialogue and on willingness to work together to address the challenges facing the region
30-03-04-p-168,I,ST,32,260.05,7.289999999999964,0.0,21,it is also a relationship that is based on the recognition of the strategic importance which each represents to the other
30-03-04-p-168,I,ST,33,267.34,11.78000000000003,1.0,31,we are their neighbours just as they are our neighbours and it is in our shared interest to see a zone of security prosperity and progress develop across the wider region
30-03-04-p-168,I,ST,34,279.12,12.740000000000009,0.0,38,in recognition of the importance of the region to Europe the European Union is currently working to develop a Strategic Partnership with the Middle East and the Mediterranean following a mandate from the European Council in December last
30-03-04-p-168,I,ST,35,291.86,7.229999999999961,0.0,15,this is also a key objective of European Security Strategy again adopted last last December
30-03-04-p-168,I,ST,36,299.09,6.670000000000016,0.0,18,security and stability is a shared interest of the countries of the region and of the European Union
30-03-04-p-168,I,ST,37,305.76,15.75,0.0,37,Mr President are we to to do more to address the causes of instability which afflict the region causes which include lack of economic development underdeveloped educational opportunities and the need to promote open societies and economies
30-03-04-p-168,I,ST,38,321.51,9.400000000000034,1.0,27,our primary objective is to promote the development through partnership of a common zone of peace prosperity and progress across the Mediterranean and into the Middle East
30-03-04-p-168,I,ST,39,330.91,9.739999999999952,0.0,27,the goal is to enjoy close and cooperative relations with all countries of the region responding as far as possible to initiatives from within the region itself
30-03-04-p-168,I,ST,40,340.65,5.5,0.0,10,resolution of the Arab-Israeli conflict is a strategic priority
30-03-04-p-168,I,ST,41,346.15,11.879999999999995,1.0,31,however reform in the region should not be conditional on progress in the Middle East Peace Process or vice versa but there should be both objectives should be pursued in tandem
30-03-04-p-168,I,ST,42,358.03,9.480000000000018,0.0,29,this is the context that informed the adoption of the interim report presented to last week's General Affairs and External Relations Council and endorsed by the European Council
30-03-04-p-168,I,ST,43,367.51,6.840000000000032,0.0,16,the interim report proposes a an EU Strategic Partnership with the Mediterranean and the Middle East
30-03-04-p-168,I,ST,44,374.35,22.339999999999975,0.0,60,it sets out a series of shared understandings held by the Members of the Union with regard to relations with the region proposes key principles and objectives which might inform our strategic partnership and proposes these together with with the and proposes these together with work programmes for the Mediterranean and the Gulf as a means to implement our partnership
30-03-04-p-168,I,ST,45,396.69,5.660000000000025,0.0,12,it is also essential that the impetus for reform comes from within
30-03-04-p-168,I,ST,46,402.35,5.899999999999977,0.0,17,there is already much being done both by governmental both at governmental level and by civil society
30-03-04-p-168,I,ST,47,408.25,3.6299999999999955,0.0,13,it is for the region itself to work out an appropriate way forward
30-03-04-p-168,I,ST,48,411.88,5.470000000000027,0.0,17,equally there can't be no one-size-fits-all solution to the challenges facing the region
30-03-04-p-168,I,ST,49,417.35,6.0499999999999545,0.0,14,we are actively consulting with partners in the region who are our key interlocutors
30-03-04-p-168,I,ST,50,423.4,7.7900000000000205,0.0,23,we will be an essential element this will be an essential element in preparing our final report for the European Council in June
30-03-04-p-168,I,ST,51,431.19,14.560000000000002,0.0,41,in this spirit the Taoiseach Mr Ahern in his capacity as President of the European Council has planned had planned to to address the Arab League Summit in Tunis yesterday as a further step in our intensified consultations with the region
30-03-04-p-168,I,ST,52,445.75,3.2900000000000205,0.0,10,but as I've already noted that meeting was cancelled
30-03-04-p-168,I,ST,53,449.04,5.639999999999986,0.0,16,Foreign Minister Cowen is currently in the region holding a series of meetings with key interlocutors
30-03-04-p-168,I,ST,54,454.68,4.5400000000000205,0.0,10,the Presidency's commitment to consultation and dialogue remains absolute
30-03-04-p-168,I,ST,55,459.22,12.619999999999948,0.0,30,we will continue this process at the forthcoming Euro-Mediterranean Partnership Mid-term Ministerial Meeting to be held in Dublin and at the Ministerial Meeting of the Gulf Cooperation Council
30-03-04-p-168,I,ST,56,471.84,5.800000000000011,1.0,15,I've already commented on the need for progress in the Middle East Peace Process
30-03-04-p-168,I,ST,57,477.64,8.389999999999986,0.0,27,there can be no long-term solution in the region without the resolution of the Arab-Israeli conflict which has cost so many lives on all sides
30-03-04-p-168,I,ST,58,486.03,15.940000000000055,1.0,34,implementation of the Quartet roadmap remains the basis for reaching a lasting comprehensive settlement resulting in two viable sovereign and independent states Israel and Palestine living side by side in peace and in security
30-03-04-p-168,I,ST,59,501.97,4.859999999999957,0.0,13,as Members of the Quartet we will continue to work towards this aim
30-03-04-p-168,I,ST,60,506.83,9.920000000000016,-1.0,27,acts of violence by either side cannot contribute to to advancing the political process necessary to reach such a settlement and such acts therefore must be rejected
30-03-04-p-168,I,ST,61,516.75,7.830000000000041,0.0,22,Mr President the countries of the Mediterranean and the Middle East are facing a broad range of challenges politically economically and socially
30-03-04-p-168,I,ST,62,524.58,7.639999999999986,0.0,20,equally those countries possess enormous potential which if fulfilled would result in benefits for all the peoples of the region
30-03-04-p-168,I,ST,63,532.22,12.319999999999936,1.0,28,progress in all areas economic commerce education democracy and civil society is key if the conditions for lasting peace and stability across the region are to be achieved
30-03-04-p-168,I,ST,64,544.54,9.700000000000045,1.0,30,the European Union is committed to working as good neighbours with the Governments and with the peoples of the region towards this end which is in all our shared interests
30-03-04-p-168,I,ST,65,554.24,1.6000000000000227,0.0,6,thank you very much Mr President
30-03-04-p-168,I,TT,0,0.0,5.586,0.0,5,señor Presidente Señorías señor Comisario
30-03-04-p-168,I,TT,1,5.586,8.6,0.0,21,al reunirnos para discutir la situación en Oriente Medio hoy las tensiones vuelven a aumentar en la región y es comprensible
30-03-04-p-168,I,TT,2,14.186,9.989999999999998,0.0,26,el líder del Hamas el jeque Ahmed Yassin y siete otros palestinos han sido muertos por las fuerzas palestinas y esto ha causado estupor y rabia
30-03-04-p-168,I,TT,3,24.176,5.030000000000001,1.0,14,la Unión Europea ha ha condenato esta matanza extrajudicial como contraria al derecho internacional
30-03-04-p-168,I,TT,4,29.206,11.529999999999998,-1.0,36,en una situación ya inflamada es vital que todas las partes ejerzan control y se limiten las actas de violencia que solo van a conducir a más muertes y pondrá un arreglo pacífico fuera de alcance
30-03-04-p-168,I,TT,5,40.736,7.880000000000003,0.0,20,tras este telón de fondo la cumbre árabe quería reunirse este fin de semana en Túnez y eso se canceló
30-03-04-p-168,I,TT,6,48.616,7.630000000000003,0.0,30,es más necesario que nunca que los países de la región se acerquen por el camino de la paz y se alejen del camino de la violencia y la recriminación
30-03-04-p-168,I,TT,7,56.246,8.690000000000005,1.0,28,hay necesidad de que el gobierno demuestre liderazgo para la paz y que se aleje de la política de atrocidad que no es en los intereses de nadie
30-03-04-p-168,I,TT,8,64.936,3.8299999999999983,0.0,13,en otra parte de la región de Iraq la situación sigue muy preocupante
30-03-04-p-168,I,TT,9,68.766,9.86999999999999,-1.0,26,es preocupante que los recientes ataques tengan como objetivo una maximización de las víctimas civiles y que tengan como la intención de promover la violencia sectaria
30-03-04-p-168,I,TT,10,78.636,8.850000000000009,1.0,25,un Iraq seguro democrático y pacífico en sus actuales fronteras puede ofrecer una influencia positiva para la paz y la estabilidad en toda la región
30-03-04-p-168,I,TT,11,87.486,13.0,0.0,36,la Unión Europea espera que la transición a una administración iraquí representativa se lleve a cabo y está compromitida a cooperar con el pueble de Iraq para asegurar un futuro pacífico y estable para ese país
30-03-04-p-168,I,TT,12,100.486,8.519999999999996,1.0,27,hay una necesidad preeminente de que se adopten medidas para resolver los problemas y los desafíos a la paz y la prosperidad en todo el Oriente Medio
30-03-04-p-168,I,TT,13,109.006,5.219999999999999,0.0,16,yo creo que la Unión Europea tiene un lugar ideal para contribuir a alcanzar este objetivo
30-03-04-p-168,I,TT,14,114.226,11.39,0.0,30,historicamente la Unión Europea ha disfrutado de una relación estrecha con los países del Mediterráneo del sur y del Oriente Medio creado durante siglos de historia entrelazada comercio e intercambios
30-03-04-p-168,I,TT,15,125.616,1.9500000000000028,0.0,8,no somos extraños los unos a los otros
30-03-04-p-168,I,TT,16,127.566,10.060000000000002,0.0,31,de hecho a través del proceso Euromed de Barcelona la Unión ha tenido una relación estructurada con países del Mediterráneo del sur y oriental y esto en los últimos diez años
30-03-04-p-168,I,TT,17,137.626,3.1200000000000045,0.0,10,el marco de Barcelona es muy amplio en su alcance
30-03-04-p-168,I,TT,18,140.746,5.530000000000001,0.0,11,cubre aspectos políticos económicos sociales y de seguridad de interés mutuo
30-03-04-p-168,I,TT,19,146.276,5.810000000000002,1.0,13,nos obliga a trabajar hacia una zona compartida de paz prosperidad y progreso
30-03-04-p-168,I,TT,20,152.086,8.20999999999998,0.0,27,en la esfera económica estamos trabajando para lograr una zona de libre comercio con un mercado de sietecientos millones de personas en el año dos mil diez
30-03-04-p-168,I,TT,21,160.296,9.230000000000018,0.0,21,las posibilidades que ofrece este enorme mercado va a conducir a crecimiento de empleo prosperidad y estabilidad en toda la asociación
30-03-04-p-168,I,TT,22,169.526,16.049999999999983,0.0,44,la Unión ha concluido también acuerdos de asociación euromediterráneos con todos los países menos uno del Euromed y espero que las negociaciones con el país que aun queda se concluyan lo antes posible al fin de que pueda concluirse todo este conjunto de acuerdos
30-03-04-p-168,I,TT,23,185.576,14.069999999999993,0.0,28,también insto a todos los a todos que ratifiquen rápidamente estos acuerdos porque son importantes para promover las relaciones económicas entre la Unión y los países del mediterráneo
30-03-04-p-168,I,TT,24,199.646,5.5,1.0,20,un elemento importante en nuestro compromiso también ha sido promover la democracia el buen gobierno y el estado de derecho
30-03-04-p-168,I,TT,25,205.146,7.050000000000011,1.0,22,estos acuerdo es la conclusión a la que se llegó en el informe de desarrollo árabe del PNUD de dos mil dos
30-03-04-p-168,I,TT,26,212.196,7.219999999999999,0.0,19,una financiación significativa ya está a disposición por parte de la Comisión para apoyar programas que promuevan estos objetivos
30-03-04-p-168,I,TT,27,219.416,7.780000000000001,0.0,25,la Unión también ha desarrollado un marco de cooperación y de diálogo con los países del Golfo a través del Consejo de Cooperación del Golfo
30-03-04-p-168,I,TT,28,227.196,5.990000000000009,1.0,16,actualmente estamos trabajando con nuestros socios en este Consejo para lograr un acuerdo de libre comercio
30-03-04-p-168,I,TT,29,233.186,6.299999999999983,0.0,19,aunque las negociaciones han sido largas y a veces difíciles a veces vemos que ahora van por buen camino
30-03-04-p-168,I,TT,30,239.486,8.600000000000023,0.0,19,además de esto estamos considerando relaciones con Yemen y con Libia y estamos reflexionando sobre nuestras relaciones con Iran
30-03-04-p-168,I,TT,31,248.086,6.899999999999977,0.0,22,está claro que la Unión ya tiene una relación profuna y muy estrecha con los países del Mediterráneo y del Oriente Medio
30-03-04-p-168,I,TT,32,254.986,6.590000000000032,0.0,24,esto se basa en asociación y diálogo y en la disposición de cooperar para enfrentarse a los retos a que se enfrenta la región
30-03-04-p-168,I,TT,33,261.576,7.229999999999961,0.0,22,también es una relación que se basa en el reconocimiento de la importancia estratégica que cada uno representa de cara al otro
30-03-04-p-168,I,TT,34,268.806,10.220000000000027,1.0,31,somos por lo tanto vecinos al igual que ellos son vecinos nuestros y es interés también nuestro de ver una zona de seguridad prosperidad y progreso en toda esta gran región
30-03-04-p-168,I,TT,35,279.026,13.189999999999998,0.0,35,reconociendo la importancia de la región para Europa la Unión Europea actualmente está trabajando para desarrollar una asociación estratégica con el Oriente Medio y el Mediterráneo siguiendo un mandato del Consejo Europeo de diciembre pasado
30-03-04-p-168,I,TT,36,292.216,6.670000000000016,0.0,16,también es un objetivo clave para la estrategia de seguridad europea adoptada también en diciembre último
30-03-04-p-168,I,TT,37,298.886,7.5,0.0,19,la seguridad y la estabilidad son intereses compartidos de los países de la región y de la Unión europea
30-03-04-p-168,I,TT,38,306.386,16.269999999999982,0.0,35,señor Presidente hemos de hacer más para resolver los problemas de inestabilidad que afligen la región causas que influyen falta de desarrollo económico oportunidades educativas subdesarrolladas y necesidad de promover sociedades abiertas y economías abiertas
30-03-04-p-168,I,TT,39,322.656,9.0,1.0,29,nuestro objetivo primario es promover el desarrollo a través de una asociación de una zona común de paz prosperidad y progreso en todo el Mediterráneo y el Oriente Medio
30-03-04-p-168,I,TT,40,331.656,9.980000000000018,0.0,29,el objetivo es de disfrutar de relaciones estrechas y de cooperación con todos los países de la región respondiendo al máximo a iniciativas que vienen de la región misma
30-03-04-p-168,I,TT,41,341.636,4.859999999999957,0.0,10,la resolución del conflicto árabe israelí es una prioridad estratégica
30-03-04-p-168,I,TT,42,346.496,10.770000000000039,1.0,33,sin embargo la reforma en la región no debe ser condicionada en cuanto a progreso en el proceso de paz de Oriente Medio o vice versa sino que debe llevarse adelante en conjunto
30-03-04-p-168,I,TT,43,357.266,14.029999999999973,0.0,29,este es contexto que informó la aprobación del informe interino presentado la semana pasada por el Consejo de asuntos generales y relaciones exteriores y apoyado por el Consejo Europeo
30-03-04-p-168,I,TT,44,371.296,5.639999999999986,0.0,16,este informe propone una asociación estratégica entre la Unión europea y el Mediterráneo y Oriente Medio
30-03-04-p-168,I,TT,45,376.936,20.05000000000001,0.0,45,y es algo que se basa en un unión y que propone principios claves y objetivos que pueden realmente formar la base y que proponen esto conjuntamente con los programas de trabajo para el Mediterráneo y el Golfo como medio para llevar adelante nuestra asociación
30-03-04-p-168,I,TT,46,396.986,6.019999999999982,0.0,13,también es fundamental que el ímpetu de la reforma venga desde el interior
30-03-04-p-168,I,TT,47,403.006,6.100000000000023,0.0,17,ya se ha hecho mucho tanto a nivel gubernamental como también a nivel de la sociedad civil
30-03-04-p-168,I,TT,48,409.106,5.1200000000000045,0.0,16,y creo que incumbe a la región de elaborar la solución de de cara al futuro
30-03-04-p-168,I,TT,49,414.226,4.670000000000016,0.0,13,no puede ser una haber una solución que resuelva todo para la región
30-03-04-p-168,I,TT,50,418.896,6.180000000000007,0.0,15,estamos consultando activamente los interlocutores en la región que son los principales interlocutores que tenemos
30-03-04-p-168,I,TT,51,425.076,6.529999999999973,0.0,19,esto será un elemento fundamental a la hora de preparar el informe definitivo para el Consejo Europeo de junio
30-03-04-p-168,I,TT,52,431.606,15.100000000000023,0.0,41,en este espíritu el Taoiseach el Señor Ahern en su capacidad de Presidente del Consejo Europeo ha previsto de dirigirse a la cumbre de la Liga Árabe en Túnez ayer como un paso más en nuestras consultas intensificadas con la región
30-03-04-p-168,I,TT,53,446.706,3.3700000000000045,0.0,9,pero como ya he dicho esa reunión fue cancelada
30-03-04-p-168,I,TT,54,450.076,5.779999999999973,0.0,21,el Ministro de asuntos exteriores el Señor Cowen está actualmente en la región celebrando una serie de reuniones con interlocutores claves
30-03-04-p-168,I,TT,55,455.856,5.060000000000002,0.0,16,el compromiso de la presidencia a la consulta y al diálogo sigue siendo un compromiso absoluto
30-03-04-p-168,I,TT,56,460.916,13.759999999999991,0.0,32,y vamos a continuar este proceso en la futura reunión ministerial entre la Unión y el Mediterráneo a celebrarse en Dublín y en el Consejo ministerial del Consejo de Cooperación del Golfo
30-03-04-p-168,I,TT,57,474.676,4.78000000000003,1.0,18,yo ya he mencionato la necesidad de lograr un progreso en el proceso de paz en Oriente Medio
30-03-04-p-168,I,TT,58,479.456,7.479999999999961,0.0,25,no puede haber soluciones a largo plazo en la región sin la resolución del conflicto árabe israelí que ha costado tantas vidas por ambas partes
30-03-04-p-168,I,TT,59,486.936,11.360000000000014,0.0,25,la aplicación del mapa de ruta sigue siendo la base para llegar a una resolución duradera que resulte en dos estados viables soberanos e independientes
30-03-04-p-168,I,TT,60,498.296,4.3700000000000045,1.0,15,Israel y Palestina que vivan uno al lado del otro en paz y en seguridad
30-03-04-p-168,I,TT,61,502.666,4.180000000000007,0.0,12,como miembros del Cuarteto vamos a continuar trabajando para alcanzar este objetivo
30-03-04-p-168,I,TT,62,506.846,10.120000000000005,0.0,30,los actos de violencia de ninguno de los lados pueden contribuir para poder avanzar con el proceso político necesario para llegar a un acuerdo y por lo tanto deben rechazarse
30-03-04-p-168,I,TT,63,516.966,8.649999999999977,0.0,23,señor Presidente el países del Mediterráneo y del Oriente Medio se están enfrentando a una amplia gama de desafíos políticos económicos y sociales
30-03-04-p-168,I,TT,64,525.616,7.07000000000005,0.0,23,también esos países tiene un enorme potencial que si se llega a cumplir resultaría en beneficio para todos los pueblos de la región
30-03-04-p-168,I,TT,65,532.686,13.049999999999955,1.0,32,el progreso en todos los ámbitos económico comercio educación y democracia sociedad civil es una clave si las condiciones para una paz duradera y estabilidad en toda la región llegan a conseguirse
30-03-04-p-168,I,TT,66,545.736,9.580000000000041,0.0,32,la Unión Europea está compromitida para trabajar como buenos vecinos con los gobiernos y con los pueblos de la región para alcanzar este objetivo que es algo que nos interesa a todos
30-03-04-p-168,I,TT,67,555.316,1.2333129999999528,0.0,4,muchas gracias señor Presidente
30-03-04-p-169,I,ST,0,0.0,1.17,0.0,1,President
30-03-04-p-169,I,ST,1,1.17,5.74,0.0,14,may I first of all thank the Parliament for making time for this debate
30-03-04-p-169,I,ST,2,6.91,22.22,0.0,60,there are so many other things which I know the Parliament has to discuss but I think it's exceptionally important that today we should have the chance of discussing the Mediterranean and the Middle East because the directions that we set for our policies in this region in the coming months should be thoroughly discussed should be debated here
30-03-04-p-169,I,ST,3,29.13,18.99,0.0,40,they involve fundamental decisions on how we are going to develop our relationship with our neighbours and they involve fundamental decisions which will affect the whole relationship for the first part of this century between Europe and the Islamic world
30-03-04-p-169,I,ST,4,48.12,26.6,0.0,62,my friend and colleague from the Presidency has explained very clearly the principles in the interim report which was adopted by Foreign Ministers of the European Union last week and he's explained how through a series of intensive consultations with the region they will form the basis of a concrete work programme to be presented to the European Council in June
30-03-04-p-169,I,ST,5,74.72,6.1299999999999955,0.0,13,I would however like to underline that we are not starting from scratch
30-03-04-p-169,I,ST,6,80.85,9.66000000000001,0.0,24,rather we are building on a comprehensive partnership with the Mediterranean countries and a set of bilateral relations with the countries east of Jordan
30-03-04-p-169,I,ST,7,90.51,6.6299999999999955,0.0,14,we will continue to develop our partnership on the basis of these existing instruments
30-03-04-p-169,I,ST,8,97.14,5.260000000000005,0.0,14,I would add here that Europe is the most significant player in the region
30-03-04-p-169,I,ST,9,102.4,23.019999999999996,0.0,45,the Community now spends close to one billion a year in the region in promoting economic reforms sectoral reform institutional and political reform and in supporting sustainable development across the region including our specific funds for supporting the Palestinians and for the reconstruction of Iraq
30-03-04-p-169,I,ST,10,125.42,10.820000000000007,0.0,24,if one adds in the lending from the European Investment Bank it makes a total of about two point five billion euros a year
30-03-04-p-169,I,ST,11,136.24,7.439999999999998,0.0,19,what's more the European Union is the biggest trading partner for every country of the region except Jordan
30-03-04-p-169,I,ST,12,143.68,10.189999999999998,0.0,22,so with this level of involvement why has economic development and political reform been so slow to take off around the Mediterranean
30-03-04-p-169,I,ST,13,153.87,5.400000000000006,1.0,9,why is the human development gap still so great
30-03-04-p-169,I,ST,14,159.27,2.5900000000000034,0.0,6,I think the answer is twofold
30-03-04-p-169,I,ST,15,161.86,29.45999999999998,1.0,64,first of all our approach is a long-term one which bears fruit incrementally but I would venture that working on the basis of partnership consultation and ownership of the reform process by reformers in the region will give us more solid and sustainable results than any attempts to impose democracy from the outside whether through lectures or through the barrel of a gun
30-03-04-p-169,I,ST,16,191.32,14.340000000000003,0.0,27,but secondly and crucially it's important to remember that the Barcelona process was formulated in an atmosphere of optimism in the aftermath of the Oslo agreements
30-03-04-p-169,I,ST,17,205.66,28.610000000000014,1.0,59,stalemate in the peace process in the Middle East has time and again stymied progress on reform and recent events are another sad but powerful confirmation that as our report put it it will not be possible to build a common zone of peace prosperity and progress unless a just and lasting settlement of the conflict is in place
30-03-04-p-169,I,ST,18,234.27,18.629999999999995,1.0,45,once again and I'm afraid I've had to say this all too often in speeches in this Chamber once again we stand before the smoking ruins of the peace process and this at a time when we had had some hope of movement
30-03-04-p-169,I,ST,19,252.9,11.52000000000001,1.0,22,the cancelled Arab League Summit was expected to provide a positive impetus to the peace process by relaunching its Beirut peace initiative
30-03-04-p-169,I,ST,20,264.42,16.159999999999968,0.0,36,how I wonder and I guess this question comes to the front of the minds of many honourable Members how I wonder has Sheikh Yassin's assassination helped to improve the security of the Israeli people
30-03-04-p-169,I,ST,21,280.58,9.259999999999991,0.0,17,how has it contributed to even the stated goal of a peaceful and consensual withdrawal from Gaza
30-03-04-p-169,I,ST,22,289.84,9.620000000000005,1.0,21,I thought and I still hope that we'd already seen the worst of the atrocities carried out by suicide bombers
30-03-04-p-169,I,ST,23,299.46,5.270000000000039,0.0,10,but what we've witnessed lately is wickedness beyond imagination
30-03-04-p-169,I,ST,24,304.73,14.109999999999957,0.0,30,for example a frightened adolescent explosives strapped to his body told that he will go to heaven and is sent out to kill himself and others at a military checkpoint
30-03-04-p-169,I,ST,25,318.84,3.8800000000000523,0.0,7,it's despicable and it's cowardly
30-03-04-p-169,I,ST,26,322.72,16.439999999999998,0.0,29,what kind of world is it that we've created when twelve-year-olds are out on murder missions like that rather than playing football or doing their homework
30-03-04-p-169,I,ST,27,339.16,2.6299999999999955,0.0,5,and what are the circumstances
30-03-04-p-169,I,ST,28,341.79,8.310000000000002,0.0,13,what is the environment that creates this culture of death and murderous recrimination
30-03-04-p-169,I,ST,29,350.1,15.049999999999955,0.0,33,my broader point is that if we're serious about wanting reform in the Arab World then as the European Security Strategy states resolution of the Arab-Israeli conflict remains a strategic priority
30-03-04-p-169,I,ST,30,365.15,9.450000000000045,0.0,15,it's what philosophers in my judgment would call a necessary but not sufficient condition
30-03-04-p-169,I,ST,31,374.6,7.079999999999984,1.0,15,progress cannot be a pre-condition for confronting the challenges of reform nor vice versa
30-03-04-p-169,I,ST,32,381.68,11.339999999999975,0.0,23,but to attempt one without the other is in my view only too likely to prove a recipe for failure on both counts
30-03-04-p-169,I,ST,33,393.02,17.170000000000016,0.0,41,I regret then that the Arab League summit could not take place as planned not least because it was expected to adopt a common declaration on domestic reform which would have been an important staging post in developing our common agenda
30-03-04-p-169,I,ST,34,410.19,7.079999999999984,0.0,18,but working in this part of the world means almost by definition that one has to remain hopeful
30-03-04-p-169,I,ST,35,417.27,10.990000000000009,1.0,29,so I hope I hope that our Arab partners will be able to come together again soon and we are certainly prepared to do what we can to help
30-03-04-p-169,I,ST,36,428.26,14.490000000000009,0.0,37,and I believe that we now have a European Union position which we can take into consultations with the region with some confidence of generating new momentum in our relations with our Mediterranean and Middle Eastern neighbours
30-03-04-p-169,I,ST,37,442.75,14.069999999999993,1.0,28,and insofar as that's true we have a great deal of gratitude to the Irish Presidency for the creative work they have done both intellectually and diplomatically
30-03-04-p-169,I,ST,38,456.82,19.110000000000014,1.0,40,I also hope that our friends across the Atlantic are recognising that our long-term consensus-building approach does have some value based as it is on building common agendas that respect differences of approach in different countries and regions
30-03-04-p-169,I,ST,39,475.93,14.089999999999975,0.0,31,the Greater Middle East initiative from the United States generated controversy in the region mainly because the objectives appeared to have been set without any real consultation process with the region
30-03-04-p-169,I,ST,40,490.02,5.330000000000041,0.0,11,in the furor surrounding this few paid attention to the substance
30-03-04-p-169,I,ST,41,495.35,16.339999999999975,0.0,38,in content what they are suggesting could involve the development of American policy towards the region based on the kind of comprehensive and long-term engagement which we have been advocating and trying to implement for many years
30-03-04-p-169,I,ST,42,511.69,11.060000000000002,0.0,24,we will have much to talk about with officials in Washington if they're prepared to match this commitment with appropriate levels of resources
30-03-04-p-169,I,ST,43,522.75,9.360000000000014,0.0,21,time will tell but whatever the results the European Union should focus on developing its own strategic partnership with the region
30-03-04-p-169,I,ST,44,532.11,19.470000000000027,0.0,47,if we're successful I believe we can make a significant contribution to fighting terrorism in Europe and in the region one that is as important as the proposals to strengthen the European Union's internal security that I know will be discussed by the Parliament tomorrow
30-03-04-p-169,I,ST,45,551.58,19.25,0.0,45,it will take us another step down the road towards a central objective of the European Union's Security Strategy namely to promote a ring of well-governed countries on the borders of the Mediterranean with whom we can enjoy close and and cooperative relations
30-03-04-p-169,I,ST,46,570.83,4.309999999999945,0.0,13,I make one final point which builds on what I've just said
30-03-04-p-169,I,ST,47,575.14,39.24000000000001,0.0,78,we spent last Thursday and Friday in the Council discussing what this extraordinary circle of democracies in Europe can do to protect our way of life to protect our prosperity to protect our values to protect our belief in the rule of law and in civil liberties to protect the lives of our citizens what we can do in Europe to prevent more of the terrorist atrocities which have driven daggers into the hearts of many European families
30-03-04-p-169,I,ST,48,614.38,4.470000000000027,0.0,10,well there are many things we have to do internally
30-03-04-p-169,I,ST,49,618.85,4.919999999999959,0.0,16,there are many things we have to do in the areas of police and judicial cooperation
30-03-04-p-169,I,ST,50,623.77,16.07000000000005,1.0,37,I've got no doubt whatsoever myself that one of the most important things we have to do is to work more energetically more creatively day and night to try to bring peace to the Middle East
30-03-04-p-169,I,ST,51,639.84,23.49000000000001,1.0,50,the conflict doesn't justify anything any terrorist ever does and a number of terrorists and those who support terrorists use the plight of Palestinians use the position in the Middle East as a wicked justification for what they go out and do for the misery and mayhem they create
30-03-04-p-169,I,ST,52,663.33,1.5899999999999181,0.0,3,that is true
30-03-04-p-169,I,ST,53,664.92,3.07000000000005,0.0,10,it's also true that one should not appease terrorism
30-03-04-p-169,I,ST,54,667.99,5.159999999999968,0.0,13,it's true that there are important security aspects to deal with terrorism
30-03-04-p-169,I,ST,55,673.15,22.5,1.0,46,but I think we all all recognise as well that to bring peace to the Middle East would remove one of the causes of alienation in country after country which helps to provide a breeding ground for terrorism and for the murderous ideas which terrorists espouse
30-03-04-p-169,I,ST,56,695.65,20.790000000000077,1.0,51,so I hope that we will be able to work more enthusiastically more successfully to bring peace to the Middle East and the beneficiaries of that peace will not only be the people of Israel and the people of Palestine but the people of Europe and the wider world as well
30-03-04-p-169,I,TT,0,0.0,0.726,0.0,1,Presidente
30-03-04-p-169,I,TT,1,0.726,7.3,0.0,17,en primer lugar quiero dar las gracias al Parlamento por reservar tiempo para que haya este debate
30-03-04-p-169,I,TT,2,8.026,14.670000000000002,0.0,34,hay tantísimos otros asuntos asuntos pendientes que es de tal importancia que agradezco mucho el interés que presta el Parlamento a esta materia a saber el Oriente Próximo Oriente Medio y la cuenca mediterránea
30-03-04-p-169,I,TT,3,22.696,26.7,0.0,67,las directrices que marcan la política de la Unión de aquí a pocos meses tienen que ser debatidos ampliamente porque entrañan decisiones fundamentales sobre cómo vamos a poder hacer prosperar relaciones con nuestros vecinos y también entrañan y abarcan decisiones de primer grado que van a afectar toda la relación para la primera parte de este siglo que acaba de comenzar entre Europa y el mundo islámico
30-03-04-p-169,I,TT,4,49.396,7.609999999999999,0.0,16,el señor ministro de exteriores de la Presidencia ha explicado en su informe perliminar los principios
30-03-04-p-169,I,TT,5,57.006,19.58,0.0,53,este informe fue aprobado por los cancilleres de la Unión Europea la semana pasada y también ha explicado cómo mediante una serie de consultas muy intensas con países de la región van a plasmarse en un programa concreto de trabajo que se presentará al Consejo Europeo en junio con motivo de la cumbre
30-03-04-p-169,I,TT,6,76.586,2.3799999999999955,0.0,7,ahora bien quiero hacer hincapié en esto
30-03-04-p-169,I,TT,7,78.966,2.940000000000012,0.0,4,no empezamos de cero
30-03-04-p-169,I,TT,8,81.906,12.629999999999995,0.0,32,más bien nos pasamos en una asociación muy completa con los países mediterráneos y también contamos con una serie de relaciones bilaterales con los países al Oriente al este del río Jordán
30-03-04-p-169,I,TT,9,94.536,6.590000000000003,0.0,9,y seguiremos utilizando estos instrumentos para aumentar estas relaciones
30-03-04-p-169,I,TT,10,101.126,5.069999999999993,0.0,12,Europa sin duda es es la potencia más importante en la región
30-03-04-p-169,I,TT,11,106.196,19.86,0.0,48,dedicamos más de mil millones de euros al año para fomentar reformas económicas reformas de sectores de sectores así como reformas políticas e institucionales intentando aplicar principios de desarrollo sustentable en toda la región incluyendo fondos especiales para apoyar a los palestinos y para la reconstrucción de Iraq
30-03-04-p-169,I,TT,12,126.056,3.125000000000014,0.0,10,repito somos la potencia que más interviene en la zona
30-03-04-p-169,I,TT,13,129.181,10.625,0.0,35,si vemos las cifras del Banco Europeo de Inversiones todo se cifra junto con los empréstitos de este banco a dos mil quinientos millones de euros anuales repito empréstitos ante el beie BIE del BEI
30-03-04-p-169,I,TT,14,139.806,7.019999999999982,0.0,19,asimismo somos en la Unión el socio comercial más importante con todos los países de la región salvo Jordania
30-03-04-p-169,I,TT,15,146.826,9.629999999999995,0.0,16,con semejantes contactos económicos por qué las reformas políticas e institucionales son tan lentas al arrancar
30-03-04-p-169,I,TT,16,156.456,4.840000000000003,0.0,13,por qué este desfase en lo referente al desarrollo humano es tan enorme
30-03-04-p-169,I,TT,17,161.296,1.25,0.0,5,hay dos preguntas dos respuestas
30-03-04-p-169,I,TT,18,162.546,9.849999999999994,0.0,25,en primer lugar tenemos un planteamiento de abordaje con estos países a muy largo plazo que además poco a poco paulatinamente surtirá frutos rendirá frutos
30-03-04-p-169,I,TT,19,172.396,16.810000000000002,1.0,48,pero basándose en basándose en el principio de consulta de asociación y de de propiedad del proceso de reforma hecha por los reformadores de la región que hagan suya esta reforma esto dará resultados mucho más sustentables mucho mejor que cualquier intento de imponer la democracia desde fuera
30-03-04-p-169,I,TT,20,189.206,6.969999999999999,0.0,14,o bien sarmoneando pontificando simplemente utilizando el un fusil la punta de un fusil
30-03-04-p-169,I,TT,21,196.176,10.340000000000003,0.0,31,y sobre todo es muy importante que el proceso de Barcelona se articuló en un proceso en un momento en el que había mucho optimismo después de los acuerdos de Oslo
30-03-04-p-169,I,TT,22,206.516,3.1000000000000227,0.0,8,han cambiado han cambiado las tornas desde entonces
30-03-04-p-169,I,TT,23,209.616,6.809999999999974,0.0,20,el proceso está estancado ahora mismo y esto por supuesto ha ahogado las esperanzas de reforma y los ha asfixiado
30-03-04-p-169,I,TT,24,216.426,20.120000000000005,1.0,57,y asimismo hay una confirmación reciente aun más de este proceso tal y como queda plasmado y explicado en el informe con lo cual será imposible crear una zona común de paz prosperidad y progreso en la región a la luz de los recientes acontecimientos a menos que haya una resolución duradera del conflicto cuanto antes mejor
30-03-04-p-169,I,TT,25,236.546,12.530000000000001,1.0,29,de nuevo y me temo que lo digo y lo repito continuamente cuando hablo ante ante ustedes Señorías de nuevo estamos ante las ruinas humeantes del proceso de paz
30-03-04-p-169,I,TT,26,249.076,7.190000000000026,1.0,23,ya ha llegado el momento y es el momento precisamente ahora en que había de esperanza de que las cosas empezaran a moverse
30-03-04-p-169,I,TT,27,256.266,9.889999999999986,1.0,33,el Consejo la cumbre del Consejo de los países árabes iba a dar un ímpetu al proceso de paz moviendo poniendo en marcha de nuevo el proceso de iniciativa de paz de Beirut
30-03-04-p-169,I,TT,28,266.156,1.4399999999999977,0.0,1,cómo
30-03-04-p-169,I,TT,29,267.596,2.339999999999975,0.0,13,me pregunto y esta pregunta no soy el único que se la plantea
30-03-04-p-169,I,TT,30,269.936,9.260000000000048,0.0,14,cómo es posible y esta pregunta está en en primerísima atención de muchísimo parlamentarios
30-03-04-p-169,I,TT,31,279.196,4.199999999999989,0.0,13,cómo el asesinato del Jeque Yasin ha mejorado la seguridad de los israelíes
30-03-04-p-169,I,TT,32,283.396,11.125,0.0,25,cómo ha servido para cumplir la meta la meta que se había ya formulado de una retirada gradual y paulatina de la Franja de Gaza
30-03-04-p-169,I,TT,33,294.521,6.5849999999999795,0.0,15,espero que hayamos visto ya lo peor de las atrocidades hechas por los kamikazes suicidas
30-03-04-p-169,I,TT,34,301.106,2.2200000000000273,0.0,8,espero que esto ya no no se repite
30-03-04-p-169,I,TT,35,303.326,0.6399999999999864,0.0,4,pero qué ha pasado
30-03-04-p-169,I,TT,36,303.966,3.8700000000000045,0.0,12,hemos visto una debilidad que que desafía a la más potente imaginación
30-03-04-p-169,I,TT,37,307.836,8.039999999999964,0.0,19,por ejemplo un adolescente asustado que tiene un cinturón de explosivos en su cintura dijo que iría al cielo
30-03-04-p-169,I,TT,38,315.876,6.710000000000036,0.0,21,estaba dispuesto a matarse matarse a él y otros en un un puesto de un puesto de policía de control militar
30-03-04-p-169,I,TT,39,322.586,2.3999999999999773,0.0,5,es algo cobarde y despreciable
30-03-04-p-169,I,TT,40,324.986,3.6200000000000045,0.0,10,esto desde luego no hay imaginación que abarque estos actos
30-03-04-p-169,I,TT,41,328.606,12.29000000000002,0.0,33,en qué mundo vivimos que se produzcan estos hechos cuando chicos de doce años hacen misiones suicidas como esta en vez de no sé hacer las tareas al colegio o jugar al fútbol
30-03-04-p-169,I,TT,42,340.896,11.560000000000002,0.0,25,y qué circunstancias han impedido a estas personas en qué entorno qué entorno ha creado esta cultura de muerte y de venganza y represalias asesinas
30-03-04-p-169,I,TT,43,352.456,16.609999999999957,0.0,39,a ver si queremos de verdad reformas en el mundo árabe y aquí el punto cardenal de mi alocución haría falta como dice la estrategia europea que primero se resolviera el conflicto israelí palestino que es una prioridad estratégica
30-03-04-p-169,I,TT,44,369.066,5.930000000000007,0.0,10,los filósofos llamarían esto una condición necesaria pero no suficiente
30-03-04-p-169,I,TT,45,374.996,1.045000000000016,0.0,4,así lo defino yo
30-03-04-p-169,I,TT,46,376.041,5.144999999999982,1.0,17,el progreso no puede ser un requisito para hacer frente a los retos que plantea la reforma
30-03-04-p-169,I,TT,47,381.186,2.7800000000000296,0.0,6,ni tampoco viceversa sin su contrario
30-03-04-p-169,I,TT,48,383.966,9.889999999999986,-1.0,24,intentar una cosa dejando de al lado la otra estimo que es seguramente será una receta que nos abocará al fracaso en ambos empeños
30-03-04-p-169,I,TT,49,393.856,18.569999999999993,0.0,41,lamento que la cumbre de la liga árabe en Túnez no se pudiera producir sobre todo porque iba a porbar una declaración común sobre reformes internas que hubiera sido un punto un trampolín importante para desarrollar los puntos de nuestro programa
30-03-04-p-169,I,TT,50,412.426,6.490000000000009,0.0,22,pero trabajando en esta parte del mundo casi por definición ontológica es que hace falta siempre mantener viva la llama del optimismo
30-03-04-p-169,I,TT,51,418.916,7.074999999999989,0.0,18,con lo cual espero espero que nuestros socios árabes estén en condiciones de poder reunirse cuanto antes mejor
30-03-04-p-169,I,TT,52,425.991,19.16500000000002,0.0,62,y estamos dispuestos a hacer lo que les haga falta de nuestra parte para que sea posible y también estoy convencido que ahora tenemos una postura clara de la Unión Europea que podemos consultar con los países de la región con cierta confianza de imprimir un nuevo ritmo a nuestras relaciones con los países del Oriente Medio y de la cuenca mediterránea
30-03-04-p-169,I,TT,53,445.156,13.639999999999986,0.0,41,y siempre y cuando esto sea verdad y así lo espero debemos una deuda de gratitud a nuestra Presidencia irlandesa por la labor tan creadora que ha hecho a través de una labor intelectual y diplomática que ha hecho esto posible
30-03-04-p-169,I,TT,54,458.796,19.090000000000032,0.0,47,también espero que los amigos en la otra orilla del Atlántico se den cuenta que un planteamiento basado en la construcción a largo plazo de un consenso tiene mucho valor y arrojará resultados para construir programas comunes que respeten diferentes opiniones según los diferentes países y regiones
30-03-04-p-169,I,TT,55,477.886,14.479999999999961,0.0,40,la gran iniciativa que hizo Estados Unidos con respecto a Oriente Medio creó mucha controversia en la región mucha polémica porque los objetivos parecía que habían sido fijados de antemano sin consultar a las partes interesadas países de la región
30-03-04-p-169,I,TT,56,492.366,5.5,0.0,14,en la indignación subsiguiente poco se ha hablado del fondo de esta propuesta estadounidense
30-03-04-p-169,I,TT,57,497.866,2.3100000000000023,0.0,5,el contenido era lo siguiente
30-03-04-p-169,I,TT,58,500.176,15.180000000000007,0.0,44,el desarrollo de una política estadounidense diferente de cara a la región basada en una especie de compromiso completo y a largo plazo por el que siempre hemos abogado y hemos intentado aplicar durante muchos años aquí en Europa se anidaban con nuestras posturas
30-03-04-p-169,I,TT,59,515.356,10.759999999999991,0.0,31,hemos hablado mucho con funcionarios de la cancillería de Estados Unidos para ver si esto desde luego lo puedan aunar con un nivel apropiado de recursos a parte de buenas intenciones
30-03-04-p-169,I,TT,60,526.116,1.7899999999999636,0.0,4,lo dirá el tiempo
30-03-04-p-169,I,TT,61,527.906,6.710000000000036,0.0,19,ahora bien pase lo que pase la la Unión Europea debe construir su propia alianza estratégica con la región
30-03-04-p-169,I,TT,62,534.616,7.840000000000032,-1.0,24,si lo hacemos bien y lo culminamos podremos aportar muchísimo en pro de la lucha contra el terrorismo en Europa y en la región
30-03-04-p-169,I,TT,63,542.456,6.649999999999977,0.0,18,lo que es importante las propuestas deben robustecer hacer más fuerte la seguridad interna de la Unión Europea
30-03-04-p-169,I,TT,64,549.106,4.57000000000005,0.0,14,creo que será un punto que el Parlamento va a tratar mañana tengo entendido
30-03-04-p-169,I,TT,65,553.676,19.309999999999945,0.0,45,también nos llevaría más cerca del objetivo fundamental al núcleo que es la estrategia de seguridad de la Unión Europea a saber fomentar una cadena de países bien gobernados países limítrofes en la cuenca mediterránea con la que tengamos relaciones estrechas y plenas de cooperación
30-03-04-p-169,I,TT,66,572.986,6.029999999999973,0.0,11,y termino termino basándose basándome en lo anterior en lo antedicho
30-03-04-p-169,I,TT,67,579.016,11.065000000000055,0.0,32,el jueves y viernes de la semana pasada en el Consejo hablamos bastante de lo que va a pasar de lo que ha sucedido con este círculo extraordinario de círculos en Europa
30-03-04-p-169,I,TT,68,590.081,12.235000000000014,0.0,33,y qué podemos hacer nosotros para proteger nuestra forma de vida nuestra riqueza prosperidad nuestros valores para proteger nuestra creencia en libertades cívicas imperio de la ley y la vida de los ciudadanos
30-03-04-p-169,I,TT,69,602.316,14.399999999999977,0.0,35,qué podemos hacer este círculo de democracias para evitar más atrocidades terroristas como las que han sucedido recientemente y que son dagas que de hincan en tantísimas europeas en los corazones de tantas familias europeas
30-03-04-p-169,I,TT,70,616.716,2.8600000000000136,0.0,7,hay muchas cosas que podemos hacer internamente
30-03-04-p-169,I,TT,71,619.576,2.6299999999999955,0.0,10,hay muchas cosas que tenemos que hacer fuera de Europa
30-03-04-p-169,I,TT,72,622.206,3.909999999999968,0.0,9,hablo de la cooperación policial cooperación entre jueces etcétera
30-03-04-p-169,I,TT,73,626.116,14.914999999999964,1.0,38,ahora no tengo ninguna duda que una de las cosas más fundamentales que tenemos que hacer es trabajar con más energía con más tesón con más creatividad día y noche sin cejar para aportar paz a Oriente Medio
30-03-04-p-169,I,TT,74,641.031,7.94500000000005,0.0,19,el conflicto no justifica ni mucho menos cualquier tipo de atrocidad terrorista sea cual sea del signo que sea
30-03-04-p-169,I,TT,75,648.976,17.360000000000014,-1.0,41,y del número de terroristas o aquellos que los apoyan utilizan precisamente el problema palestino y sus penalidades como una justificación torcida y malvada de por qué van a hacer esto y siguen matando gente creando atrocidades consternación dolor y muerte
30-03-04-p-169,I,TT,76,666.336,4.490000000000009,0.0,10,también es cierto que no podemos apaciguar a los terroristas
30-03-04-p-169,I,TT,77,670.826,4.2999999999999545,0.0,13,hay aspectos importantísimos que se vinculan a la seguridad para tratar con terroristas
30-03-04-p-169,I,TT,78,675.126,2.050000000000068,0.0,5,no podemos apaciguarles o tranquilizarles
30-03-04-p-169,I,TT,79,677.176,20.719999999999914,1.0,57,démonos cuenta de que para aportar paz a Oriente Medio eliminaría una de las causas fudamentales de la anihilación que sienten los países uno tras otro de la región y esto al mismo tiempo es un caldo de cultivo para terroristas y para las ideas asesinas que animan a los terroristas y que propagan en sus actos
30-03-04-p-169,I,TT,80,697.896,18.5,1.0,57,espero que estaremos en condiciones de trabajar de colaborar con más entusiasmo con más tesón y con más resultados para aportar paz a Oriente Medio y los beneficiarios de la paz no sólamente van a ser las personas de Israel y de Palestina sino también los pueblos de Europa y de todo el mundo en su conjunto
30-03-04-p-169,I,TT,81,716.396,0.7305310000000418,0.0,2,muchas gracias
30-03-04-p-170,I,ST,0,0.0,21.64,0.0,55,perhaps it might be useful for me to point out to colleagues in the House that as I did last week to the Conference of Presidents that this day last week in Athens we successfully co-launched a partnership the Euro-Mediterranean Parliamentary Assembly the long-term perspective mentioned in both of the speeches today
30-03-04-p-170,I,ST,1,21.64,13.839999999999996,0.0,37,a partnership two hundred and forty Members of Parliament one hundred and twenty from the partner states and the southern shore of the Mediterranean one hundred and twenty from the EU national parliaments and the European Parliament
30-03-04-p-170,I,ST,2,35.48,21.880000000000003,0.0,50,we've established there also still to fill in the personnel but the outline of the bureaus and who should be on them of three working committees which will prepare future Parliamentary assembly work a Political Affairs Committee an Economic Affairs Committee and a Social Affairs and Cultural Exchange Committee
30-03-04-p-170,I,ST,3,57.36,6.299999999999997,1.0,15,I think it is an important parliamentary aspect and a good platform to build on
30-03-04-p-170,I,ST,4,63.66,14.510000000000005,0.0,32,unfortunately the timing was such because both of the speakers here today Council and Commission were tied up through the General Affairs and External Relations Council in Brussels preparing the summit meeting
30-03-04-p-170,I,ST,5,78.17,7.260000000000005,0.0,13,both institutions acknowledged the launch of this Assembly and both wished it well
30-03-04-p-170,I,ST,6,85.43,18.539999999999992,0.0,46,we need as a Parliament to make sure in timing and in future that we do it at a time when the Council and the Commission can participate because I believe the parliamentary part is and can be an invaluable long-term development and communications platform
30-03-04-p-170,I,ST,7,103.97,7.989999999999995,0.0,18,we come now to the political groups spokesmen beginning on behalf of EPP-ED group with Monsieur Morrillon
30-03-04-p-170,I,TT,0,0.0,10.056,0.0,23,quizás tendría que señalarles a los colegas en la Cámara que como ya hice en la conferencia de presidentes de la semana pasada
30-03-04-p-170,I,TT,1,10.056,15.230000000000002,0.0,36,en Atenas la semana pasada al final lanzamos un partenariado euromediterráneo a través de la asamblea parlamentaria y se basa en esas perspectivas del futuro que han sido mencionadas en los dos discursos de esta tarde
30-03-04-p-170,I,TT,2,25.286,14.809999999999995,0.0,29,un partenariado de doscientos cuarenta diputados cientoveinte de los estados socios y también de los países de la zona euromediterránea y también miembros cientoveinte de los parlamentos nacionales europeos
30-03-04-p-170,I,TT,3,40.096,21.370000000000005,1.0,52,también bueno también tenemos que tener el personal pero también hablamos de las mesas y quien tiene que trabajar en los tres comités de trabajo para que esa asamblea parlamentaria pueda funcionar en el futuro también a nivel de asuntos exteriores e internos y también a nivel de comisión de intercambios culturales
30-03-04-p-170,I,TT,4,61.466,5.880000000000003,0.0,15,yo creo que aquí tenemos aspectos parlamentarios importantes y una buena plataforma para seguir trabajando
30-03-04-p-170,I,TT,5,67.346,13.780000000000001,1.0,33,desgraciadamente pues bueno el calendario porque bueno los dos oradores que han estado aquí en nombre de la Comisión y del Consejo pues tenían pues el compromiso del Consejo de Exteriores de Bruselas
30-03-04-p-170,I,TT,6,81.126,4.269999999999996,0.0,14,pues como digo las dos instituciones pues reconocieron que tenían que lanzar todo esto
30-03-04-p-170,I,TT,7,85.396,4.079999999999998,0.0,12,había pruebas de calendario pero los dos desearon que eso se hiciera
30-03-04-p-170,I,TT,8,89.476,18.480000000000004,0.0,61,nosotros como Parlamento Europeo queremos que en el futuro se trabaje en esta línea trabajar tanto con el Consejo como con la Comisión para que todos podamos participar porque yo creo que el Parlamento también tiene un papel que jugar un papel que puede ser muy valioso también de cara al futuro en el marco también de esa plataforma de comunicación
30-03-04-p-170,I,TT,9,107.956,6.9354999999999905,0.0,22,ahora vamos a empezar con los grupos políticos y vamos a dar la palabra en nombre del PPE DE al Señor Morillon
30-03-04-p-185,I,ST,0,0.0,1.5,0.0,3,thank you Chairman
30-03-04-p-185,I,ST,1,1.5,4.01,0.0,10,the best conflict prevention measure is respect for human rights
30-03-04-p-185,I,ST,2,5.51,4.67,0.0,11,unfortunately Sharon does not even remotely live up to this respect
30-03-04-p-185,I,ST,3,10.18,10.5,1.0,21,it is detriment to every peace effort that the international community is de facto allowing Sharon constantly to violate international rules
30-03-04-p-185,I,ST,4,20.68,2.3099999999999987,0.0,6,to condemn Israel is not enough
30-03-04-p-185,I,ST,5,22.99,2.0700000000000003,0.0,5,measures need to be taken
30-03-04-p-185,I,ST,6,25.06,3.8200000000000003,0.0,9,the EU could begin by suspending the trade agreements
30-03-04-p-185,I,ST,7,28.88,14.760000000000002,-1.0,29,clearly Israel is entitled to protect its citizens against terror attacks but Sharon's persisting violations of human rights including extrajudicial killing is not protecting but endangering its citizens
30-03-04-p-185,I,ST,8,43.64,2.4099999999999966,0.0,6,it is contrary to international law
30-03-04-p-185,I,ST,9,46.05,8.25,-1.0,21,it totally undermines the very concept of the rule of law which is a key element in the fight against terrorism
30-03-04-p-185,I,ST,10,54.3,13.680000000000007,0.0,30,Israel could easily arrest suspected terrorists instead of killing innocent by-passers of whom many are women and children in fact using exactly the same despicable means as suicide bombers
30-03-04-p-185,I,ST,11,67.98,10.579999999999998,0.0,22,the Palestinian Authority cannot stop suicide bombings when Israel deliberately fuels everything that leads to them thus sharing the responsibility for them
30-03-04-p-185,I,ST,12,78.56,12.89,0.0,27,also in many cases Israel has used extrajudicial killings against exactly those Palestinian leaders who have been strong advocates for peace and for stopping the suicide bombings
30-03-04-p-185,I,ST,13,91.45,9.799999999999997,0.0,23,Sharon's state terrorism is no substitute for political negotiations such as the Geneva Accord and the Roadmap which Israel is now abandoning
30-03-04-p-185,I,ST,14,101.25,0.75,0.0,2,thank you
30-03-04-p-185,I,TT,0,0.0,4.056,0.0,3,gracias señor Presidente
30-03-04-p-185,I,TT,1,4.056,4.829999999999999,0.0,14,las mejores formas de prevenir los conflictos es el respeto de los derechos humanos
30-03-04-p-185,I,TT,2,8.886,2.3100000000000005,0.0,6,Sharon pues no cumple con esto
30-03-04-p-185,I,TT,3,11.196,12.840000000000002,1.0,23,esto es negativo para cualquier esfuerzo de paz que la comunidad internacional quiera hacer porque Sharon viola de forma constante las normas internacionales
30-03-04-p-185,I,TT,4,24.036,0.9100000000000001,0.0,4,esto no es suficiente
30-03-04-p-185,I,TT,5,24.946,1.2049999999999983,0.0,6,tenemos que actuar por lo tanto
30-03-04-p-185,I,TT,6,26.151,4.934999999999999,0.0,11,la Unión Europea podría empezar suspendiendo los acuerdos comerciales con Israel
30-03-04-p-185,I,TT,7,31.086,11.14,0.0,28,Israel está claro que tiene que proteger a sus ciudadanos frente a ataques terroristas pero las violaciones persisten de Sharon de los derechos humanos también con asesinados extrajudiciales
30-03-04-p-185,I,TT,8,42.226,2.539999999999999,-1.0,11,lo que están haciendo es poner en peligro a sus ciudadanos
30-03-04-p-185,I,TT,9,44.766,10.29,0.0,21,esto va en contra del derecho internacional socavando el estado de derecho una norma clave en la lucha contra el terrorismo
30-03-04-p-185,I,TT,10,55.056,10.39,0.0,19,Israel fácilmente podría detener a estos posibles terroristas en lugar de contribuir a los asesinatos de mujeres y niños
30-03-04-p-185,I,TT,11,65.446,4.200000000000003,0.0,8,podría utilizar los mismos medios que estos terroristas
30-03-04-p-185,I,TT,12,69.646,12.5,0.0,27,las Autoridades Palestinas pues no pueden frenar estos asesinatos sucedidos cuando al final los recursos que tiene cada vez son menores y así también son sus responsabilidades
30-03-04-p-185,I,TT,13,82.146,12.469999999999999,0.0,26,en muchos casos Israel ha utilizado asesinatos extrajudiciales contra líderes palestinos que han defendido la paz y que han intentado a frenar a esos terroristas suicidas
30-03-04-p-185,I,TT,14,94.616,3.3299999999999983,0.0,5,ahora Sharon plantea decisiones políticas
30-03-04-p-185,I,TT,15,97.946,4.660313000000002,1.0,15,se habla del acuerdo de Ginebra y el itinerario a lo que se está abandonando
30-03-04-p-186,I,ST,0,0.0,18.88,1.0,45,it's the spiritual home of the three great revealed religions of the world but sadly also the inspiration as well for those misguided few who invoke Islam as a justification for terrorist killings by invoking in particular the bloodthirsty traditions of Salafism and Wahhabism
30-03-04-p-186,I,ST,1,18.88,7.760000000000002,0.0,30,the Middle East is a source of vital oil supplies to the West and the location of one of the longest and bloodiest disputes between the Arab world and Israel
30-03-04-p-186,I,ST,2,26.64,8.189999999999998,0.0,26,it is also the location of some of the most ruthless regimes ranging from the Saddam old's old Iraq to the current government of Iran
30-03-04-p-186,I,ST,3,34.83,5.109999999999999,0.0,12,Saudi Arabia is also brutal in its decapitations for misdemeanours like alcoholism
30-03-04-p-186,I,ST,4,39.94,5.6200000000000045,0.0,16,the Middle East is a source of many of the EU's refugees particularly from Kurdistan
30-03-04-p-186,I,ST,5,45.56,8.71,0.0,27,and of course if we allow Turkey into the EU the EU's borders will stretch into the Middle East to face Syria Iraq and Iran directly
30-03-04-p-186,I,ST,6,54.27,15.68,1.0,43,therefore stabilising this region in peace democracy good governance with the rule of law and respect for human rights is essential to the EU's interests as well as the long suffering people there who have suffered under tyrannical governments for so long
30-03-04-p-186,I,ST,7,69.95,10.709999999999994,1.0,32,that's why I support the roadmap for peace for a two-state solution in the in in in Israel and in Palestine for a democratic Palestine alongside the State of Israel
30-03-04-p-186,I,ST,8,80.66,18.620000000000005,-1.0,53,but also I remain critical of the fact that the EU money which was given in direct budgetary assistance without adequate safeguards to prevent diversion of funds to corrupt practice and possibly even terrorism in a theatre of war and and in a zone where such practice is commonplace I believe was wrong
30-03-04-p-186,I,ST,9,99.28,6.890000000000001,0.0,16,tomorrow the Parliament's Working Group looking at this will regrettably be publishing two separate reports
30-03-04-p-186,I,ST,10,106.17,14.86,1.0,42,of course I've always supported and continue to support the liberation of Iraq from Baathist tyranny and remain optimistic that eventually we will see a new Iraq emerge which will serve as a catalyst for democratic change elsewhere in the region
30-03-04-p-186,I,ST,11,121.03,11.370000000000005,1.0,31,lastly I hope to see more dialogue between moderate Muslim leaders and the EU's political classes if we are to avoid the much feared clash of civilisations as a scenario
30-03-04-p-186,I,ST,12,132.4,1.1599999999999966,0.0,2,thank you
30-03-04-p-186,I,TT,0,0.0,17.656,0.0,42,el hogar espiritual de de las tres grandes religiones del mundo está en esa zona pero desgraciadamente es también la inspiración para aquellos pocos que invocan el Islam como justificación para las matanzas terroristas invocando sobre todo las tradiciones sangrientas del Salafismo
30-03-04-p-186,I,TT,1,17.656,8.950000000000003,0.0,23,el Oriente Medio es una fuente vital de suministro de petróleo para Occidente y una de las fuentes de conflictos sangrientos más largas
30-03-04-p-186,I,TT,2,26.606,8.629999999999995,0.0,23,y también es el lugar de uno de los regímenes más terribles desde el antiguo Iraq de Saddam hasta el Iran de hoy
30-03-04-p-186,I,TT,3,35.236,7.880000000000003,0.0,12,también Arabia Saudí es terrible sus decapitaciones por pequeños delitos como alcoholismo
30-03-04-p-186,I,TT,4,43.116,10.899999999999999,0.0,29,también el Kurdistán y si permitimos que Turquía entre en la Unión las fronteras de la Unión van a llegar a Oriente Medio directamente a Siria Iran e Iraq
30-03-04-p-186,I,TT,5,54.016,15.119999999999997,1.0,50,estabilizar esta región en paz democracia y buen gobierno con el estado de derecho y el respeto de los derechos humanos es fundamental para los intereses de la Unión al igual que para los pueblos que sufren desde hace tiempo y que han sufrido de los gobiernos tiránicos tanto tiempo
30-03-04-p-186,I,TT,6,69.136,10.77000000000001,1.0,31,es por eso que apoyo el mapa de ruta que prevé una solución con dos Estados en Israel y en Palestina para una Palestina democrática conjuntamente con el Estado de Israel
30-03-04-p-186,I,TT,7,79.906,18.39999999999999,-1.0,54,pero sigo siendo crítico del hecho de que la Unión utiliza dinero que fue aportado directamente y sin las garantías necesarias para evitar que se utilizaran en prácticas corruptas y posiblemente incluso al terrorismo en un teatro de guerra en una zona en dónde estas prácticas son usuales creo que ha sido un error
30-03-04-p-186,I,TT,8,98.306,6.3700000000000045,0.0,20,mañana el grupo de trabajo al Parlamento va a estudiar esto y va a publicar desgraciadamente dos informes por separado
30-03-04-p-186,I,TT,9,104.676,15.14,0.0,41,claro que sempre he apoyado permanentemente la liberación de Iraq de la tiranía del partido de los baathistas pero vamos quizás a ver el surgimiento del nuevo Iraq servirá de catalizador para el cambio democrático en otra parte de la región
30-03-04-p-186,I,TT,10,119.816,11.829999999999984,0.0,26,finalmente espero ver más diálogo entre los musulmanes y sus líderes más moderados si queremos evitar ese choque tan temido de las civilizaciones como posible escenario
30-03-04-p-186,I,TT,11,131.646,0.4475940000000094,0.0,1,gracias
30-03-04-p-191,I,ST,0,0.0,1.1,0.0,3,thank you Chairman
30-03-04-p-191,I,ST,1,1.1,14.07,0.0,29,the the assassination of the the Hamas chief had one effect which was that the Arab League Summit which was to have taken place yesterday and today was cancelled
30-03-04-p-191,I,ST,2,15.17,15.97,0.0,44,this is a tragedy because that summit was to have considered a number of proposals for reform in the Arab region and I want to focus on this question of reform because that I believe is fundamental to our security in the European Union
30-03-04-p-191,I,ST,3,31.14,8.54,1.0,25,the Irish Foreign Minister spoke about the Arab-Israeli conflict and he also spoke about the evolution of democracy and civil society in these lands
30-03-04-p-191,I,ST,4,39.68,1.8100000000000023,0.0,7,my question is what can we do
30-03-04-p-191,I,ST,5,41.49,13.25,0.0,28,and well Commissioner Patten spoke about the Barcelona Process a highly desirable process certainly established a long time before the Americans idea of a greater Middle East process
30-03-04-p-191,I,ST,6,54.74,5.989999999999995,0.0,16,but actually it is not having the sort of effect that I believe it should be
30-03-04-p-191,I,ST,7,60.73,20.770000000000003,1.0,57,now as some of you may know I've spent some time in the the last few months as rapporteur on the democracy initiative going to the conference in Sanaa in Yemen going to Cairo Alexandria to Damascus to the Interparliamentary the Arab Parliamentary Union Conference to Athens last week with you Mr President and to Damascus
30-03-04-p-191,I,ST,8,81.5,13.760000000000005,1.0,33,this sort of democratic Odyssey is trying to establish one thing which is the appetite of the peoples of the Arab countries for democracy the rule of law civil society and so on
30-03-04-p-191,I,ST,9,95.26,3.719999999999999,0.0,8,we know what our foreign policy priority is
30-03-04-p-191,I,ST,10,98.98,1.6499999999999915,0.0,6,we know it is human rights
30-03-04-p-191,I,ST,11,100.63,3.4000000000000057,1.0,13,it is democracy the promotion of fundamental freedoms and the rule of law
30-03-04-p-191,I,ST,12,104.03,11.11,1.0,31,but in this arc of instability on our rim while the EU is spending seven hundred million plus in MEDA funds only seven million of that is being spent on democracy
30-03-04-p-191,I,ST,13,115.14,12.959999999999994,0.0,26,and I find myself briefly Mr President caught between the Scylla of bureaucratic obstructionism in the Council and the Charybdis of bureaucratic obstructionism in the Commission
30-03-04-p-191,I,ST,14,128.1,2.7600000000000193,0.0,6,we need a programme that works
30-03-04-p-191,I,ST,15,130.86,1.25,0.0,7,we have the means to do it
30-03-04-p-191,I,ST,16,132.11,2.3999999999999773,0.0,10,we have the will to do it in this Parliament
30-03-04-p-191,I,ST,17,134.51,4.760000000000019,0.0,12,the question is do the Commission and Council accept their political priorities
30-03-04-p-191,I,ST,18,139.27,6.739999999999981,0.0,22,now I address my remarks to two senior politicians who both occupy positions of responsibilities at a very sensitive time for Europe
30-03-04-p-191,I,ST,19,146.01,1.2300000000000182,0.0,4,thank you Mr President
30-03-04-p-191,I,TT,0,0.0,4.226,0.0,3,gracias señor Presidente
30-03-04-p-191,I,TT,1,4.226,12.46,0.0,24,el asesinato del jefe de Hamas tiene un efecto y es que la cumbre de árabe que tenía que celebrarse ayer ha sido cancelada
30-03-04-p-191,I,TT,2,16.686,7.699999999999999,0.0,21,y esto es una tragedia porque esa cumbre iba a hacer una serie de propuestas de reformas en la región árabe
30-03-04-p-191,I,TT,3,24.386,8.3,0.0,22,yo me quiero centrar en esta cuestión de reformas porque creo que esto es fundamental para nuestra seguridad en la Unión Europea
30-03-04-p-191,I,TT,4,32.686,8.229999999999997,1.0,24,el Ministro irlandés ha hablado del conflicto y también ha hablado de la evolución de la democracia y la sociedad civil de estos países
30-03-04-p-191,I,TT,5,40.916,3.6200000000000045,1.0,9,pero bueno mi pregunta es qué podemos hacer nosotros
30-03-04-p-191,I,TT,6,44.536,12.949999999999996,1.0,26,el Comisario Patten habló del proceso de Barcelona un proceso muy deseable sí pero bueno plantea mucho más tiempo que lo que plantean los americanos ahora
30-03-04-p-191,I,TT,7,57.486,4.050000000000004,0.0,9,pero no tiene el efecto que tendría que tener
30-03-04-p-191,I,TT,8,61.536,8.459999999999994,1.0,19,yo he pasado tiempo en los últimos meses trabajando en las en las iniciativas de democracia en Sanaa Yemen
30-03-04-p-191,I,TT,9,69.996,12.980000000000004,0.0,36,también he estado en Cairo Alejandría Damasco en el Principado y en la Unión Parlamentaria árabe en su conferencia también estuve con usted señor presidente en Atenas la semana pasada y también he estado en Damasco
30-03-04-p-191,I,TT,10,82.976,14.909999999999997,1.0,31,y este tipo de plataforma democrática está planteando a lo que es el interés de las personas de los países árabes para moverse hacia el estado de derecho la democracia etcétera
30-03-04-p-191,I,TT,11,97.886,2.740000000000009,0.0,8,sabemos cuales son estas prioridades de política exterior
30-03-04-p-191,I,TT,12,100.626,6.22999999999999,1.0,17,y sabemos que hablamos de la democracia las libertades fundamentales el estado de derecho derechos humanos etcétera
30-03-04-p-191,I,TT,13,106.856,10.719999999999999,1.0,34,pero en todo este marco la Unión Europea habla de unos gastos de sietecientos millones de euros de los fondos MEDA y sólamente la mitad de estos fondos se ha dedicado a la democracia
30-03-04-p-191,I,TT,14,117.576,13.090000000000003,0.0,34,y yo señor Presidente estoy aquí en una situación muy complicada porque por una parte tenemos la situación burocrática del Consejo y luego la Comisión está un poco entre la espada y la pared
30-03-04-p-191,I,TT,15,130.666,2.1100000000000136,0.0,5,pero necesitamos algo que funcione
30-03-04-p-191,I,TT,16,132.776,1.5600000000000023,0.0,3,tenemos la voluntad
30-03-04-p-191,I,TT,17,134.336,1.3599999999999852,0.0,3,tenemos los medios
30-03-04-p-191,I,TT,18,135.696,0.8300000000000125,0.0,5,los tenemos en el Parlamento
30-03-04-p-191,I,TT,19,136.526,11.881812999999994,1.0,43,pero la la pregunta es el Consejo y la Comisión pues están en sus prioridades porque bueno yo me dirijo aquí a políticos con más experiencia que tienen sus responsabilidades porque esta zona es una cuestión que es muy sensible para toda Europa
30-03-04-p-194,I,ST,0,0.0,1.36,0.0,3,thank you President
30-03-04-p-194,I,ST,1,1.36,6.21,0.0,10,I recently attended a conference in Beirut of Arab women
30-03-04-p-194,I,ST,2,7.57,4.6899999999999995,0.0,10,there were women there from twenty-two different Arab countries
30-03-04-p-194,I,ST,3,12.26,8.709999999999999,0.0,26,what struck me was of course they all speak a common language which gave them a unity that perhaps we still aspire to here in Europe
30-03-04-p-194,I,ST,4,20.97,14.46,0.0,33,but regardless of what they spoke about at that conference and they were highly educated sophisticated women all of them the issue of Palestine was mentioned by every single person at the conference
30-03-04-p-194,I,ST,5,35.43,9.060000000000002,0.0,15,clearly the issue of Palestine is a hugely unifying factor throughout all the Arab countries
30-03-04-p-194,I,ST,6,44.49,7.989999999999995,0.0,20,we in Ireland have learned tragically and dreadfully over a thirty-year period what it is to live with terrorism
30-03-04-p-194,I,ST,7,52.48,11.149977,1.0,32,we have also seen some of the bitterest enemies in the world take a leap of faith that led to peace in Northern Ireland to the great relief of all of us
30-03-04-p-194,I,ST,8,63.629977,4.030023,0.0,11,and Commissioner Patten clearly had his role in that as well
30-03-04-p-194,I,ST,9,67.66,24.14,0.0,63,but at the heart of that tragedy and I do not want to repeat many of the things colleagues have said here this afternoon we have to recognise that another generation of little people living in those squalid camps in Palestine who are growing up and the first game they play is throwing stones at soldiers just as they did in Northern Ireland
30-03-04-p-194,I,ST,10,91.8,9.769999999999996,0.0,33,and there's another generation of children on the other side of the border who are too terrified to go to school in case the bus they are riding in is blown up
30-03-04-p-194,I,ST,11,101.57,17.510000000000005,0.0,39,and these are the children who in twenty years from now will be the leaders and perhaps the victims and the suicide bombers are the are the the the people on the other side whatever they are doing then
30-03-04-p-194,I,ST,12,119.08,29.86,0.0,78,we all condemn unreservedly the dreadful events in both Palestine and in Israel but that leap of faith that moment in which as a friend of mine said we have to smile weakly and have a strong stomach and forget about the awful things that we've done to each other and start to try and address the dreadful issues in the Middle East which are central to practically every single major political issue in the world today
30-03-04-p-194,I,ST,13,148.94,1.139977000000016,0.0,3,thank you President
30-03-04-p-194,I,TT,0,0.0,2.806,0.0,3,gracias señor Presidente
30-03-04-p-194,I,TT,1,2.806,6.2700000000000005,0.0,12,yo hace poco estuve en una conferencia en Beirut de mujeres árabes
30-03-04-p-194,I,TT,2,9.076,4.07,0.0,8,ahí había mujeres de veintidós países árabes diferentes
30-03-04-p-194,I,TT,3,13.146,9.529999999999998,0.0,27,a mí lo que me sorprendió fue que todos hablaban un un mismo idioma y esto les daba una unidad que nosotros no tenemos aquí en Europa
30-03-04-p-194,I,TT,4,22.676,14.3,1.0,38,pero bueno al margen de la lengua y de qué hablaran en esa conferencia y bueno eran personas con mucha educación sofisticadas todas la cuestión de Palestina fue un tema que fue mencionado por todos en esa conferencia
30-03-04-p-194,I,TT,5,36.976,8.329999999999998,0.0,13,la cuestión de Palestina es un factor unificante entre todos los países árabes
30-03-04-p-194,I,TT,6,45.306,8.82,0.0,18,nosotros en Irlanda hemos aprendido de forma trágica durante treinta años lo que es vivir con el terrorismo
30-03-04-p-194,I,TT,7,54.126,11.43,1.0,21,también hemos visto pues algunos algunas personas que bueno que han hablado de cómo conseguir la paz en Irlanda para salvarnos
30-03-04-p-194,I,TT,8,65.556,4.079999999999998,0.0,11,el Comisario Patten tiene un papel que jugar en este sentido
30-03-04-p-194,I,TT,9,69.636,24.24000000000001,0.0,53,pero en el seno de la tragedia igual no quiero repetir lo que otros colegas ya han dicho aquí hay que reconocer que hay otra generación de personas que están viviendo en esos campos en Palestina y que están creciendo ahora y el primer juego que tienen es tirar piedras al ejército israelí
30-03-04-p-194,I,TT,10,93.876,1.6799999999999926,0.0,6,en Irlanda ha pasado algo así
30-03-04-p-194,I,TT,11,95.556,2.799999999999997,1.0,8,y bueno hay otra parte de la historia
30-03-04-p-194,I,TT,12,98.356,5.190000000000012,1.0,18,hay personas que bueno que tienen miedo a irse a la escuela porque bueno pueden sufrir un atentado
30-03-04-p-194,I,TT,13,103.546,10.919999999999987,0.0,24,ya hablamos de niños niños que dentro de veinte años van a ser los líderes y quizás también las víctimas de esos ataques suicidas
30-03-04-p-194,I,TT,14,114.466,31.480000000000004,0.0,58,todos condenamos sin ningún tipo de reservas lo que pasa en Israel y Palestina pero tenemos que llegar a un momento en el que tenemos que tener mucho estómago tenemos que sonreír y tenemos que olvidar lo que nos hemos hecho para tratar de empezar a ver los problemas tan trágigos trágicos trágicos que hay en Oriente Medio
30-03-04-p-194,I,TT,15,145.946,6.768281000000002,1.0,17,hablamos de cuestiones que bueno que son básicas para la política a nivel internacional en la actualidad
30-03-04-p-198,I,ST,0,0.0,1.04,0.0,2,thank you
30-03-04-p-198,I,ST,1,1.04,11.079999999999998,0.0,20,the assassination of Hamas leader Sheikh Ahmad Yassin and the seven other Palestinians was a clear breach of international law
30-03-04-p-198,I,ST,2,12.12,12.15,0.0,25,well I totally condemn all terrorism from whatever its source and I also call on Palestinians not to respond violently to this most recent provocation
30-03-04-p-198,I,ST,3,24.27,8.73,-1.0,22,if we are to begin to bring an end to this spiral of violence then someone has to take the first leap
30-03-04-p-198,I,ST,4,33.0,8.46,0.0,20,I abhor in particular the use of children as proxy bombers and the targeting of civilians by Palestinian terror groups
30-03-04-p-198,I,ST,5,41.46,9.759999999999998,1.0,26,the Government of Ariel Sharon has once again adopted bully-boy tactics which can only block the peace process and obstruct any chance for constructive negotiations
30-03-04-p-198,I,ST,6,51.22,18.349999999999994,0.0,34,the continuing occupation of Palestinian territory and the construction of the so-called security wall mostly on Palestinian territory is ghettoising Palestinians destroying their livelihoods imprisoning and impoverishing them and driving them to despair
30-03-04-p-198,I,ST,7,69.57,3.930000000000007,0.0,13,the European Union on the other hand has all carrot and no stick
30-03-04-p-198,I,ST,8,73.5,3.010000000000005,0.0,12,it's not that the European Union does not have a stick
30-03-04-p-198,I,ST,9,76.51,4.069999999999993,0.0,12,it simply refuses to even wave the stick never mind use it
30-03-04-p-198,I,ST,10,80.58,10.620000000000005,0.0,31,and I would call on the Commission and the Council to demand that Israel take immediate steps to comply with the human rights obligations it entered into in the Association Agreement
30-03-04-p-198,I,ST,11,91.2,7.959999999999994,0.0,24,it is not doing so and unless we take action to insist that they do we will reap a terrible harvest in the future
30-03-04-p-198,I,TT,0,0.0,1.616,0.0,2,gracias gracias
30-03-04-p-198,I,TT,1,1.616,10.72,1.0,17,el asesinato del Jeque Yassin y de otros siete palestinos fue una vulneración clara del derecho internacional
30-03-04-p-198,I,TT,2,12.336,12.92,-1.0,25,condeno por completo sin ambajes el terrorismo venga de donde venga y apelo a los palestinos para que no respondan con violencia a esta provocación
30-03-04-p-198,I,TT,3,25.256,8.07,-1.0,18,si queremos poner punto final a esta espiral de violencia y alguien tiene que dar el primer paso
30-03-04-p-198,I,TT,4,33.326,10.189999999999998,0.0,16,deploro el uso de niños como kamikazes asesinos con cinturones de explosivo para matar civiles inocentes
30-03-04-p-198,I,TT,5,43.516,9.240000000000002,0.0,20,el gobierno de Sharon ha utilizado la violencia y la arrogancia bloqueando la paz y la reconstrucción de las negociaciones
30-03-04-p-198,I,TT,6,52.756,18.129999999999995,0.0,45,la ocupación de territorios palestinos y la construcción de lo que llaman ellos el muro de seguridad en territorio palestino es convertirlos en habitantes de un gueto destruyendo su forma de vida su sustento económico y los llevan a la pobreza y a la desesperación
30-03-04-p-198,I,TT,7,70.886,7.260000000000005,0.0,12,la Unión Europea tiene mucho aliciente pero ningún tipo de palo fuerza
30-03-04-p-198,I,TT,8,78.146,3.8400000000000034,0.0,8,ni siquiera podemos blandir este bastón de fuerza
30-03-04-p-198,I,TT,9,81.986,1.2299999999999898,0.0,4,nos hagamos a ello
30-03-04-p-198,I,TT,10,83.216,10.450000000000003,1.0,29,y exhorto al Consejo y a la Comisión para que Israel cumpla de forma inmediata con las obligaciones de derechos humanos que suscribió al firmar el acuerdo de asociación
30-03-04-p-198,I,TT,11,93.666,6.079999999999998,0.0,20,y a y a menos que en vez de hablar hagamos algo más contundente cosecharemos algo terrible en el futuro
30-03-04-p-198,I,TT,12,99.746,0.5293120000000044,0.0,1,gracias
30-03-04-p-200,I,ST,0,0.0,1.33,0.0,4,thank you very much
30-03-04-p-200,I,ST,1,1.33,0.7599999999999998,0.0,5,I'll be very brief
30-03-04-p-200,I,ST,2,2.09,1.9100000000000001,0.0,8,I'd like to thank Members who participated
30-03-04-p-200,I,ST,3,4.0,2.0999999999999996,0.0,9,I think that this has been a useful discussion
30-03-04-p-200,I,ST,4,6.1,10.74,0.0,33,I think it has also made clear that there exists a fundamental consensus amongst us on the need for the European Union to exert maximum effort on the issues which have been raised
30-03-04-p-200,I,ST,5,16.84,5.530000000000001,0.0,21,we all agree that the European Union needs to raise the level of its engagement within the Union within the region
30-03-04-p-200,I,ST,6,22.37,9.39,0.0,24,I also agree I agree particularly with Members as to the importance of intensive consultation with the with the countries involved in the region
30-03-04-p-200,I,ST,7,31.76,7.379999999999999,0.0,22,the drive and the initiative to take at these challenges and to implement the necessary reforms must come from the region itself
30-03-04-p-200,I,ST,8,39.14,7.200000000000003,0.0,25,it's easy to be in despair when you see as we have seen there are horror heaped on horror misery on top of misery
30-03-04-p-200,I,ST,9,46.34,9.899999999999999,1.0,31,but the reality is the Union must be involved in pushing forward where it can to reach to try and create at least a space in which peace can be created
30-03-04-p-200,I,ST,10,56.24,5.589999999999996,0.0,20,the Union must work in partnership with the region to this end to help to meet all of these challenges
30-03-04-p-200,I,ST,11,61.83,8.829999999999998,0.0,27,a lasting and comprehensive settlement is set is set out in the in the Roadmap and the Roadmap is the only way that we can see forward
30-03-04-p-200,I,ST,12,70.66,9.780000000000001,0.0,28,I think the I I do not believe that the suspension it was mentioned that the suspension of the Association Agreement is a way forward in the region
30-03-04-p-200,I,ST,13,80.44,4.269976999999997,1.0,12,I I think that that discussion and pressure would produce some progress
30-03-04-p-200,I,ST,14,84.709977,11.540023000000005,0.0,33,in the interim report on the strategic partnership endorsed by the Council last week the European Union has set has has established a set of guiding principles for its engagement in the region
30-03-04-p-200,I,ST,15,96.25,8.189999999999998,0.0,24,the Presidency is committed to developing this strategic partnership on the basis of partnership and dialogue with all of the countries in the region
30-03-04-p-200,I,ST,16,104.44,6.1200000000000045,0.0,15,and once again I'd like to thank Members for their thoughtful and incisive contributions
30-03-04-p-200,I,ST,17,110.56,2.280000000000001,0.0,6,thank you very much Mr President
30-03-04-p-200,I,TT,0,0.0,1.946,0.0,3,seré muy breve
30-03-04-p-200,I,TT,1,1.946,1.82,0.0,4,gracias a los participantes
30-03-04-p-200,I,TT,2,3.766,12.44,0.0,29,ha sido un debate muy útil demonstrando que hay un consenso de base para que la Unión Europea haga lo máximo en lo los aspectos objeto de mi locución
30-03-04-p-200,I,TT,3,16.206,5.52,0.0,16,coincidimos en que la Unión tiene que mantener su compromiso en la región y su empeño
30-03-04-p-200,I,TT,4,21.726,7.630000000000003,0.0,19,también concuerdo con aquellos miembros en cuanto a la importancia de amplias consultas con los países de la región
30-03-04-p-200,I,TT,5,29.356,8.89,0.0,17,el acicate la fuerza motriz organizativa y aplicar las reformas precisas debe proceder de la misma región
30-03-04-p-200,I,TT,6,38.246,8.32,0.0,23,es fácil caer en la desesperación como hemos visto como hemos visto el horror la miseria una encima de otra que no paran
30-03-04-p-200,I,TT,7,46.566,15.489999999999995,1.0,31,pero la Unión tiene que impulsar donde pueda para intentar crear un espacio donde pueda prosperar la paz colaborando con los países de la región y para ello acometer estos retos
30-03-04-p-200,I,TT,8,62.056,7.5,0.0,25,haría falta también una solución duradera y completa del conflicto en esta hoja de ruta que es la única forma de acabar con este conflicto
30-03-04-p-200,I,TT,9,69.556,9.939999999999998,1.0,26,por eso no creo que la suspensión ya se ha dicho que la suspensión del acuerdo de asociación es una forma de avanzar en la región
30-03-04-p-200,I,TT,10,79.496,4.950000000000003,1.0,8,creo que esta presión quizás aportaría un progreso
30-03-04-p-200,I,TT,11,84.446,1.7000000000000028,0.0,3,no lo sé
30-03-04-p-200,I,TT,12,86.146,9.189999999999998,0.0,24,la iniciativa estratégica presentada por el Consejo la semana pasada afirma que se fijan unos principios y directrices para su intervención en la Unión
30-03-04-p-200,I,TT,13,95.336,7.960000000000008,0.0,21,la Presidencia está comprometida en crear una asociación estratégica basada en diálogo y asociación con todos los países de la región
30-03-04-p-200,I,TT,14,103.296,5.22999999999999,0.0,17,de nuevo gracias a todos por su participación y por tantas ideas como aquí se han vertido
30-03-04-p-200,I,TT,15,108.526,1.837438000000006,0.0,2,gracias Presidente
30-03-04-p-206,I,ST,0,0.0,2.01,0.0,6,thank you very much Mr President
30-03-04-p-206,I,ST,1,2.01,2.3600000000000003,0.0,4,Mr President Members Commissioner
30-03-04-p-206,I,ST,2,4.37,7.7,-1.0,22,I think we were all shocked at the eruption of ethnically motivated violence in Kosovo on the seventeenth and eighteenth of March
30-03-04-p-206,I,ST,3,12.07,6.18,0.0,15,the latest outbreaks resulted in death and injury and the displacement of three thousand people
30-03-04-p-206,I,ST,4,18.25,15.619999999999997,0.0,34,it also resulted in the destruction of places of worship hospitals schools and these were deliberately these these institutions were deliberately targeted in an attack on our shared vision of a multi-ethnic Kosovo
30-03-04-p-206,I,ST,5,33.87,7.910000000000004,0.0,21,with the situation in Kosovo while the situation in Kosovo has stabilised since the eighteenth of March it remains very tense
30-03-04-p-206,I,ST,6,41.78,6.479999999999997,-1.0,14,the KFOR international peacekeeping force has been strengthened significantly in response to the violence
30-03-04-p-206,I,ST,7,48.26,9.219999999999999,0.0,28,I would like to pay tribute to those to the efforts of all of those who worked hard to stabilise the situation and to restore calm in Kosovo
30-03-04-p-206,I,ST,8,57.48,8.869999999999997,0.0,29,I would also like to offer my condolences and those of the Council to all who have once again suffered loss of life injury or loss of loved ones
30-03-04-p-206,I,ST,9,66.35,17.510000000000005,-1.0,50,the General Affairs and External Relations Council on the twenty-second of March and again in the European Council on the twenty-fifth and twenty-sixth of March condemned the violence the loss of life the damage to property and the destruction of religious and the cultural heritage in Kosovo
30-03-04-p-206,I,ST,10,83.86,11.61,0.0,34,the full commitment of the European union to the development of a secure a democratic and a multi-ethnic Kosovo in line with Security Council Resolution twelve forty-four has been once again reaffirmed
30-03-04-p-206,I,ST,11,95.47,23.269999999999996,0.0,50,the European Union strongly supports the Special Representative of the United Nations Secretary-General in Kosovo Harri Holkeri and the UN mission in Kosovo and KFOR in their determined efforts to stabilise the situation and to ensure the full implementation of Security resolution of Security Council resolution twelve forty-four
30-03-04-p-206,I,ST,12,118.74,7.3700000000000045,1.0,19,I'd like to underscore the strong support of the Union for the UN policy of Standards before Status
30-03-04-p-206,I,ST,13,126.11,10.11,0.0,23,the policy that policy together with Security Council resolution twelve forty-four remains the foundation of the international community's commitment to Kosovo
30-03-04-p-206,I,ST,14,136.22,8.140000000000015,1.0,20,the European Union is considering how it can strengthen its role in support of the of the UN Standards policy
30-03-04-p-206,I,ST,15,144.36,8.799999999999983,1.0,20,the recent violent events have have risked undermining the painstakingly achieved progress that has that has been made to date
30-03-04-p-206,I,ST,16,153.16,8.840000000000003,-1.0,23,it is important now that we assert the primacy of politics in Kosovo and ensure there is no further descent into ethnic violence
30-03-04-p-206,I,ST,17,162.0,4.599999999999994,0.0,13,the explosion of sectarianism would be to the detriment of all in Kosovo
30-03-04-p-206,I,ST,18,166.6,13.969999999999999,0.0,42,it is clear that the future of the people of that country lies in the eventual integration of the countries of the Western Balkans into the European Union structures as agreed at the EU-Western Balkans summit in June of last year
30-03-04-p-206,I,ST,19,180.57,6.439999999999998,0.0,16,the implementation of the UN Standards before Status policy is the key to achieving that goal
30-03-04-p-206,I,ST,20,187.01,9.210000000000008,1.0,26,however the issue of final status in Kosovo can only be addressed once sufficient progress has been made on the implementation and the review of standards
30-03-04-p-206,I,ST,21,196.22,13.219999999999999,-1.0,28,despite the recent violence and the continuing tensions this will have to include the resumption of the process of dialogue on practical matters between Belgrade -brade and Pristina
30-03-04-p-206,I,ST,22,209.44,8.240000000000009,0.0,27,as this House is aware at the request of the General Affairs and External Relations Council High Representative Solana visited Kosovo on the twenty-fourth of March
30-03-04-p-206,I,ST,23,217.68,2.8400000000000034,0.0,7,Commissioner Patten accompanied him on the visit
30-03-04-p-206,I,ST,24,220.52,1.789999999999992,0.0,7,they took with them a clear message
30-03-04-p-206,I,ST,25,222.31,13.819999999999993,-1.0,34,political leaders in Kosovo especially the Kosovo Albanian leadership need to take responsibility for the situation and ensure that there is no repeat of ethnically motivated violence or of the threats of such violence
30-03-04-p-206,I,ST,26,236.13,3.7700000000000102,-1.0,10,those responsible for the violence must be brought to justice
30-03-04-p-206,I,ST,27,239.9,6.560000000000002,0.0,16,Kosovo's Provisional Institutions of Self-Government must demonstrate their commitment to a multi-ethnic Kosovo
30-03-04-p-206,I,ST,28,246.46,15.549999999999983,0.0,42,last week's European Council called on them to take an immediate step in this direction by allocating resources for the urgent reconstruction of damaged property including places of worship to ensure that internally displaced persons can return safely to their homes
30-03-04-p-206,I,ST,29,262.01,13.25,0.0,35,I welcome the allocation by the Provisional Institutions of five million euro to assist with reconstruction and the unanimous declaration of the Kosovo Assembly on twenty-sixth of March to condemn the the recent violence
30-03-04-p-206,I,ST,30,275.26,3.1999999999999886,1.0,9,welcome as they are however words are not enough
30-03-04-p-206,I,ST,31,278.46,9.379999999999995,0.0,28,it is time to see real efforts to reach across ethnic divisions so that a Kosovo in which all can live peaceably and and in security is created
30-03-04-p-206,I,ST,32,287.84,14.110000000000014,0.0,39,to this end political leaders in Kosovo must now work more closely with the UN mission in Kosovo and with KFOR for the protection of the rights of all sections of the population including members of the minority communities
30-03-04-p-206,I,ST,33,301.95,12.050000000000011,0.0,42,Mr President what has happened in Kosovo over the past few weeks is a reminder to us all of the importance of the role of the European Union that the European Union plays not just in Kosovo but in the wider region
30-03-04-p-206,I,ST,34,314.0,15.420000000000016,1.0,43,the European Union has taken the lead role in working with the countries of the of the Western Balkans to consolidate peace and stability in the region and to promote economic development and the respect for human rights and the rule of law
30-03-04-p-206,I,ST,35,329.42,11.919999999999959,1.0,30,European Union assistance in the region in support of those objectives will amount to four point six-five billion euro over the period two thousand to two thousand and six
30-03-04-p-206,I,ST,36,341.34,7.160000000000025,0.0,21,the Union including its Member States continues to be the most important source of funding for the international efforts in Kosovo
30-03-04-p-206,I,ST,37,348.5,6.850000000000023,0.0,15,moreover European Union Member States make the make the largest contributions of troops to KFOR
30-03-04-p-206,I,ST,38,355.35,6.949999999999989,0.0,18,the development of ever closer relationship relations with the Western Balkans is a priority for the European Union
30-03-04-p-206,I,ST,39,362.3,7.3700000000000045,1.0,22,since last year's Thessaloniki Summit the European Union and the countries of the Western Balkans have a shared agenda for progress
30-03-04-p-206,I,ST,40,369.67,15.029999999999973,0.0,37,the the objective of of eventual integration will be pursued through the Stabilisation and Association Process and through implementation of the series of agreements which brought to an end the tragic conflicts of the past thirteen years
30-03-04-p-206,I,ST,41,384.7,19.660000000000025,1.0,48,in the case of Kosovo the Stabilisation and Association Process tracking mechanism initiated by the European Commission in the spring of two thousand and three is designed to facilitate Kosovo's progress within the the Stabilisation and Association Process bringing Kosovo within the embrace of the European family
30-03-04-p-206,I,ST,42,404.36,10.579999999999984,0.0,21,our efforts to promote the European perspective of Kosovo and the UN UN policy of implementing standards are mutually reinforcing policies
30-03-04-p-206,I,ST,43,414.94,15.720000000000027,0.0,34,the Stabilisation and Association Process challenges the democratically elected governments of the region to adopt and to implement different difficult and wide-ranging economic and political reforms and to continue to strengthen regional cooperation
30-03-04-p-206,I,ST,44,430.66,13.149999999999977,1.0,35,the rate of progress of the countries in the region towards European European integration is to a great extent in their own hands although the European Union will support them very fully in this endeavour
30-03-04-p-206,I,ST,45,443.81,6.4599999999999795,0.0,14,both sides in the relationship made commitments at Thessaloniki which must be implemented fully
30-03-04-p-206,I,ST,46,450.27,5.509999999999991,-1.0,18,those responsible for the recent violence in Kosovo must be brought to justice as I have already said
30-03-04-p-206,I,ST,47,455.78,1.7300000000000182,0.0,7,there should be no wall of silence
30-03-04-p-206,I,ST,48,457.51,2.079999999999984,0.0,7,there should be no culture of impunity
30-03-04-p-206,I,ST,49,459.59,5.680000000000007,0.0,21,it is time to move forward from the hurt and the anger which has blighted Kosovo's politics for so long
30-03-04-p-206,I,ST,50,465.27,5.670000000000016,0.0,18,the path to take has been mapped out by the United Nations in its standards before status policy
30-03-04-p-206,I,ST,51,470.94,18.470000000000027,1.0,44,I would like to repeat the Council's support for the Special Representative Holkeri for his United Nations colleagues and for KFOR in their determination to stabilise the situation and to ensure the implementation of Security Security Council resolution twelve forty-four in full
30-03-04-p-206,I,ST,52,489.41,16.139999999999986,1.0,47,it is the responsibility of all but particularly it's the responsibility of Kosovo's leaders to support the work already in train to ensure a stable future for a secure a democratic a prosperous and a multi-ethnic Kosovo with its within its place in Europe
30-03-04-p-206,I,ST,53,505.55,4.259999999999991,0.0,13,the European Union is ready to help in the achievement of this goal
30-03-04-p-206,I,ST,54,509.81,3.849999999999966,0.0,17,it's up to people in Kosovo now to take up the offers that have been made
30-03-04-p-206,I,ST,55,513.66,1.7000000000000455,0.0,4,thank you Mr President
30-03-04-p-206,I,TT,0,0.0,3.046,0.0,3,gracias señor Presidente
30-03-04-p-206,I,TT,1,3.046,3.61,0.0,5,señor Presidente señor Comisario eurodiputados
30-03-04-p-206,I,TT,2,6.656,7.45,-1.0,20,yo creo que todos nos quedamos sorprendidos por la erupción de violencia étnica el diecisiete y el dieciocho de marzo
30-03-04-p-206,I,TT,3,14.106,21.629999999999995,0.0,40,los últimos brotes pues provocaron muerte daños y el desplazamiento de tres mil personas destruyendo pues hospitales lugares de culto escuelas y todas estas instituciones pues eran un blanco específico un ataque a los valores comunes para un Kosovo multiétnico
30-03-04-p-206,I,TT,4,35.736,8.040000000000006,0.0,17,la situación en Kosovo se ha estabilizado desde el dieciocho de marzo pero todavía sigue siendo tensa
30-03-04-p-206,I,TT,5,43.776,6.599999999999994,0.0,14,la fuerza de paz internacional de la KFOR pues ha respondido a esa violencia
30-03-04-p-206,I,TT,6,50.376,8.14,0.0,26,y yo quiero celebrar los esfuerzos de todas las personas que han trabajado tan fuerte para estabilizar la situación y para instaurar la calma en Kosovo
30-03-04-p-206,I,TT,7,58.516,9.839999999999996,0.0,21,también me gustaría ofrecer mis condolencias y las del Consejo a todos aquellos que han sufrido las perdidas de personas queridas
30-03-04-p-206,I,TT,8,68.356,17.03,-1.0,42,el Consejo de asuntos generales del veintidós de marzo y también el Consejo Europeo del veinticinco y veintiséis de marzo condenó la violencia las muertes los daños a la propriedad y la destrucción de de la herencia cultural y religiosa de Kosovo
30-03-04-p-206,I,TT,9,85.386,12.780000000000001,0.0,36,el compromiso total de la Unión Europea para el desarrollo de un Kosovo seguro democrático y multinétnico multiétnico en relación con la resolución del Consejo de Seguridad dos mil doscientos cincuenta y cuatro se ha reafirmado
30-03-04-p-206,I,TT,10,98.166,19.33,0.0,55,la Unión europea apoya totalmente el trabajo del representante especial de las Naciones Unidas en Kosovo el Señor Harri Holkeri y también el trabajo de la misión de las Naciones Unidas y de la KFOR para estabilizar la situación en el país y para asegurarnos que se aplica totalmente la resolución de seguridad del Consejo
30-03-04-p-206,I,TT,11,117.496,6.480000000000004,0.0,10,me refiero a la resolución mil doscientos cuarenta y cuatro
30-03-04-p-206,I,TT,12,123.976,6.780000000000001,0.0,12,tenemos que dar prioridad a una política de estándares antes que estatus
30-03-04-p-206,I,TT,13,130.756,10.655000000000001,0.0,28,tenemos para esto la resolución del Consejo de seguridad mil doscientos cuarenta y cuatro porque es el fundamento para crear y cumplir con los requisitos internacionales para Kosovo
30-03-04-p-206,I,TT,14,141.411,6.4550000000000125,1.0,19,la Unión Europea sigue reforzando su papel en el apoyo a esta política de estándares de las Naciones Unidas
30-03-04-p-206,I,TT,15,147.866,7.494999999999976,-1.0,20,la violencia reciente y sus acontecimientos ha socavado el trabajo tan largo y doloroso que se ha conseguido hasta ahora
30-03-04-p-206,I,TT,16,155.361,8.245000000000005,-1.0,25,es importante que nosotros demos importancia a la política en Kosovo y asegurarnos de que no va a haber más violencia étnica en la región
30-03-04-p-206,I,TT,17,163.606,4.099999999999994,0.0,11,la explosión del sectarismo va a ser negativo para todo Kosovo
30-03-04-p-206,I,TT,18,167.706,14.980000000000018,0.0,46,está claro que el futuro de la gente de Kosovo se basa en una integración de todas las partes los países de la zona de los Balcanes occidentales dentro de las estructuras de la Unión Europea tal y como se acordó en junio del año pasado
30-03-04-p-206,I,TT,19,182.686,7.519999999999982,0.0,20,la aplicación de la política de estándar antes que estatus en Naciones Unidas es una forma de conseguir ese objetivo
30-03-04-p-206,I,TT,20,190.206,8.900000000000006,0.0,20,la situación de Kosovo sólamente puede replantearse cuando se hayan conseguido logros importantes en la aplicación de todos estos estándares
30-03-04-p-206,I,TT,21,199.106,11.560000000000002,-1.0,30,a pesar de la violencia y la tensión que existe en la región tenemos que seguir trabajando dentro de ese proceso de diálogo sobre cuestiones prácticas entre Belgrado y Pristina
30-03-04-p-206,I,TT,22,210.666,10.789999999999992,0.0,28,como esta Cámara sabe y bajo una petición del Consejo de Asuntos Generales el Alto Representante Solana de la Unión Europea estuvo en Kosovo el veinticuatro de marzo
30-03-04-p-206,I,TT,23,221.456,1.740000000000009,0.0,6,el Comisario Patten estuvo con él
30-03-04-p-206,I,TT,24,223.196,20.19999999999999,-1.0,67,y enviaron un mensaje muy claro a los líderes de Kosovo sobre todo a los líderes albano-kosovares para que asumieran la responsabilidad de la situación y para que se aseguraran de que no se proclame algún tipo de violencia de carácter étnico algo que podría ser negativo y y tambíen luchar contra cualquier tipo de amenaza que de darse tendría que ser llevada ante la justicia
30-03-04-p-206,I,TT,25,243.396,6.900000000000006,0.0,15,las instituciones provisionales de Kosovo tienen que cumplir con ese compromiso de un Kosovo multiétnico
30-03-04-p-206,I,TT,26,250.296,13.810000000000002,-1.0,31,la semana pasada el Consejo Europeo pues trabajó en esta medida asignando recursos para la reconstrucción urgente de los daños provocados por esta violencia en lugares de culto en hogares etcétera
30-03-04-p-206,I,TT,27,264.106,13.689999999999998,-1.0,34,yo celebro las las asignaciones de cinco millones de euros para poder contribuir a esta recontrucción y también la declaración conjunta de Kosovo de su asamblea del veintiséis de marzo para condenar la violencia
30-03-04-p-206,I,TT,28,277.796,2.3500000000000227,1.0,7,pero bueno quedan muchas cosas por hacer
30-03-04-p-206,I,TT,29,280.146,9.25,1.0,30,hagamos un de palabras y esto no es suficiente porque existe división étnica en Kosovo y esto tiene que terminar para que haya seguridad y paz para toda la región
30-03-04-p-206,I,TT,30,289.396,13.930000000000007,0.0,45,para esto los líderes políticos en Kosovo tienen que trabajar de forma estrecha con la misión de Naciones Unidas en Kosovo y con la KFOR para dar protección de los derechos en todas las secciones de la población incluyendo también los derechos de las minorías
30-03-04-p-206,I,TT,31,303.326,12.549999999999955,0.0,34,señor Presidente lo que ha pasado en Kosovo en las últimas semanas nos recuerda la importancia del papel de la Unión Europea en Kosovo y en toda la región en sentido mucho más amplio
30-03-04-p-206,I,TT,32,315.876,15.629999999999995,1.0,49,la Unión Europea tiene un papel líder a la hora de trabajar en la región de los Balcanes occidentales perdón para consolidar la paz y la estabilidad en la región y para promover también el desarrollo económico y el respeto de los derechos humanos y del estado de derecho
30-03-04-p-206,I,TT,33,331.506,11.960000000000036,0.0,32,la ayuda de la Unión Europea a la región para poder conseguir estos objetivos se va a fijar en cuatro cuatro mil seiscientos millones para el período dos mil dos mil seis
30-03-04-p-206,I,TT,34,343.466,7.795000000000016,0.0,19,la Unión Europea incluyendo a los Estados miembros sigue siendo una base de financiación importante para todo este proceso
30-03-04-p-206,I,TT,35,351.261,8.714999999999975,0.0,15,además los Estados miembros también contribuyen con tropas a la KFOR un logro importante también
30-03-04-p-206,I,TT,36,359.976,11.185000000000002,0.0,29,tenemos que tener aquí relaciones con esta parte del mundo algo importante tal y como se dijo ya en la cumbre de Thessaloniki para poder progresar en este sentido
30-03-04-p-206,I,TT,37,371.161,15.475000000000023,0.0,40,el objetivo es una integración posible para poder conseguir asociación y estabilización en la región y esto a través de la aplicación de una serie de acuerdos que permitan acabar con los conflictos tan trágicos de los últimos trece años
30-03-04-p-206,I,TT,38,386.636,19.789999999999964,0.0,59,en el caso de Kosovo el proceso de estabilización y de asociación a través de mecanismos de seguimientos es algo que se inició en el seno de la Comisión Europea en la primavera del dos mil tres algo que permita la estabilización y la asociación en la región para que Kosovo entre en el futuro en la familia europea
30-03-04-p-206,I,TT,39,406.426,11.54000000000002,0.0,30,nuestros esfuerzos para promover la perspectiva europea en el marco de Kosovo y la política de Naciones Unidas para aplicar los estándares es algo que se refuerza de forma recíproca
30-03-04-p-206,I,TT,40,417.966,11.670000000000016,0.0,27,el proceso de estabilización y de asociación tiene que basarse en gobiernos democráticos que tienen que adoptarse a toda una serie de reformas políticas y económicas importantes
30-03-04-p-206,I,TT,41,429.636,4.0,0.0,8,también hay que seguir reforzando la cooperación regional
30-03-04-p-206,I,TT,42,433.636,6.989999999999952,1.0,17,ver el progreso de la región pues nos muestra el camino a seguir para una integración europea
30-03-04-p-206,I,TT,43,440.626,5.480000000000018,0.0,11,tenemos que trabajar a nivel europeo para seguir en esa línea
30-03-04-p-206,I,TT,44,446.106,7.449999999999989,0.0,17,los compromisos de Tesalónica sí tienen que aplicarse totalmente para que esto sea realidad en el futuro
30-03-04-p-206,I,TT,45,453.556,4.480000000000018,-1.0,16,las personas responsables de la violencia en Kosovo recientemente tienen que ser llevadas ante la justicia
30-03-04-p-206,I,TT,46,458.036,3.6399999999999864,0.0,16,no tiene que haber muros de silencio y no tiene que haber una cultura de impunidad
30-03-04-p-206,I,TT,47,461.676,7.639999999999986,0.0,18,es una hora de es momento de progresar para acabar con ese tipo de llagas que sufre Kosovo
30-03-04-p-206,I,TT,48,469.316,5.580000000000041,0.0,17,la línea es la establecida por Naciones Unidas con esa política de estándares en lugar de estatus
30-03-04-p-206,I,TT,49,474.896,16.44999999999999,0.0,50,y vuelvo a repetir en nombre del Consejo que nosotros apoyamos el trabajo del del señor Holkeri enviado de Nacioned Unidas y también el trabajo de la KFOR para estabilizar la región y para asegurarnos de que se aplica la resolución mil doscientos cuarenta y cuatro del Consejo de Seguridad
30-03-04-p-206,I,TT,50,491.346,15.944999999999993,0.0,38,es responsabilidad de todos pero sobre todo de los líderes de Kosovo el apoyar el trabajo que ya está en marcha para asegurarnos un futuro seguro democrático próspero y multiétnico para Kosovo dentro de su lugar en Europa
30-03-04-p-206,I,TT,51,507.291,5.4150000000000205,0.0,14,la Unión Europea está dispuesta a ayudar para que se cumplan todos estos objetivos
30-03-04-p-206,I,TT,52,512.706,3.090000000000032,0.0,11,ahora son los habitantes de Kosovo los que tienen que actuar
30-03-04-p-206,I,TT,53,515.796,1.0180309999999508,0.0,3,gracias señor Presidente
30-03-04-p-207,I,ST,0,0.0,0.91,0.0,1,President
30-03-04-p-207,I,ST,1,0.91,6.2,0.0,16,I am extremely glad to have the opportunity to speak to the House today about Kosovo
30-03-04-p-207,I,ST,2,7.11,13.0,-1.0,24,as the Presidency noted I I went with Javier Solana to Kosovo last week because of our concern about the recent upsurge in violence
30-03-04-p-207,I,ST,3,20.11,15.049999999999997,0.0,25,during those terrible days and nights a very large number of homes were destroyed together with schools medical facilities and a large number of churches
30-03-04-p-207,I,ST,4,35.16,9.150000000000006,0.0,22,the latest reports suggest that twenty-two people were killed more than eight hundred and fifty injured including police and KFOR members
30-03-04-p-207,I,ST,5,44.31,7.539999999999999,-1.0,20,there's little doubt that although there may have been an initial trigger for the violence it quickly became organised
30-03-04-p-207,I,ST,6,51.85,7.309999999999995,0.0,15,I also have no doubt that elements within the main Albanian political parties were involved
30-03-04-p-207,I,ST,7,59.16,9.219999999999999,-1.0,20,we should remember that Europe rightly took a stand against the disgraceful ethnic cleansing by Milosevic in nineteen ninety-nine
30-03-04-p-207,I,ST,8,68.38,9.329999999999998,0.0,19,since then the international community has spent two billion euro not including defence costs to try to rebuild Kosovo
30-03-04-p-207,I,ST,9,77.71,7.300000000000011,0.0,18,and we did not do that in order to see Kosovar Serbs being ethnically cleansed in their turn
30-03-04-p-207,I,ST,10,85.01,6.3999999999999915,0.0,13,let me share with the House my reflections on my visit to Kosovo
30-03-04-p-207,I,ST,11,91.41,6.480000000000004,0.0,13,I have to say that the High Representative and I were extremely disappointed
30-03-04-p-207,I,ST,12,97.89,8.629999999999995,0.0,19,we saw at first hand the anger and upset of Serbs in a suburb of Pristina called Kosovo Polje
30-03-04-p-207,I,ST,13,106.52,5.5,0.0,12,we were looking for evidence that Kosovar Albanian leaders understood those feelings
30-03-04-p-207,I,ST,14,112.02,4.439999999999998,0.0,10,I am afraid there was precious little sign of it
30-03-04-p-207,I,ST,15,116.46,5.560000000000002,0.0,16,on the contrary there was an attempt to blame everyone but themselves for what had happened
30-03-04-p-207,I,ST,16,122.02,3.510000000000005,0.0,6,there was one exception to this
30-03-04-p-207,I,ST,17,125.53,3.609999999999985,0.0,9,the Prime Minister Mr Rexhepi rose to the occasion
30-03-04-p-207,I,ST,18,129.14,7.169977000000017,0.0,13,he showed considerable courage in visiting trouble spots to try to defuse tensions
30-03-04-p-207,I,ST,19,136.309977,13.350022999999993,1.0,25,he also immediately understood the responsibility of the Provisional Institutions of Self-Government to put right the terrible wrongs that were done to Kosovar Serbs
30-03-04-p-207,I,ST,20,149.66,7.610000000000014,0.0,20,before we arrived he had decided to set up a reconstruction fund with an initial budget of five million euro
30-03-04-p-207,I,ST,21,157.27,8.139999999999986,1.0,21,he understood that it was the duty of his Government to put things right not the responsibility of the international community
30-03-04-p-207,I,ST,22,165.41,7.800000000000011,0.0,16,I did not go to Pristina to promise that European taxpayers money would be used instead
30-03-04-p-207,I,ST,23,173.21,2.1999999999999886,0.0,5,that would be completely unacceptable
30-03-04-p-207,I,ST,24,175.41,12.110000000000014,0.0,26,Mr Rexhepi promised that rapid action would be taken to repair damaged property so that people could get back to their homes as quickly as possible
30-03-04-p-207,I,ST,25,187.52,12.139999999999986,1.0,25,Javier Solana and I promised to go back through the summer so that we could see for ourselves that progress on reconstruction is actually occurring
30-03-04-p-207,I,ST,26,199.66,2.7299999999999898,0.0,5,what are the priorities now
30-03-04-p-207,I,ST,27,202.39,7.510000000000019,0.0,14,NATO has reacted swiftly to increase troop numbers in order to provide better security
30-03-04-p-207,I,ST,28,209.9,9.969999999999999,0.0,21,this has had an immediate effect on calming tensions in Kosovo although we have to remain extremely vigilant about the situation
30-03-04-p-207,I,ST,29,219.87,11.159999999999997,0.0,27,next UNMIK police are trying as quickly as possible to identify those responsible for these attacks so that they can be taken out of circulation and punished
30-03-04-p-207,I,ST,30,231.03,8.629999999999995,0.0,18,it's incumbent on the leaders of the Albanian political parties to purge their ranks of such people
30-03-04-p-207,I,ST,31,239.66,8.680000000000007,0.0,19,next there needs to be an investigation of the role played by the Kosovo police service in the disturbances
30-03-04-p-207,I,ST,32,248.34,16.150000000000006,0.0,38,there were reports that some members of the police service did their duty well but there have also been reports of police service members either taking no action to prevent these attacks or worse still participating in them
30-03-04-p-207,I,ST,33,264.49,4.810000000000002,0.0,12,UNMIK are determined to get to the bottom of what actually happened
30-03-04-p-207,I,ST,34,269.3,5.409999999999968,0.0,13,next we have to be quite clear that we stand fully behind UNMIK
30-03-04-p-207,I,ST,35,274.71,6.050000000000011,0.0,12,there were clear signs of organised attacks on UNMIK property and staff
30-03-04-p-207,I,ST,36,280.76,2.7200000000000273,0.0,4,that is completely unacceptable
30-03-04-p-207,I,ST,37,283.48,6.6200000000000045,0.0,10,the European Union strongly supports the UN as an institution
30-03-04-p-207,I,ST,38,290.1,6.009999999999991,0.0,13,we cannot tolerate attacks on the UN whether in Kosovo or anywhere else
30-03-04-p-207,I,ST,39,296.11,6.009999999999991,0.0,12,we also need to work very closely with our United States partners
30-03-04-p-207,I,ST,40,302.12,8.259999999999991,0.0,17,Mr Solana and I had a very constructive meeting with Marcie Ries the American Representative in Pristina
30-03-04-p-207,I,ST,41,310.38,10.78000000000003,0.0,30,we all agreed that we needed to make it absolutely clear to the Kosovars that we are one at that we are at one in our reaction to these events
30-03-04-p-207,I,ST,42,321.16,12.259999999999991,0.0,24,finally it's absolutely essential that the political leaderships in Belgrade and Pristina refrain from provocative statements which can only serve to exacerbate tensions
30-03-04-p-207,I,ST,43,333.42,4.180000000000007,0.0,7,final status discussions are for another day
30-03-04-p-207,I,ST,44,337.6,14.599999999999966,0.0,28,last week's declaration by the Serbian Parliament insisting on permanent sovereignty for Serbia and a system of cantons inside Kosovo was extremely unhelpful to say the least
30-03-04-p-207,I,ST,45,352.2,12.090000000000032,-1.0,23,so were statements by Kosovar Albanian leaders in the immediate aftermath of the violence that they would not accept anything short of independence
30-03-04-p-207,I,ST,46,364.29,13.629999999999995,0.0,27,it's always tempting after horrible events like these always tempting to conclude that we should rip up our strategy and come up with a new plan
30-03-04-p-207,I,ST,47,377.92,4.609999999999957,0.0,10,I must be absolutely clear with the House on this
30-03-04-p-207,I,ST,48,382.53,18.010000000000048,0.0,42,I do not believe that we can give up on our insistence about a multi-ethnic Kosovo in which all ethnic groups can live freely and without fear nor do I believe that we should abandon the idea of standards before status
30-03-04-p-207,I,ST,49,400.54,7.479999999999961,0.0,22,on the other hand I don't think that we should send a signal that final status discussion will be delayed indefinitely
30-03-04-p-207,I,ST,50,408.02,3.7700000000000387,0.0,8,that would risk a grave worsening of tension
30-03-04-p-207,I,ST,51,411.79,5.810000000000002,0.0,12,nothing that happened earlier this month can change the geography of Kosovo
30-03-04-p-207,I,ST,52,417.6,13.060000000000002,0.0,33,we all have a shared interest in making sure that Kosovo does not become a black hole in the middle of south-east Europe where organised crime flourishes and ethnic division is entrenched
30-03-04-p-207,I,ST,53,430.66,4.029999999999973,0.0,12,we have to go on working patiently for the long-term future
30-03-04-p-207,I,ST,54,434.69,6.3799999999999955,0.0,10,whatever Kosovo's final status its future lies in Europe
30-03-04-p-207,I,ST,55,441.07,24.74000000000001,0.0,52,but the standards that we insist that Kosovo should implement the standards that we insist Kosovo should live up to do not include the speed at which you can burn down your neighbours home do not include how quickly you can trash the school or the hospital that your neighbours go to
30-03-04-p-207,I,ST,56,465.81,24.389999999999986,-1.0,44,we have to make it absolutely clear that violence is not a shortcut to anything and that if people follow leaders who espouse violence they are following those leaders into a future of poverty and criminality not a future with the rest of Europe
30-03-04-p-207,I,ST,57,490.2,14.759999999999991,0.5,29,I hope that point will be understood and I hope that the community will turn its back on violence and move towards stability prosperity multi-ethnicity pluralism and democracy
30-03-04-p-207,I,TT,0,0.0,2.186,0.0,2,señor Presidente
30-03-04-p-207,I,TT,1,2.186,5.83,0.0,13,me complace mucho tener la oportunidad de hablar hoy al Parlamento sobre Kosovo
30-03-04-p-207,I,TT,2,8.016,14.6,-1.0,27,como lo observó la Presidencia yo fui con Javier Solana a Kosovo la semana pasada debido a la preocupación nuestra sobre el reciente resurgimiento de la violencia
30-03-04-p-207,I,TT,3,22.616,14.170000000000002,0.0,27,durante esos terribles días y noches un gran número de hogares fue destruido conjuntamente con escuelas servicios médicos y un gran número de iglesias también fueron destruidas
30-03-04-p-207,I,TT,4,36.786,8.799999999999997,0.0,21,el último informe dijo que hubo veintidós muertos y más de ochocientos cincuenta heridos incluyendo policía y miembros de la KFOR
30-03-04-p-207,I,TT,5,45.586,7.340000000000003,-1.0,17,hay poca duda de que quizá haya habido algo que desencadenó la violencia pero rápidamente se organizó
30-03-04-p-207,I,TT,6,52.926,9.11,0.0,20,y tampoco tengo duda de que hay elementos en los partidos albaneses políticos partidos políticos albaneses principales que estaban implicados
30-03-04-p-207,I,TT,7,62.036,8.959999999999994,-1.0,18,recordemos que Europa se pronunció contra la depuración étnica tan terrible de Milosevic en el ochenta y nueve
30-03-04-p-207,I,TT,8,70.996,8.64,0.0,21,desde entonces la comunidad internacional dedicó dos mil millones de euros y esto sin los costes de defensa para reconstruir Kosovo
30-03-04-p-207,I,TT,9,79.636,9.25,0.0,18,no lo hemos hecho para ver que los serbios de Kosovo sufran la depuración étnica a su vez
30-03-04-p-207,I,TT,10,88.886,5.040000000000006,0.0,9,quiero compartir mis ideas sobre mi visita a Kosovo
30-03-04-p-207,I,TT,11,93.926,4.590000000000003,0.0,11,debo decir que el Alto Representante y yo estuvimos muy decepcionados
30-03-04-p-207,I,TT,12,98.516,9.719999999999999,0.0,20,vimos en primen lugar y directamente la rabia de serbios en un barrio de Pristina que se llama Kosovo Polje
30-03-04-p-207,I,TT,13,108.236,7.11999999999999,0.0,12,buscábamos pruebas de que los líderes kosovares albaneses entendieran essos esos sentimientos
30-03-04-p-207,I,TT,14,115.356,2.990000000000009,0.0,7,pero parece que hubo poco de eso
30-03-04-p-207,I,TT,15,118.346,5.659999999999997,0.0,17,todo lo contrario intentaron darle la culpa a todos menos a ellos mismos de lo que sucedió
30-03-04-p-207,I,TT,16,124.006,2.405000000000001,0.0,5,hubo una excepción sin embargo
30-03-04-p-207,I,TT,17,126.411,6.0049999999999955,0.0,10,el Primer Ministro el Señor Rexhepi se planteó la situación
30-03-04-p-207,I,TT,18,132.416,18.72999999999999,-1.0,38,y demonstró mucho valor a la hora de visitar zonas difíciles para intentar acabar con las tensiones y entendió inmediatamente la responsabilidad de las instituciones provisionales de autogobierno para corregir los terribles errores cometidos contra los serbios kosovares
30-03-04-p-207,I,TT,19,151.146,7.5,0.0,19,antes de llegar él decidió crear un fondo de recontrucción con un fondo inicial de cinco millones de euros
30-03-04-p-207,I,TT,20,158.646,7.8300000000000125,0.0,20,y entendió que era el deber de su gobierno corregir los errores y no la responsabilidad de la comunidad internacional
30-03-04-p-207,I,TT,21,166.476,7.819999999999993,0.0,21,yo no fui a Pristina para prometer de que el dinero del contribuyente europeo iba a ser utilizado para esos fines
30-03-04-p-207,I,TT,22,174.296,2.990000000000009,0.0,4,eso sería totalmente inaceptable
30-03-04-p-207,I,TT,23,177.286,11.02000000000001,0.0,27,el Señor Rexhepi prometió que se iban a adoptar medidas rápidamente para reparar las propriedades dañadas para que la gente pudiese volver a sus hogares cuanto antes
30-03-04-p-207,I,TT,24,188.306,12.289999999999992,1.0,26,Javier Solana y yo hemos prometido volver este verano para poder ver personalmente el progreso de la reconstrucción de que realmente se esté produciendo este progreso
30-03-04-p-207,I,TT,25,200.596,2.5200000000000102,0.0,5,qué otras prioridades hay ahora
30-03-04-p-207,I,TT,26,203.116,8.009999999999991,0.0,19,la OTAN ha reaccionado rápidamente para aumentar el número de las tropas a fin de asegurar una mayor seguridad
30-03-04-p-207,I,TT,27,211.126,9.289999999999992,0.0,26,esto ha tenido un efecto inmediato sobre las tensiones que se calmaron en Kosovo aunque hemos de seguir siendo muy vigilantes en cuanto a esa situación
30-03-04-p-207,I,TT,28,220.416,12.140000000000015,0.0,31,a continuación las fuerzas de la UNMIK están intentando identificar cuanto antes los responsables de los ataques a fin de que se puedan sacar de la circulación y puedan ser castigados
30-03-04-p-207,I,TT,29,232.556,8.530000000000001,0.0,19,incumbe a los líderes del de los partidos políticos albaneses el depurar sus filas y quitar a esa gente
30-03-04-p-207,I,TT,30,241.086,8.289999999999992,0.0,20,además tiene que haber una investigación de que el papel desempeñado por el servizio de policía en Kosovo en los
30-03-04-p-207,I,TT,31,249.376,16.159999999999997,0.0,45,hubo informes de que algunos miembros de las fuerzas policiales cumplieron su deber pero también ha habido informes que hablaron de miembros del servicio de policía que o no hacían nada para evitar esos ataques o lo que es aún peor participaban directamente en ellos
30-03-04-p-207,I,TT,32,265.536,4.529999999999973,0.0,9,yo estoy decidido a descubrir lo que realmente sucedió
30-03-04-p-207,I,TT,33,270.066,6.220000000000027,0.0,14,y luego hemos de saber claramente que nosotros apoyamos plenamente las fuerzas de UNMIK
30-03-04-p-207,I,TT,34,276.286,6.2900000000000205,0.0,12,hubo señales claras de ataques organizados a propiedad y personal de UNMIK
30-03-04-p-207,I,TT,35,282.576,2.2199999999999704,0.0,5,y esto es totalmente inaceptable
30-03-04-p-207,I,TT,36,284.796,5.980000000000018,0.0,9,la Unión Europea apoya las Naciones Unidas como institución
30-03-04-p-207,I,TT,37,290.776,7.180000000000007,0.0,19,y no podemos tolerar ataques a Naciones Unidas ya sea en Kosovo o en alguna otra parte del mundo
30-03-04-p-207,I,TT,38,297.956,5.490000000000009,0.0,12,también tenemos que cooperar estrechamente con nuestros amigos en los Estados Unidos
30-03-04-p-207,I,TT,39,303.446,7.759999999999991,0.0,18,el Señor Solana y yo tuvimos una reunión muy constructiva con Marcie Ries el representante americano en Pristina
30-03-04-p-207,I,TT,40,311.206,11.079999999999984,1.0,26,y todos estamos de acuerdo de que necesitamos dejar muy en claro frente a los kosovares que estamos unidos en nuestra reacción frente a estos acontecimientos
30-03-04-p-207,I,TT,41,322.286,12.529999999999973,0.0,26,finalmente también es fundamental que los líderes políticos en Belgrado y en Pristina no hagan declaraciones provocadoras que tan solo pueden servir para exacerbar las tensiones
30-03-04-p-207,I,TT,42,334.816,4.960000000000036,0.0,13,en las discusiones finales quizá se puedan llevar a cabo en otro momento
30-03-04-p-207,I,TT,43,339.776,13.420000000000016,0.0,35,la declaración de la semana pasada por parte del Parlamento serbio insistiendo en una soberanía permanente para Serbia y en un sistema de cantones en Kosovo fue muy poco útil para no decir otra cosa
30-03-04-p-207,I,TT,44,353.196,11.42999999999995,-1.0,29,y así lo fueron también las declaraciones de los líderes kosovares albaneses justamente después de producirse la violencia de que no iban a aceptar nada más que una independencia
30-03-04-p-207,I,TT,45,364.626,16.510000000000048,0.0,46,es una y otra vez muy tentador después de unos eventos espantosos como los que acabamos de vivir es una gran tentación el llegar a la conclusión de que tendríamos que presentar un nuevo plan y alejarnos de la estrategia que hemos venido siguiendo hasta ahora
30-03-04-p-207,I,TT,46,381.136,3.6199999999999477,0.0,12,y es una cosa que quiero dejar plenamente claro en este Parlamento
30-03-04-p-207,I,TT,47,384.756,17.845000000000027,0.0,50,yo no creo que podamos dejar en nuestros intentos y esfuerzos por conseguir un un Kosovo con todos los grupos étnicos y que puedan vivir sin ningún tipo de miedo ni tampoco creo que deberíamos abandonar la idea de que vayamos a definir las normas antes de crear un estatus
30-03-04-p-207,I,TT,48,402.601,12.884999999999991,0.0,31,y por eso es importante que tenemos que mandar una señal de que no vamos a postergar los debates hasta el final porque esto a lo mejor exacerbaría más la situación
30-03-04-p-207,I,TT,49,415.486,5.150000000000034,0.0,13,porque en el fondo nada puede hacer que cambie la geografía en Kosovo
30-03-04-p-207,I,TT,50,420.636,12.889999999999986,0.0,38,lo que nosotros queremos que que quede muy en claro es que Kosovo no se vaya a convertir en un hoyo negro en el medio y en el centro de Europa donde hay una lucha entre las etnias
30-03-04-p-207,I,TT,51,433.526,2.8899999999999864,0.0,7,tenemos que continuar trabajando a largo plazo
30-03-04-p-207,I,TT,52,436.416,7.670000000000016,0.0,22,y no importanto cuál vaya a ser el estatus definitivo de Kosovo pero su futuro se encuentra en el seno de Europa
30-03-04-p-207,I,TT,53,444.086,9.45999999999998,0.0,21,no obstante nosotros tenemos que seguir insistiendo en que Kosovo ponga en práctica una serie de normas y que se respeten
30-03-04-p-207,I,TT,54,453.546,18.25,0.0,45,pero esto no incluye para nada la velocidad a la que con la que uno puede empezar a quemar y a incendiar las casas de los vecinos o a evitar o a o a también encender e incendiar el hospital al que acuden sus vecinos
30-03-04-p-207,I,TT,55,471.796,19.620000000000005,-1.0,53,lo importante es dejar en claro que la violencia no sirve para nada ni hace que se aceleren las cosas y si acaso se sigue insistiendo o si los líderes siguen insistiendo en utilizar la violencia pues esto desembocará en un futuro de criminalidad y pobreza y no unidos al resto de Europa
30-03-04-p-207,I,TT,56,491.416,17.536969,0.0,47,yo creo que esto es un punto que va a ser entendido y comprendido por todos y así esperamos pues que la comunidad le dé la espalda a la violencia y que se encaminen hacia al pluralismo y la democracia y la convivencia de las diferentes etnias
31-03-04-m-009,II,ST,0,0.0,7.56,0.0,17,thank you very much President Cox President Prodi Honourable Members of the European Parliament Ladies and Gentlemen
31-03-04-m-009,II,ST,1,7.56,6.000000000000001,0.0,22,I am very pleased to be here with you today to report on the outcome of last week's Spring European Council
31-03-04-m-009,II,ST,2,13.56,15.49,0.0,45,when I last had the honour to address this House in January on the priorities of the Irish Presidency I said that the overriding objective of our presidency was to secure outcomes that would have a positive impact on the lives of Europe's peoples
31-03-04-m-009,II,ST,3,29.05,6.239999999999998,0.0,19,I believe that last week's European Council has contributed to securing positive outcomes in a very real way
31-03-04-m-009,II,ST,4,35.29,5.329999999999998,0.0,16,the European Union has shown yet again that it has the ability to address new challenges
31-03-04-m-009,II,ST,5,40.62,6.220000000000006,0.0,19,it has shown that when we move together we can make a real difference to people's daily lives
31-03-04-m-009,II,ST,6,46.84,5.829999999999998,1.0,17,at present the significant progress made at last week's European Council was due to many factors
31-03-04-m-009,II,ST,7,52.67,8.420000000000002,0.0,26,one important factor I'm convinced is the excellent working relationship which has been built up between the Council the European Commission and the European Parliament
31-03-04-m-009,II,ST,8,61.09,3.5600000000000023,0.0,11,and the theme of the Irish presidency is Europeans working together
31-03-04-m-009,II,ST,9,64.65,5.929999999999993,0.0,17,the European Council has clearly shown how much can be achieved when we succeed in doing this
31-03-04-m-009,II,ST,10,70.58,5.799999999999997,0.0,18,at the meeting the Honourable Members will be aware the European Council adopted a Declaration on Combating Terrorism
31-03-04-m-009,II,ST,11,76.38,6.6000000000000085,0.0,21,we agreed to resume our negotiations in the Intergovernmental Conference and to reach agreements no later than our meeting in June
31-03-04-m-009,II,ST,12,82.98,6.249977000000001,0.0,17,we identified what needs to be done in practical terms to promote sustainable growth and more jobs
31-03-04-m-009,II,ST,13,89.229977,7.26002299999999,0.0,19,and we discussed a range of foreign policy issues including the Middle East Afghanistan Iraq the Balkans and Russia
31-03-04-m-009,II,ST,14,96.49,9.690000000000012,0.0,32,Mr President as we're are all sadly too well aware last week's European Council took place under the shadow of the terrible attack in Madrid on the eleventh of March
31-03-04-m-009,II,ST,15,106.18,4.179999999999993,0.0,14,I want to express yet again my sympathies to the families of the victims
31-03-04-m-009,II,ST,16,110.36,7.530000000000001,0.0,27,I know that all here will agree with me when I say that this attack was a grave challenge to all that the European Union stands for
31-03-04-m-009,II,ST,17,117.89,10.209999999999994,-1.0,32,in considering how to respond to this threat the European Council wished to secure that everything that can be done is being done to protect our citizens from the scourge of terrorism
31-03-04-m-009,II,ST,18,128.1,4.480000000000018,0.0,13,at the same time fundamental human rights and our democracies must be protected
31-03-04-m-009,II,ST,19,132.58,7.1299999999999955,0.0,17,I believe that the Declaration on Combating Terrorism adopted by the European Council strikes the appropriate balance
31-03-04-m-009,II,ST,20,139.71,7.199999999999989,0.0,19,it highlights our existing cooperation and seeks to improve and emphasise the need to implement what we have agreed
31-03-04-m-009,II,ST,21,146.91,11.47999999999999,0.0,30,I am glad to say also that the Declaration endorsed a proposal made by European parliamentarians to declare the eleventh of March a European Day commemorating the victims of terrorism
31-03-04-m-009,II,ST,22,158.39,4.3700000000000045,0.0,11,President the Declaration contains a number of specific areas for action
31-03-04-m-009,II,ST,23,162.76,12.189999999999998,0.0,31,these include measures to improve intelligence sharing to strengthen border controls and the security of travel documents enhanced protection for our transport systems and measures to counter the financing of terrorism
31-03-04-m-009,II,ST,24,174.95,7.840000000000003,0.0,20,it also contains a commitment to effective cooperation with third countries and other international organisations in particular the United Nations
31-03-04-m-009,II,ST,25,182.79,8.240000000000009,0.0,21,our Counter-Terrorism Coordinator Mr de Vries has been appointed for effecting the need for coordinated action across the European Union
31-03-04-m-009,II,ST,26,191.03,4.439999999999998,0.0,14,the European Council will look again at the action plan on terrorism in June
31-03-04-m-009,II,ST,27,195.47,5.75,0.0,21,and we will all agree that the key tasks for the deadlines by which these tasks will have to be achieved
31-03-04-m-009,II,ST,28,201.22,5.159999999999997,-1.0,11,the European Council also agreed the declaration on solidarity against terrorism
31-03-04-m-009,II,ST,29,206.38,6.740000000000009,0.0,24,this commits the Member States to act jointly in the spirit of solidarity if one of them is the victim of a terrorist attack
31-03-04-m-009,II,ST,30,213.12,5.759999999999991,-1.0,15,the Declaration represents an important political signal of our solidarity in the fight against terrorism
31-03-04-m-009,II,ST,31,218.88,5.950000000000017,0.0,17,I appreciate very much that President Cox participated in the first session of our meeting on terrorism
31-03-04-m-009,II,ST,32,224.83,5.280000000000001,0.0,14,and the solidarity shown by the institutions of the Union conveyed an important message
31-03-04-m-009,II,ST,33,230.11,5.659999999999997,-1.0,21,the threat of terrorism is a threat to our security our democracies and our way of life in the European Union
31-03-04-m-009,II,ST,34,235.77,4.409999999999997,-1.0,14,we will do everything in our power to protect our people from this threat
31-03-04-m-009,II,ST,35,240.18,4.829999999999984,1.0,14,President I am particularly pleased that there was major progress in the Intergovernmental Conference
31-03-04-m-009,II,ST,36,245.01,5.3700000000000045,0.0,15,on the basis of my report European Council requested the Presidency to continue its consultations
31-03-04-m-009,II,ST,37,250.38,7.069999999999993,0.0,20,it also requested the Presidency to arrange for the resumption of former negotiations in the IGC as soon as appropriate
31-03-04-m-009,II,ST,38,257.45,5.060000000000002,0.0,17,it decided agreement on the new Constitution should be reached no later than the June European Council
31-03-04-m-009,II,ST,39,262.51,10.04000000000002,0.0,29,when I spoke here in January I made clear my commitment to seizing any opportunity to take forward the IGC and if possible to conclude it during our Presidency
31-03-04-m-009,II,ST,40,272.55,5.849999999999966,0.0,24,but at that time and indeed up until the European Council itself it was not clear how far we would be able to go
31-03-04-m-009,II,ST,41,278.4,6.060000000000002,0.0,21,we were not certain that it would be possible to relaunch the IGC even though we strongly wish to do so
31-03-04-m-009,II,ST,42,284.46,7.1200000000000045,0.0,19,indeed many people during the initial stages of our Presidency told me that they thought there was little chance
31-03-04-m-009,II,ST,43,291.58,7.240000000000009,0.0,26,we could not have reached agreement on a timeframe for the conclusion of the IGC without the political commitment of my colleagues in the European Council
31-03-04-m-009,II,ST,44,298.82,8.189999999999998,0.0,23,last week we all rededicated ourselves to the Constitution acknowledged its value and importance and the sooner it's in place the better
31-03-04-m-009,II,ST,45,307.01,7.730000000000018,0.0,26,we also recognised that even though the final negotiations would be difficult there was no reason to believe that they would become any easier in time
31-03-04-m-009,II,ST,46,314.74,5.539976999999965,0.0,16,indeed there was a general sense around the table that delay might even create further complications
31-03-04-m-009,II,ST,47,320.279977,4.880023000000051,0.0,15,there was also a sense of the need for flexibility and compromise on all sides
31-03-04-m-009,II,ST,48,325.16,4.899999999999977,0.0,18,the development of this positive and constructive spirit made it possible to decide to go for it now
31-03-04-m-009,II,ST,49,330.06,9.399999999999977,1.0,26,this is a huge step forward and credit great credit is due to the Parliament who consistently urged Member States collectively to drive forward the negotiations
31-03-04-m-009,II,ST,50,339.46,9.629999999999995,0.0,30,your very positive endorsement of the Presidency's strategy has been deeply appreciated and I look forward to continuing to work with you and your representatives over the period ahead
31-03-04-m-009,II,ST,51,349.09,7.710000000000036,1.0,25,in our consultations with all delegations we've been able to confirm that the great bulk of the Convention text text is not in dispute
31-03-04-m-009,II,ST,52,356.8,7.579999999999984,0.0,28,we've also ascertained that many of the addition proposals made by the Italian presidency would have been acceptable to partners in the context of an overall agreement
31-03-04-m-009,II,ST,53,364.38,6.5,0.0,13,there are still several outstanding issues which vary considerably in complexity and sensitivity
31-03-04-m-009,II,ST,54,370.88,7.579999999999984,0.0,21,we have however President also been able to identify possible ways forward and believe that all of them can be resolved
31-03-04-m-009,II,ST,55,378.46,1.4800000000000182,0.0,5,this will not be easy
31-03-04-m-009,II,ST,56,379.94,7.5,0.0,25,it will require give and take from all sides but I believe that the key ingredient the political will to reach agreement is now there
31-03-04-m-009,II,ST,57,387.44,7.829999999999984,0.0,23,the Parliament's representatives like those of all other delegations have made clear to us which issues are of particular importance to you
31-03-04-m-009,II,ST,58,395.27,11.29000000000002,0.0,43,it's not possible for me to say that any delegation will secure every point that is raised but I can assure you as I can assure everybody else that the Presidency will be open and even-handed in its dealings with everyone
31-03-04-m-009,II,ST,59,406.56,5.71999999999997,0.0,14,I can guarantee that you will not be bypassed or blindsided in the negotiations
31-03-04-m-009,II,ST,60,412.28,7.960000000000036,0.0,26,and I want all participants to be able to recommend the final outcome to the people of Europe as as fair as balanced and as positive
31-03-04-m-009,II,ST,61,420.24,9.079999999999984,0.0,27,as I said in my report the most difficult issues remain the size and composition of the Commission and the definition and scope of qualified majority voting
31-03-04-m-009,II,ST,62,429.32,12.110000000000014,0.0,38,at last week's meeting we did not enter into detailed discussions on these issues nor did I try to draw conclusions but I offered my broad sense of which avenues for compromise might be most productively explored
31-03-04-m-009,II,ST,63,441.43,4.21999999999997,0.0,11,I recognise that the Commission must be both effective and legitimate
31-03-04-m-009,II,ST,64,445.65,13.460000000000036,0.0,35,I feel that these two perspectives should be reconciled through maintaining for an extended period a Commission comprising one national of each Member State moving thereafter to reduce size on the basis of equal rotation
31-03-04-m-009,II,ST,65,459.11,7.240000000000009,0.0,17,it is clear President that only a voting system based on double majority can command a consensus
31-03-04-m-009,II,ST,66,466.35,10.149999999999977,0.0,30,it is also vital that we keep the requirement for increased efficiency firmly in view while paying due regard to balance among the Member States and to their specific concerns
31-03-04-m-009,II,ST,67,476.5,12.470000000000027,0.0,42,it should be possible to reach an outcome which meets the concerns of all and I believe this could be done through some adjustments of the population and Member State thresholds and through arrangements for confirmation of the transition to double majority
31-03-04-m-009,II,ST,68,488.97,3.9799999999999613,0.0,9,but clearly further consideration of the details is required
31-03-04-m-009,II,ST,69,492.95,11.319999999999993,0.0,34,as regards the scope of qualified majority voting there's a general desire shared I know by the Parliament for its extension with a view to promoting efficient decision-making in a larger Union
31-03-04-m-009,II,ST,70,504.27,7.390000000000043,0.0,27,at the same time there's also a need to take account of the particular concerns of Member States in relation to a number of specific issues
31-03-04-m-009,II,ST,71,511.66,11.589999999999975,0.0,31,I believe that a satisfactory overall outcome which will involve a growth in the number of various subject to QMV and codecision in comparison with the present Treaties will be found
31-03-04-m-009,II,ST,72,523.25,13.620000000000005,0.0,45,these issues are unlikely to be finally resolved until close to the end of the negotiations but in the period ahead it will be essential to reach agreement on as many subjects as possible to boil down to the minimum the number of outstanding questions
31-03-04-m-009,II,ST,73,536.87,18.889999999999986,0.0,61,in this process the Presidency intends to make use of the full range of channels including bilateral meetings and official-level discussions but the IGC is of course conducted at political level and I will be asking Foreign Ministers to take forward work on a range of issues during the final negotiations at the levels of Heads of State or Government
31-03-04-m-009,II,ST,74,555.76,7.639999999999986,0.0,18,like you Mr President and I would like very much to conclude the IGC at the earliest date
31-03-04-m-009,II,ST,75,563.4,8.980000000000018,0.0,31,however we will have to be taking into account a number of factors including the formation of new governments in some countries and the number of issues still to be resolved
31-03-04-m-009,II,ST,76,572.38,4.759999999999991,0.0,21,I assure you that if we discover that there is a real opportunity to finish before June we will do so
31-03-04-m-009,II,ST,77,577.14,3.3999999999999773,0.0,10,we should not underestimate how far forward we have come
31-03-04-m-009,II,ST,78,580.54,5.400000000000091,0.0,20,only a few short weeks ago few would have been optimistic about our chances of finishing by June at all
31-03-04-m-009,II,ST,79,585.94,6.399999999999977,0.0,15,so far as presidency we have sought to keep expectations modest modest but ambitions high
31-03-04-m-009,II,ST,80,592.34,9.759999999999991,0.0,35,and no ambition is higher than the achievement of our common objective of a Constitution which will deliver for our citizens and help make the Union more effective at home and in the wider world
31-03-04-m-009,II,ST,81,602.1,4.159999999999968,0.0,10,with your help I look forward to reaching that goal
31-03-04-m-009,II,ST,82,606.26,14.990000000000009,0.0,45,President when I spoke to this House in January I set out the high priority which the Irish presidency presidency was giving to the Lisbon Agenda and for our firm determination that the Spring European Council should serve to revitalise and reinvigorate the Lisbon process
31-03-04-m-009,II,ST,83,621.25,4.889999999999986,0.0,17,I was greatly encouraged by the response of the European Parliament to our ideas at that time
31-03-04-m-009,II,ST,84,626.14,3.909999999999968,0.0,15,I'm pleased to report that the European Council had a fruitful discussion last week
31-03-04-m-009,II,ST,85,630.05,7.0200000000000955,0.0,21,we focused on the key issues where action is crucial if we are to re-inject momentum into the Lisbon Agenda
31-03-04-m-009,II,ST,86,637.07,12.25,0.0,27,my colleagues agreed with my proposal that discussions should be on two overarching themes sustainable growth and employment as the key challenges needed to be tackled urgently
31-03-04-m-009,II,ST,87,649.32,6.539999999999964,0.0,21,the European Council agreed that we need a balanced approach if we are to ensure that future growth will be sustainable
31-03-04-m-009,II,ST,88,655.86,10.569999999999936,0.0,26,we need to maintain sound macroeconomic policies while promoting greater competitiveness and innovation and at the same time social cohesion must remain central to our approach
31-03-04-m-009,II,ST,89,666.43,4.100000000000023,0.0,11,equally future growth to be sustainable has to be environmentally sound
31-03-04-m-009,II,ST,90,670.53,12.649999999999977,1.0,37,the European Parliament's constructive engagement with Council has been pivotal in enable us to make real progress on all aspects of the Union's work not least in legislative work directly related to the Lisbon Agenda
31-03-04-m-009,II,ST,91,683.18,13.030000000000086,0.0,33,legislation agreed in recent weeks ranges from financial services to the rail market opening to intellectual property rights to environmental liability and I look forward to more results in the weeks immediately ahead
31-03-04-m-009,II,ST,92,696.21,5.969999999999914,0.0,17,it is highly important for the continuing credibility of the Lisbon Agenda that we meet our objectives
31-03-04-m-009,II,ST,93,702.18,9.3900000000001,1.0,25,I'm delighted in this context to welcome your approval yesterday of two important legislative proposals the Financial Instruments Market Directive and the Transparency Directive
31-03-04-m-009,II,ST,94,711.57,7.25,0.0,17,a key challenge identified at the European Council was in the services sector which remains highly fragmented
31-03-04-m-009,II,ST,95,718.82,6.1099999999999,0.0,18,success in creating a true single market in this area will yield considerable benefits for the European consumer
31-03-04-m-009,II,ST,96,724.93,7.550000000000068,0.0,19,the services sector has accounted for seventy per cent of job creation and growth over the past ten years
31-03-04-m-009,II,ST,97,732.48,12.389999999999986,0.0,40,I'm pleased to report that the European Council has seen the potential for expansion at this area agreed that the draft directive on services currently under consideration in the Council should be agreed as a matter of high priority
31-03-04-m-009,II,ST,98,744.87,15.580000000000041,0.0,45,the development President of better regulation will lead to enhanced competitiveness and productivity and the European Council welcomed the four-presidency initiative led by Ireland the Netherlands Luxembourg and the UK which will drive this issue forward as a priority over the next two years
31-03-04-m-009,II,ST,99,760.45,5.399999999999977,0.0,18,we'll return to this issue of better regulation at the November two thousand and four European Council
31-03-04-m-009,II,ST,100,765.85,9.110000000000014,0.0,21,if we are truly to encourage competitiveness innovation and entrepreneurship throughout Europe we must have a strong science and research capacity
31-03-04-m-009,II,ST,101,774.96,4.569999999999936,1.0,13,progress in the research area is a central element of the Lisbon Agenda
31-03-04-m-009,II,ST,102,779.53,19.700000000000045,0.0,60,we must work to ensure that researchers remain in Europe are attracted to working in Europe and the European Council agreed as a first step in this process that the European Framework Programme for Research and Development should be made more user-friendly to facilitate greater R and D investment by small and medium-size enterprises and start-up companies
31-03-04-m-009,II,ST,103,799.23,8.899999999999977,0.0,24,the European Council also stressed the need for investment in basic research and such research is an essential building block for innovation and competitiveness
31-03-04-m-009,II,ST,104,808.13,4.090000000000032,0.0,7,growth must not only be economically sustainable
31-03-04-m-009,II,ST,105,812.22,2.490000000000009,0.0,6,it must also be environmentally sustainable
31-03-04-m-009,II,ST,106,814.71,5.409999999999968,0.0,16,and one of the most interesting new areas in this regard is that of environmental technologies
31-03-04-m-009,II,ST,107,820.12,11.039999999999964,0.0,25,European Council recognises the importance of enabling companies to exploit new technologies and has called for the rapid implementation of the Environmental Technologies Action Plan
31-03-04-m-009,II,ST,108,831.16,8.540000000000077,0.0,23,we've also invited the Commission and the European Investment Bank to see how financial instruments could be mobilised to promote such technologies
31-03-04-m-009,II,ST,109,839.7,5.459999999999923,1.0,18,the Commission is to prepare a report for next year's European Council on progress in this area
31-03-04-m-009,II,ST,110,845.16,3.840000000000032,0.0,11,of course President growth and competitiveness are not ends in themselves
31-03-04-m-009,II,ST,111,849.0,6.590000000000032,0.0,19,they're the means to secure and develop the European social model with its emphasis on sustainability and inclusion
31-03-04-m-009,II,ST,112,855.59,5.009999999999991,0.0,16,protecting the most vulnerable members of our society is an essential part of the Lisbon Agenda
31-03-04-m-009,II,ST,113,860.6,3.949999999999932,0.0,11,European Council placed employment at the very core of its agenda
31-03-04-m-009,II,ST,114,864.55,5.170000000000073,0.0,17,creating more and better jobs is the most urgent issue to be addressed over the coming year
31-03-04-m-009,II,ST,115,869.72,11.579999999999927,0.0,28,the European Council agreed that Member States should give urgent attention to four particular structural challenges identified by the Employment Taskforce and reinforced in the Joint Employment Report
31-03-04-m-009,II,ST,116,881.3,11.3900000000001,0.0,29,these are to promote greater adaptability by companies and workers attract more people into the labour market improve the quality of employment and encourage greater investment in human capital
31-03-04-m-009,II,ST,117,892.69,4.6299999999999955,0.0,13,there is a real benefit from taking action now to maximise employment opportunities
31-03-04-m-009,II,ST,118,897.32,7.1099999999999,0.0,18,and high employment will boost growth and also provides the best route out of poverty and social exclusion
31-03-04-m-009,II,ST,119,904.43,12.240000000000009,1.0,40,next year's Spring European Council will review progress made in this area over the course of the year and particular attention will be given to the extent to which national actions have boosted progress towards the Lisbon employment goals
31-03-04-m-009,II,ST,120,916.67,10.090000000000032,0.0,25,the Council and the Commission have been invited to jointly prepare a concise synthesis report drawing on the joint employment report specifically for that discussion
31-03-04-m-009,II,ST,121,926.76,5.330000000000041,0.0,19,as I indicated earlier the Parliament's role has been pivotal in enabling us to advance the Lisbon Agenda
31-03-04-m-009,II,ST,122,932.09,10.449999999999932,1.0,37,and one of the areas in which we hope to make progress over the coming weeks is that of a mobility package aimed at making it easier for workers to move more easily or between Member States
31-03-04-m-009,II,ST,123,942.54,12.200000000000045,0.0,31,we have worked together cooperatively on Regulation fourteen o eight which once agreed should bring significant benefits in terms of better coordination of social security systems and easier access to entitlements
31-03-04-m-009,II,ST,124,954.74,5.509999999999991,1.0,15,I hope that we can finalise this dossier jointly before the end of the term
31-03-04-m-009,II,ST,125,960.25,14.779999999999973,0.0,37,equally I look forward to fruitful cooperation on the related dossiers of Europass and the Mutual Recognition of Professional Qualifications Directive which are aimed at making it easier to have education qualifications recognised in other Member States
31-03-04-m-009,II,ST,126,975.03,5.850000000000023,0.0,16,governments alone cannot bring about the range of changes required to to reaching the Lisbon goal
31-03-04-m-009,II,ST,127,980.88,5.039999999999964,0.0,13,all stakeholders have a vital role to play in progressing and facilitating change
31-03-04-m-009,II,ST,128,985.92,13.160000000000082,0.0,35,to this end European Council agreed to the Presidency's proposal to establish reformed partnerships in each Member State according to national arrangements and traditions involving the social partners civil society and the public authorities
31-03-04-m-009,II,ST,129,999.08,6.279999999999973,0.0,15,and these partnerships will provide a useful mechanism for building commitment for change and reform
31-03-04-m-009,II,ST,130,1005.36,6.309999999999945,0.0,20,we all recognise that much more needs to be done if Lisbon is to be implemented within its original timescale
31-03-04-m-009,II,ST,131,1011.67,8.480000000000018,0.0,31,next year's mid-term review will provide a crucial opportunity for us to take stock of what needs to be changed if we're to speed up the implementation process
31-03-04-m-009,II,ST,132,1020.15,4.6299999999999955,1.0,15,we need to build our preparations for the mid-term review and a good foundation
31-03-04-m-009,II,ST,133,1024.78,9.569999999999936,0.0,33,to this end Heads of of State or Government invited the Commission to establish a high-level group chaired by Wim Kok to carry out an independent review to contribute to this exercise
31-03-04-m-009,II,ST,134,1034.35,5.3400000000001455,0.0,15,and Kok's appointment will provide continuity with the earlier work of the Employment Taskforce
31-03-04-m-009,II,ST,135,1039.69,4.460000000000036,0.0,15,his unparalleled experience will provide a vital and invaluable impetus for the mid-term review
31-03-04-m-009,II,ST,136,1044.15,10.240000000000009,0.0,33,we've asked the High Level Group to report by the first of November this year to enable the Commission to bring forward its own recommendations to next year's Spring European Council
31-03-04-m-009,II,ST,137,1054.39,14.039999999999964,1.0,37,President the European Council reviewed a number of issues on the international agenda adopted conclusions on the Middle East Peace Process Iraq the Strategic Partnership with the Mediterranean and Middle East Russia Afghanistan and the Ivory Coast
31-03-04-m-009,II,ST,138,1068.43,2.339999999999918,0.0,4,we also considered Cyprus
31-03-04-m-009,II,ST,139,1070.77,7.0,-1.0,15,European Council reviewed the situation in Kosovo following the recent outbreak of ethnically motivated violence
31-03-04-m-009,II,ST,140,1077.77,4.160000000000082,0.0,13,and the situation appears to have stabilised but remains as you know tense
31-03-04-m-009,II,ST,141,1081.93,9.009999999999991,0.0,24,it is essential that the primacy of the political process be reasserted and that the political the local politicians take responsibility for that situation
31-03-04-m-009,II,ST,142,1090.94,7.079999999999927,0.0,19,the European Union remains fully committed to a stable future for a secure democratic prosperous and multi-ethnic Kosovo
31-03-04-m-009,II,ST,143,1098.02,10.460000000000036,1.0,25,the Union will continue to support fully the efforts of Special Representative of the UN Secretary-General Harri Holkeri and the Standards before Status process
31-03-04-m-009,II,ST,144,1108.48,5.379999999999882,0.0,17,the Council also discussed the situation in the Middle East which continues to be of grave concern
31-03-04-m-009,II,ST,145,1113.86,7.650000000000091,1.0,25,the Presidency is maintaining close contact with the leaders of the principal Arab states to ensure the momentum in the peace process is not lost
31-03-04-m-009,II,ST,146,1121.51,12.769999999999982,1.0,41,Foreign Minister Cowen has visited Cairo and Damascus in the last two days and has emphasised the need for a concerted effort to advance our common goals of peace and security in the region through a just resolution of the conflict
31-03-04-m-009,II,ST,147,1134.28,7.039999999999964,0.0,20,on Afghanistan the European Council look forward to the international conference on Afghanistan which is taking place today in Berlin
31-03-04-m-009,II,ST,148,1141.32,4.480000000000018,0.0,11,the European Union remains firmly committed to the reconstruction of Afghanistan
31-03-04-m-009,II,ST,149,1145.8,7.289999999999964,0.0,19,Foreign Minister Brian Cowen is representing the EU at this important conference together with Javier Solana and Chris Patten
31-03-04-m-009,II,ST,150,1153.09,5.060000000000173,0.0,15,negotiations on a Cyprus settlement are in the final phase as we meet here today
31-03-04-m-009,II,ST,151,1158.15,5.649999999999864,0.0,19,the accession of a united Cyprus on the first of May remains a strong preference of the European Union
31-03-04-m-009,II,ST,152,1163.8,5.309999999999945,1.0,16,in our conclusions the European Council reiterated the Union's support for the UN-led negotiations
31-03-04-m-009,II,ST,153,1169.11,6.7000000000000455,0.0,23,we affirmed our readiness to accommodate the terms of a settlement in line with the principles on which the European Union is founded
31-03-04-m-009,II,ST,154,1175.81,8.049999999999955,0.0,24,Mr President and President Prodi Honourable Members the European Council took place at a critically important time in the history of the European Union
31-03-04-m-009,II,ST,155,1183.86,9.120000000000118,1.0,35,and as we set out in our presidency programme the first half of two thousand and four represents a time of great change and challenge but also of great hope and opportunity of the Union
31-03-04-m-009,II,ST,156,1192.98,8.809999999999945,-1.0,30,the first of May will mark the end of the post-war division of the continent and enable us to move forward together towards a better and more inclusive Europe
31-03-04-m-009,II,ST,157,1201.79,9.539999999999964,0.0,30,the terrible events like those of the eleventh of March only serve to reinforce the determination to work together to forge agreements that will in every sense make Europe work
31-03-04-m-009,II,ST,158,1211.33,10.8900000000001,0.0,36,I look forward to Mr President continuing to work in full cooperation with the European Parliament and the European Commission and I particularly thank you today for all your cooperation over the last number of months
31-03-04-m-009,II,ST,159,1222.22,10.549999999999955,0.0,38,and as we stand on the threshold of enlargement we can continue to show that the new Europe working together has both the will and the determination to deliver the positive outcomes and decisions which our people deserve
31-03-04-m-009,II,ST,160,1232.77,0.6300000000001091,0.0,2,thank you
31-03-04-m-009,II,TT,0,0.0,9.846,0.0,12,muchísimas gracias señor Presidente Cox señor Presidente Prodi Señorías Señoras y Señores
31-03-04-m-009,II,TT,1,9.846,12.469999999999999,0.0,17,me complace estar aquí para informarles sobre el Consejo la reunión del Consejo de la semana pasada
31-03-04-m-009,II,TT,2,22.316,3.4400000000000013,0.0,9,voy a presentar las prioridades de la Presidencia irlandesa
31-03-04-m-009,II,TT,3,25.756,12.909999999999997,0.0,32,cuando las presenté en su momento dije que uno de las principales objetivos era asegurar los resultados de forma positiva para que tuvieran un impacto positivo sobre la vida de los ciudadanos
31-03-04-m-009,II,TT,4,38.666,6.330000000000005,0.0,11,creo que hemos logrado asumir nuevos retos en la Unión Europea
31-03-04-m-009,II,TT,5,44.996,8.030000000000001,0.0,19,y también hemos mostrado que nos podemos aproximar para hacer una diferencia en la vida cotidiana de nuestros ciudadanos
31-03-04-m-009,II,TT,6,53.026,6.519999999999996,0.0,19,los progresos significativos en de la última semana en la reunión del Consejo Europeo se debió a diferentes factores
31-03-04-m-009,II,TT,7,59.546,7.3600000000000065,0.0,26,uno de los factores más importantes estoy convencido de ello ha sido la excelente colaboración entre el Consejo y la Comisión Europea y el Parlamento Europeo
31-03-04-m-009,II,TT,8,66.906,8.459999999999994,0.0,19,y además el el lema de la Presidencia irlandesa ha sido precisamente la de que los europeos trabajan conjuntamente
31-03-04-m-009,II,TT,9,75.366,5.430000000000007,0.0,14,y este Consejo Europeo ha demostrado que ha logrado mucho cuando se propone hacerlo
31-03-04-m-009,II,TT,10,80.796,7.11999999999999,-1.0,14,sabrán sus Señorías que se aprobó una declaración para luchar en contra del terrorismo
31-03-04-m-009,II,TT,11,87.916,6.135000000000005,1.0,16,para ello se han reanudado las negociaciones en la Conferencia intergubernamental para llegar a un acuerdo
31-03-04-m-009,II,TT,12,94.051,6.424999999999997,0.0,18,además hemos incluido toda una serie de temas políticos incluyendo Oriente Próximo Iraq Afganistán los Balcanes y Rusia
31-03-04-m-009,II,TT,13,100.476,8.909999999999997,0.0,20,señor Presidente todos tristemente somos conscientes de la sombra que ha arrojado el atentado de Madrid del once de marzo
31-03-04-m-009,II,TT,14,109.386,3.8599999999999994,0.0,11,quisiera expresar nuevamente mis condolencias a las familias de las víctimas
31-03-04-m-009,II,TT,15,113.246,10.620000000000005,1.0,28,estoy de acuerdo estoy seguro de que estarán de acuerdo conmigo en que este atentado constituye un reto muy grave hacia todo lo que representa la Unión Europea
31-03-04-m-009,II,TT,16,123.866,13.700000000000003,-1.0,34,considero que respecto a la respuesta a esta amenaza el Consejo Europeo desea asegurar que se haga todo lo que esté en nuestra mano para proteger a nuestros ciudadanos de este azote del terrorismo
31-03-04-m-009,II,TT,17,137.566,5.6299999999999955,0.0,12,al mismo tiempo deben protegerse los derechos humanos fundamentales en nuestras democracias
31-03-04-m-009,II,TT,18,143.196,10.780000000000001,-1.0,21,creo que la declaración para luchar en contra del terrorismo adoptado adoptada por el Consejo Europeo encuentra el balance apropiado apropiado
31-03-04-m-009,II,TT,19,153.976,1.3700000000000045,0.0,5,hace hincapié en la cooperación
31-03-04-m-009,II,TT,20,155.346,10.719999999999999,0.0,30,y puedo además decirles que he apoyado una propuesta hecha por el Parlamento Europeo para declarar el once de marzo el día europeo de conmemoración de las víctimas del terrorismo
31-03-04-m-009,II,TT,21,166.066,17.139999999999986,1.0,41,la declaración contiene una serie de ámbitos específicos de acción entre entre otros el compartir información sobre inteligencia aumentar los controles en las fronteras y mejorar la seguridad de los documentos de viaje mejorar la protección de los sistemas de transporte
31-03-04-m-009,II,TT,22,183.206,8.189999999999998,0.0,20,además hay un compromiso para una cooperación con terceros países e e y entidades internacionales en particular con Naciones Unidas
31-03-04-m-009,II,TT,23,191.396,5.340000000000003,-1.0,16,un coordinador para luchar en contra del terrorismo el señor Gijs de Vries ha sido nombrado
31-03-04-m-009,II,TT,24,196.736,11.340000000000003,0.0,24,además el Consejo Europeo va a examinar el Plan de Acción sobre Terrorismo en junio cuando se aprueben las tareas claves y los calendarios
31-03-04-m-009,II,TT,25,208.076,5.800000000000011,-1.0,11,además ha habido una declaración de solidaridad en contra del terrorismo
31-03-04-m-009,II,TT,26,213.876,10.389999999999986,0.0,25,para ello los Estados miembros se han comprometido a solidarizarse los unos con los otros sobre todo cuando uno es víctima de un ataque terrorista
31-03-04-m-009,II,TT,27,224.266,6.159999999999997,0.0,16,aprecio mucho que el Presidente Cox participara en la primera sesión de nuestra reunión sobre terrorismo
31-03-04-m-009,II,TT,28,230.426,7.810000000000002,0.0,21,y además la solidaridad que han mostrado las instituciones de la Unión han aportado y han transmitido un mensaje muy importante
31-03-04-m-009,II,TT,29,238.236,6.890000000000015,-1.0,22,la amenaza de terrorismo es una amenaza a nuestra seguridad nuestras democracias y a nuestra forma de vida en la Unión Europea
31-03-04-m-009,II,TT,30,245.126,12.47999999999999,0.0,20,sobre la base de mi informe pues se van a continuar las solicitudes de la Presidencia para continuar las consultas
31-03-04-m-009,II,TT,31,257.606,9.800000000000011,1.0,23,además se va a llegar a debería llegarse un acuerdo sobre la nueva Constitución a más tardar en el Consejo Europeo de junio
31-03-04-m-009,II,TT,32,267.406,11.560000000000002,0.0,22,cuando comparecí aquí en enero dejé claro nuestro compromiso para hacer avanzar la CIG y de ser posible concluirla durante nuestra Presidencia
31-03-04-m-009,II,TT,33,278.966,4.454999999999984,0.0,15,pero a la sazón no se sabía hasta qué punto se iba a poder llegar
31-03-04-m-009,II,TT,34,283.421,4.235000000000014,0.0,5,nosotros deseábamos relanzar la CIG
31-03-04-m-009,II,TT,35,287.656,7.649999999999977,0.0,20,yo sé que muchas personas en las primeras fases de nuestra Presidencia nos dijeron que consideraban que había pocas posibilidades
31-03-04-m-009,II,TT,36,295.306,10.520000000000039,1.0,31,no pudimos llegar a un acuerdo sobre un marco un calendario para la conclusión de la CIG sin tener en cuenta los compromisos políticos de mis colegas en el Consejo Europeo
31-03-04-m-009,II,TT,37,305.826,7.92999999999995,0.0,17,la semana pasada volvimos a comprometernos en pro de la Constitución reconociendo su valor y su importancia
31-03-04-m-009,II,TT,38,313.756,3.480000000000018,0.0,9,cuanto antes se logre el Tratado Constitucional tanto mejor
31-03-04-m-009,II,TT,39,317.236,5.0,0.0,9,lo hemos reconocido aunque las negociaciones finales sean difíciles
31-03-04-m-009,II,TT,40,322.236,10.79000000000002,0.0,16,no constituye un impedimento para pensar que esto va a ser más fácil con el tiempo
31-03-04-m-009,II,TT,41,333.026,4.25,0.0,11,este desarrollo es positivo y constituye un importante paso hacia adelante
31-03-04-m-009,II,TT,42,337.276,2.795000000000016,0.0,6,mucho mérito lo tiene este Parlamento
31-03-04-m-009,II,TT,43,340.071,6.339999999999975,0.0,13,ustedes han instado a los Estados miembros a seguir adelante con las negociaciones
31-03-04-m-009,II,TT,44,346.411,5.514999999999986,1.0,17,ha sido un apoyo muy positivo de la estrategia de la Presidencia que ha sido muy apreciado
31-03-04-m-009,II,TT,45,351.926,11.384999999999991,0.0,27,en nuestras consultas con todas las delegaciones hemos podido confirmar que el la la la gran parte del articulado del texto de la Convención no se cuestiona
31-03-04-m-009,II,TT,46,363.311,4.805000000000007,0.0,11,hemos además incluido algunas propuestas adicionales hechas por la Presidencia italiana
31-03-04-m-009,II,TT,47,368.116,4.770000000000039,0.0,8,hay algunos temas pendientes muy complejos y delicados
31-03-04-m-009,II,TT,48,372.886,9.949999999999989,0.0,19,sin embargo también hemos podido identificar posibles fórmulas para seguir adelante y pensamos que se va a poder resolver
31-03-04-m-009,II,TT,49,382.836,1.0600000000000023,0.0,5,no va a ser fácil
31-03-04-m-009,II,TT,50,383.896,9.269999999999982,1.0,26,va a requerir tiempo y buena voluntad por todas partes pero creo que este ingrediente fundamental la voluntad política para llegar a un acuerdo está ahí
31-03-04-m-009,II,TT,51,393.166,8.759999999999991,0.0,20,los representantes del Parlamento como los de otras delegaciones han dejado claro cuáles son los temas especialmente importantes para ustedes
31-03-04-m-009,II,TT,52,401.926,7.509999999999991,0.0,21,les puedo asegurar como a todos los demás que la Presidencia va a ser abierta y dispuesta a negociar con todos
31-03-04-m-009,II,TT,53,409.436,13.300000000000011,0.0,27,y no voy a omitir a nadie ni voy a ni vamos a hacer gala de no no vamos a ser cortos de miras en las negociaciones
31-03-04-m-009,II,TT,54,422.736,12.259999999999991,0.0,36,tal y como he dicho en nuestro informe los temas principales siguen siendo el tamaño y la composición de la de la Comisión así como la definición y el alcance de las votaciones por mayoría cualificada
31-03-04-m-009,II,TT,55,434.996,5.360000000000014,0.0,17,en la reunión de la última semana no llegamos a un debate en profundidad sobre estos temas
31-03-04-m-009,II,TT,56,440.356,7.0400000000000205,0.0,13,tampoco llegamos a conclusiones pero hemos visto fórmulas posibles para llegar a compromisos
31-03-04-m-009,II,TT,57,447.396,7.089999999999975,0.0,15,reconocemos que la Comisión ha de ser eficaz y tiene que tener una base legítima
31-03-04-m-009,II,TT,58,454.486,13.025000000000034,0.0,24,son dos perspectivas que pueden reconciliarse durante un cierto período ampliado para luego reducir el tamaño de la Comisión después de un cierto tiempo
31-03-04-m-009,II,TT,59,467.511,11.924999999999955,0.0,32,es vital que nosotros mantengamos nuestro requisito para aumentar la eficacia que no perdamos de vista este objetivo teniendo en cuenta un equilibrio adecuado entre los Estados miembros y sus preocupaciones específicas
31-03-04-m-009,II,TT,60,479.436,16.460000000000036,0.0,40,deberíamos llegar a un resultado que responda a las preocupaciones de todos y creo que esto podría realizarse mediante algunos ajustes respecto a la población y a los umbrales de los Estados miembros también confirmando una transición de mayoría doble
31-03-04-m-009,II,TT,61,495.896,3.589999999999975,0.0,8,pero deben tenerse en cuenta los diferentes detalles
31-03-04-m-009,II,TT,62,499.486,16.83000000000004,0.0,23,respecto a las votaciones por mayoría cualificada hay la intención compartida como sé por el Parlamento de ampliar las decisiones por mayoría cualificada
31-03-04-m-009,II,TT,63,516.316,4.25,0.0,18,al mismo tiempo también hay la necesidad de tener en cuenta algunas preocupaciones específicas de los Estados miembros
31-03-04-m-009,II,TT,64,520.566,3.169999999999959,0.0,8,creo que el resultado va a ser satisfactorio
31-03-04-m-009,II,TT,65,523.736,7.409999999999968,0.0,22,se va a poder lograr esto mediante la ampliación de la votación por mayoría cualificada y en el ámbito de la codecisión
31-03-04-m-009,II,TT,66,531.146,3.4400000000000546,0.0,13,se va a llegar a una mejor situación que en los presentes Tratados
31-03-04-m-009,II,TT,67,534.586,6.17999999999995,0.0,18,yo creo que vamos a tener que resolver resolver toda una serie de puntos hasta finalizar las negociaciones
31-03-04-m-009,II,TT,68,540.766,9.400000000000091,0.0,28,es un período en el que vamos a tener que aprovechar todos los todos los las vías posibles incluyendo las reuniones bilaterales y las debates a nivel oficial
31-03-04-m-009,II,TT,69,550.166,12.6099999999999,0.0,39,en la CIG por supuesto se van a realizar las cosas a nivel político y vamos a pedir a los ministros de exteriores que hagan avanzar los trabajos también a nivel de los jefes de Estado y de Gobierno
31-03-04-m-009,II,TT,70,562.776,3.615000000000009,0.0,10,como ustedes deseo que se concluya la CIG cuanto antes
31-03-04-m-009,II,TT,71,566.391,8.605000000000018,0.0,31,sin embargo tenemos que tener en cuenta toda una serie de factores incluyendo la formación de nuevos gobiernos en algunos países y hay toda una serie de temas en el tintero
31-03-04-m-009,II,TT,72,574.996,7.139999999999986,0.0,17,seguramente van a darse cuenta de que habrá una oportunidad real de concluir esto antes de junio
31-03-04-m-009,II,TT,73,582.136,1.7800000000000864,0.0,5,si la hay lo haremos
31-03-04-m-009,II,TT,74,583.916,4.949999999999932,0.0,10,no debemos subestimar sin embargo los avances que hemos realizado
31-03-04-m-009,II,TT,75,588.866,5.850000000000023,0.0,9,solamente hace unas pocas semanas pocos hubieran sido optimistas
31-03-04-m-009,II,TT,76,594.716,7.580000000000041,0.0,21,hasta ahora esta Presidencia ha sido modesta respecto a sus expectativas pero ha tenido ha sido muy ambiciosa al mismo tiempo
31-03-04-m-009,II,TT,77,602.296,5.3700000000000045,0.0,17,y no hay ninguna ambición más importante que lograr nuestro objetivo común de una Constitución para Europa
31-03-04-m-009,II,TT,78,607.666,2.699999999999932,0.0,8,yo con su ayuda espero lograr este objetivo
31-03-04-m-009,II,TT,79,610.366,13.690000000000055,0.0,32,cuando comparecí en enero ante esta Cámara di gran prioridad a nuestra Agenda de Lisboa y a nuestra determinación de que el Consejo Europeo de primavera debía revitalizar el proceso de Lisboa
31-03-04-m-009,II,TT,80,624.056,6.689999999999941,0.0,18,esto se ha visto alentado por la respuesta del Parlamento Europeo ante nuestras ideas presentadas a la sazón
31-03-04-m-009,II,TT,81,630.746,8.480000000000018,0.0,20,me complace informarles de que en el Consejo Europeo de la semana pasada celebramos un debate interesantísimo sobre todo esto
31-03-04-m-009,II,TT,82,639.226,2.9500000000000455,0.0,11,nos centramos en los temas clave de la Agenda de Lisboa
31-03-04-m-009,II,TT,83,642.176,6.919999999999959,1.0,23,los colegas han estado de acuerdo con mi propuesta en el sentido de que se dé importancia al crecimiento sostenible y al empleo
31-03-04-m-009,II,TT,84,649.096,2.909999999999968,0.0,7,son los retos principales que deben abordarse
31-03-04-m-009,II,TT,85,652.006,9.31000000000006,0.0,21,el Consejo Europeo acordó que se requiere un planteamiento equilibrado si deseamos mantener el crecimiento en el futuro de forma sostenible
31-03-04-m-009,II,TT,86,661.316,3.1100000000000136,0.0,5,para ello requerimos políticas macroeconómicas
31-03-04-m-009,II,TT,87,664.426,5.519999999999982,0.0,13,al mismo tiempo la cohesión social debe ser algo fundamental de nuestro enfoque
31-03-04-m-009,II,TT,88,669.946,4.100000000000023,0.0,11,al mismo tiempo el crecimiento futuro debe ser sostenible y sólido
31-03-04-m-009,II,TT,89,674.046,3.919999999999959,0.0,11,el Parlamento Europeo se ha mostrado muy constructivo con el Consejo
31-03-04-m-009,II,TT,90,677.966,10.259999999999991,0.0,29,ha sido muy importante para poder avanzar en todos los aspectos del trabajo de la Unión no solamente en el trabajo legislativo relacionado directamente con la Agenda de Lisboa
31-03-04-m-009,II,TT,91,688.226,14.379999999999995,0.0,26,los actos legislativos de las últimas semanas van de los servicios financieros hasta la apertura de los mercados ferroviarios derechos de propiedad intelectual y responsabilidad medioambiental
31-03-04-m-009,II,TT,92,702.606,4.590000000000032,0.0,15,me quedo quedo esperando o a la espera de los resultados de las próximas semanas
31-03-04-m-009,II,TT,93,707.196,13.299999999999955,0.0,37,también ha aumentado la credibilidad de la Agenda de Lisboa a medida que vamos llegando a nuestros objetivos por por ejemplo los instrumentos financieros la directiva de los mercados de instrumentos financieros y la directiva de transparencia
31-03-04-m-009,II,TT,94,720.496,8.779999999999973,0.0,23,hay un importante reto identificado en el Consejo Europeo a saber los lo el sector de los servicios que sigue siendo muy fragmentado
31-03-04-m-009,II,TT,95,729.276,6.720000000000027,0.0,22,el sector de los servicios corresponde a un setenta por cien de la creación de empleo y crecimiento en la última década
31-03-04-m-009,II,TT,96,735.996,12.330000000000041,0.0,28,me complace informarles que el Consejo Europeo ve un potencial de expansión en este ámbito y ha considerado que el proyecto de directiva sobre servicios debe ser prioritario
31-03-04-m-009,II,TT,97,748.326,7.209999999999923,0.0,16,el desarrollo de una mejora de una mejor reglamentación debe aumentar la competitividad y la productividad
31-03-04-m-009,II,TT,98,755.536,16.440000000000055,0.0,32,el Consejo Europeo ha celebrado la iniciativa dirigida por Irlanda Países Bajos Luxemburgo y el Reino Unido que va a permitirnos hacer progresos en este ámbito prioritario en los próximos dos años
31-03-04-m-009,II,TT,99,771.976,5.860000000000014,0.0,17,vamos a continuar con una mejor regulación en el Consejo Europeo de noviembre de dos mil cuatro
31-03-04-m-009,II,TT,100,777.836,4.705000000000041,1.0,13,además es importante llegar a un progreso en el ámbito de las investigaciones
31-03-04-m-009,II,TT,101,782.541,2.964999999999918,0.0,11,es uno de los elementos centrales de la Agenda de Lisboa
31-03-04-m-009,II,TT,102,785.506,10.57000000000005,0.0,24,tenemos que desplegar esfuerzos para asegurar a los que los investigadores se queden en Europa que se sientan atraídos por su trabajo en Europa
31-03-04-m-009,II,TT,103,796.076,13.639999999999986,0.0,28,además hay que facilitar las inversiones en investigación y desarrollo de las pequeñas de las pequeñas y medianas empresas y en las empresas que están iniciando su andadura
31-03-04-m-009,II,TT,104,809.716,4.319999999999936,0.0,12,además se ha hecho hincapié en las inversiones en investigación de base
31-03-04-m-009,II,TT,105,814.036,7.350000000000023,0.0,25,el crecimiento no solamente debe ser sostenible desde un punto de vista económico sino que también debe ser sostenible desde un punto de vista medioambiental
31-03-04-m-009,II,TT,106,821.386,2.8700000000000045,0.0,7,para ello nos interesan las tecnologías medioambientales
31-03-04-m-009,II,TT,107,824.256,13.040000000000077,0.0,28,el Consejo Europeo reconoce la importancia de permitir a las compañías que apliquen nuevas tecnologías y para ello deseamos aplicar el Plan de Acción de las tecnologías medioambientales
31-03-04-m-009,II,TT,108,837.296,13.654999999999973,0.0,33,además se nos ha instado por la Comisión y o mejor dicho hemos instado a la Comisión y al Banco Europeo de Inversiones a movilizar instrumentos financieros para promover este tipo de tecnologías
31-03-04-m-009,II,TT,109,850.951,4.944999999999936,0.0,13,además se va a preparar un informe sobre los progresos en este ámbito
31-03-04-m-009,II,TT,110,855.896,5.710000000000036,0.0,12,hay hay que proteger a los miembros más vulnerables de nuestra sociedad
31-03-04-m-009,II,TT,111,861.606,3.230000000000018,0.0,9,esto forma parte esencial de la Agenda de Lisboa
31-03-04-m-009,II,TT,112,864.836,6.090000000000032,0.0,15,el Consejo Europeo ha dado gran importancia al empleo un tema prioritario de esa Agenda
31-03-04-m-009,II,TT,113,870.926,2.8999999999999773,0.0,9,hay que crear puestos de trabajo nuevos y mejores
31-03-04-m-009,II,TT,114,873.826,2.3600000000000136,0.0,8,esto es algo urgente para el próximo año
31-03-04-m-009,II,TT,115,876.186,11.299999999999955,0.0,28,además se ha acordado dar una especial atención a los cambios estructurales identificados por el Grupo de Trabajo de Empleo y reforzados en el informe conjunto sobre empleo
31-03-04-m-009,II,TT,116,887.486,15.149999999999977,1.0,35,hay que mejorar la adaptabilidad de las empresas y de los trabajadores atraer a más personas al mercado laboral mejorar la calidad del empleo y alentar a los inversores en capital o en recursos humanos
31-03-04-m-009,II,TT,117,902.636,11.790000000000077,0.0,25,sabemos que es mejor aumentar los puestos de trabajo porque de esta manera se puede erradicar de mejor manera la pobreza y la exclusión social
31-03-04-m-009,II,TT,118,914.426,6.059999999999945,0.0,18,el Consejo Europeo de primavera además del próximo año va a revisar los progresos hechos en este ámbito
31-03-04-m-009,II,TT,119,920.486,7.8700000000000045,0.0,20,se va a prestar especial atención a las acciones nacionales en lo que respecta a alcanzar los objetivos de empleo
31-03-04-m-009,II,TT,120,928.356,9.759999999999991,0.0,25,tal y como se ha dicho anteriormente el Parlamento ha desempeñado un papel importantísimo para permitirnos hacer avances en la con la Agenda de Lisboa
31-03-04-m-009,II,TT,121,938.116,7.6200000000000045,0.0,28,uno de los temas principales de las próximas semanas es el paquete de movilidad que va a facilitar la movilidad de los trabajadores entre los diferentes Estados miembros
31-03-04-m-009,II,TT,122,945.736,20.57000000000005,1.0,48,hemos colaborado de forma de forma muy fructífera con el reglamento mil cuatrocientos ocho que una vez que se acuerde va a beneficiar de forma significativa a la coordinación de los sistemas de seguridad social y va a mejorar el acceso a los derechohabientes de la seguridad social
31-03-04-m-009,II,TT,123,966.306,11.490000000000009,0.0,26,además considero que es importante la cooperación con temas relacionados con el euro-pasaporte y el reconocimiento mutuo de calificaciones profesionales la directiva respecto a esto
31-03-04-m-009,II,TT,124,977.796,9.009999999999991,0.0,16,los gobiernos solos no pueden lograr los cambios que requiere el alcanzar los objetivos de Lisboa
31-03-04-m-009,II,TT,125,986.806,5.069999999999936,0.0,13,todos los implicados desempeñan un papel vital para lograr progresos en este ámbito
31-03-04-m-009,II,TT,126,991.876,16.50999999999999,0.0,44,y con este fin el Consejo Europeo ha acordado la propuesta de la Presidencia para establecer asociaciones de reforma en todos y cada uno de los Estados miembros teniendo en cuenta a los interlocutores sociales a la sociedad civil y a las autoridades públicas
31-03-04-m-009,II,TT,127,1008.386,7.600000000000023,0.0,19,sabemos todos que se debe hacer mucho más si deseamos aplicar las estrategias de Lisboa en su calendario original
31-03-04-m-009,II,TT,128,1015.986,9.010000000000105,0.0,26,la próxima revisión a medio plazo va a constituir una oportunidad crítica para hacer un inventario de lo que debe cambiar en este proceso de aplicación
31-03-04-m-009,II,TT,129,1024.996,5.559999999999945,0.0,15,tenemos que estar bien preparados en esta revisión a medio plazo sobre una buena base
31-03-04-m-009,II,TT,130,1030.556,13.069999999999936,0.0,44,con este fin los jefes de Estado y de Gobierno han invitado a la Comisión a establecer un un grupo de alto nivel dirigido por Wim Kok que constituya o que realice una revisión independiente y que contribuya de esta manera a este ejercicio
31-03-04-m-009,II,TT,131,1043.626,7.370000000000118,0.0,18,el nombramiento de Wim Kok va a dar una continuidad al trabajo del Grupo de Trabajo sobre empleo
31-03-04-m-009,II,TT,132,1050.996,7.980000000000018,0.0,19,además se van a presentar las recomendaciones de la Comisión ante el Consejo Europeo del próximo año de primavera
31-03-04-m-009,II,TT,133,1058.976,14.099999999999909,1.0,36,el Consejo Europeo además adoptó conclusiones sobre el proceso de paz de Oriente Próximo sobre Iraq sobre las asociaciones estratégicas con los países del Mediterráneo y de Oriente Próximo Rusia Afganistán y la Costa de Marfil
31-03-04-m-009,II,TT,134,1073.076,3.6800000000000637,0.0,7,además hemos considerado la situación de Chipre
31-03-04-m-009,II,TT,135,1076.756,13.3599999999999,-1.0,30,el Consejo Europeo ha revisado la situación en Kosovo y tras el estallido de actos de violencia debido a problemas étnicos la situación parece haberse estabilizado pero sigue en tensión
31-03-04-m-009,II,TT,136,1090.116,3.769999999999982,0.0,11,además hay que tener en cuenta la evaluación del proceso político
31-03-04-m-009,II,TT,137,1093.886,14.134999999999991,1.0,27,la Unión Europea mantiene su compromiso compromiso pleno pleno perdón para luchar a favor de un futuro estable en seguridad democracia y prosperidad en un Kosovo multiétnico
31-03-04-m-009,II,TT,138,1108.021,14.085000000000036,0.0,23,en este sentido apoyamos al Representante del Secretario General de Naciones Unidas Harri Holkeri y y los estándares antes del proceso de estatus
31-03-04-m-009,II,TT,139,1122.106,2.839999999999918,-1.0,10,en cualquier caso es un tema que nos preocupa muchísimo
31-03-04-m-009,II,TT,140,1124.946,10.5300000000002,1.0,23,además la Presidencia mantiene contactos estrechos con los líderes de los principales Estados árabes para que no se pierda el proceso de paz
31-03-04-m-009,II,TT,141,1135.476,4.829999999999927,0.0,12,el Ministro de Exteriores Cowen ha visitado Cairo y Damasco esta semana
31-03-04-m-009,II,TT,142,1140.306,7.335000000000036,0.0,25,además en Afganistán el Consejo Europeo ha estado presente en la Conferencia Internacional sobre Afganistán que va a tener que tiene lugar hoy en Berlín
31-03-04-m-009,II,TT,143,1147.641,4.2349999999999,0.0,12,la Unión Europea mantiene un compromiso firme para la reconstrucción de Afganistán
31-03-04-m-009,II,TT,144,1151.876,7.930000000000064,0.0,23,el Ministro de Exteriores Brian Cowen además representa a la Unión Europea en esta importante conferencia junto con Javier Solana y Chris Patten
31-03-04-m-009,II,TT,145,1159.806,3.599999999999909,0.0,10,las negociaciones sobre Chipre están entrando en la fase final
31-03-04-m-009,II,TT,146,1163.406,5.240000000000009,0.0,15,la adhesión de un Chipre unido el uno de mayo sigue siendo una prioridad importante
31-03-04-m-009,II,TT,147,1168.646,6.660000000000082,1.0,27,a título de conclusión el Consejo Europeo ha reiterado el apoyo de la Unión para las negociaciones llevadas a cabo por la Unión por por Naciones Unidas
31-03-04-m-009,II,TT,148,1175.306,5.899999999999864,1.0,13,y reafirma nuestra disposición a mejorar los términos las condiciones de la reconciliación
31-03-04-m-009,II,TT,149,1181.206,11.009999999999991,0.0,27,señor Presidente Señor Prodi Señorías el Consejo Europeo ha dado gran importancia o ha tenido lugar en un momento crítico de la historia de la Unión Europea
31-03-04-m-009,II,TT,150,1192.216,12.410000000000082,0.0,35,cuando hemos iniciado nuestro programa Presidencial en el primer semestre de dos mil cuatro vemos que esta es una época de grandes cambios y retos pero también de grandes oportunidades y esperanzas para la Unión
31-03-04-m-009,II,TT,151,1204.626,9.700000000000045,-1.0,26,el uno de mayo va a marcar el fin de la división posterior a la Segunda Guerra de nuestro continente y va a permitirnos avanzar conjuntamente
31-03-04-m-009,II,TT,152,1214.326,9.3599999999999,0.0,29,yo voy a seguir trabajando en plena cooperación con el Parlamento Europeo y con la Comisión Europea y les doy las gracias por su colaboración en los últimos meses
31-03-04-m-009,II,TT,153,1223.686,13.759999999999991,0.0,40,y en estos momentos en los que estamos ante el umbral de la ampliación podemos asegurar que la nueva Europa colaborando conjuntamente tiene la voluntad y la determinación para dar los resultados positivos y las decisiones que nuestros ciudadanos merecen
31-03-04-m-009,II,TT,154,1237.446,0.4984380000000783,0.0,1,gracias
31-03-04-m-013,II,ST,0,0.0,6.22,0.0,14,President it's been a while since everybody left a European Council meeting smiling
31-03-04-m-013,II,ST,1,6.22,5.7700000000000005,0.0,13,I congratulate the presidency on a focused summit which delivered in many respects
31-03-04-m-013,II,ST,2,11.99,5.659999999999998,0.0,15,this summit suggested that there is another Europe one that can actually get things done
31-03-04-m-013,II,ST,3,17.65,8.360000000000003,1.0,21,European Liberal Democrats and Reformers welcome the new will to reach agreement on a European Constitution by the June European Council
31-03-04-m-013,II,ST,4,26.01,7.039999999999996,0.0,16,President-in-Office a combination of events and canny diplomacy have paved the way for agreement
31-03-04-m-013,II,ST,5,33.05,5.5,0.0,15,in the words of an Irish blessing may the road rise to meet your feet
31-03-04-m-013,II,ST,6,38.55,1.8100000000000023,0.0,6,this House badly wants a deal
31-03-04-m-013,II,ST,7,40.36,3.009999999999998,0.0,10,but our terms have not changed and will not change
31-03-04-m-013,II,ST,8,43.37,4.220000000000006,0.0,10,we expect a treaty based closely on the Convention text
31-03-04-m-013,II,ST,9,47.59,9.729999999999997,1.0,24,we expect the Council to respect the budgetary powers of Parliament and extend democracy in our Union through qualified majority voting and greater codecision
31-03-04-m-013,II,ST,10,57.32,7.82,1.0,23,we expect the Council to make the difficult compromises needed in good faith and then go back to sell those compromises at home
31-03-04-m-013,II,ST,11,65.14,2.239999999999995,0.0,7,the show is not over in June
31-03-04-m-013,II,ST,12,67.38,3.680000000000007,0.0,7,ratification is a mountain still to climb
31-03-04-m-013,II,ST,13,71.06,5.920000000000002,-1.0,16,this summit also acted decisively to fix the way we protect ourselves against terrorism in Europe
31-03-04-m-013,II,ST,14,76.98,9.879999999999995,0.0,30,my group welcomes the appointment of Gijs de Vries as anti-terrorism coordinator and demands that he is given a clear mandate to ensure he can get the job done
31-03-04-m-013,II,ST,15,86.86,5.340000000000003,0.0,15,the next step is to reinforce the resources at Europol and set it to work
31-03-04-m-013,II,ST,16,92.2,8.61,0.0,22,no new bureaucracy no duplication no more foot-dragging from Europe's intelligence agencies who do not like to play with others
31-03-04-m-013,II,ST,17,100.81,7.739999999999995,-1.0,21,if this is not our frontline defence against terror then it's just a cheap gamble with the safety of Europeans
31-03-04-m-013,II,ST,18,108.55,8.579999999999998,0.0,19,Liberal Democrats and Reformers also back a strong commitment to ratifying existing instruments such as the European Arrest Warrant
31-03-04-m-013,II,ST,19,117.13,8.219999999999999,0.0,21,we've proposed an implementation league table that will name and shame States which take lightly the safety of their citizens
31-03-04-m-013,II,ST,20,125.35,4.5800000000000125,0.0,10,the weekend's decisive tone has to translate into action
31-03-04-m-013,II,ST,21,129.93,3.7399999999999807,0.0,9,and let's be clear about that decisive tone
31-03-04-m-013,II,ST,22,133.67,5.140000000000015,0.0,10,let's remember what Europeans what Madrileños had to endure
31-03-04-m-013,II,ST,23,138.81,7.819999999999993,0.0,20,this House has been urging a more concerted policy on terrorism since before September the eleventh two thousand and one
31-03-04-m-013,II,ST,24,146.63,9.27000000000001,0.0,23,let us recall that when the Commission asked for fifteen million euros for counter-terrorism intelligence last year the Council offered one million
31-03-04-m-013,II,ST,25,155.9,1.549999999999983,0.0,3,Europeans deserve better
31-03-04-m-013,II,ST,26,157.45,11.840000000000003,0.0,25,a counter-terrorism policy conceived in panic is far too likely to invade private lives and erode public freedoms on biometrics on passenger data transfers
31-03-04-m-013,II,ST,27,169.29,3.0500000000000114,-1.0,9,that is what we are in danger of getting
31-03-04-m-013,II,ST,28,172.34,15.97999999999999,0.0,44,my group wishes to remind the Council that it has once again ignored the explicit demand of this House that it discuss detention without trial at Guantanamo Bay and that it commit to raising this issue with the Americans at the European-US summit
31-03-04-m-013,II,ST,29,188.32,7.719999999999999,0.0,19,any European government that reckons on this issue going away has not reckoned on the will of this House
31-03-04-m-013,II,ST,30,196.04,4.599999999999994,1.0,17,we welcome the commitment in Council to speeding up the pace of reform on the Lisbon Agenda
31-03-04-m-013,II,ST,31,200.64,5.990000000000009,0.0,21,we remind the Council that forty per cent of the single-market directives have not been implemented in all Member States
31-03-04-m-013,II,ST,32,206.63,9.990000000000009,0.0,28,we remind you that the Growth and Stability Pact must be revived this year so that Europeans can have confidence in the sound management of Europe's economy
31-03-04-m-013,II,ST,33,216.62,11.469999999999999,0.0,29,the tone of public debate in Germany and France suggests that European governments are not properly making the case for reform at home whatever they may say in Brussels
31-03-04-m-013,II,ST,34,228.09,8.199999999999989,0.0,20,before this summit I called for a sense of urgency on these three areas terrorism the IGC and economic reform
31-03-04-m-013,II,ST,35,236.29,3.1500000000000057,0.0,5,to paraphrase W B Yeats
31-03-04-m-013,II,ST,36,239.44,2.920000000000016,0.0,8,of our quarrels with others we make rhetoric
31-03-04-m-013,II,ST,37,242.36,3.5999999999999943,0.0,8,of our quarrels among ourselves we make poverty
31-03-04-m-013,II,ST,38,245.96,4.409999999999997,0.0,13,the summit showed a willingness to get back to the business of Europe
31-03-04-m-013,II,ST,39,250.37,5.7099999999999795,1.0,15,let's hope the political will holds and the momentum lasts for all our sakes
31-03-04-m-013,II,TT,0,0.0,10.986,0.0,22,señor Presidente ha pasado un cierto tiempo desde que todos abandonaron la reunión del Consejo Europeo con una sonrisa en la boca
31-03-04-m-013,II,TT,1,10.986,5.219999999999999,0.0,8,les felicito por los resultados de este Consejo
31-03-04-m-013,II,TT,2,16.206,7.41,0.0,14,este es un Consejo en el que se ha hecho avanzar la causa europea
31-03-04-m-013,II,TT,3,23.616,5.359999999999999,1.0,12,celebramos la posibilidad de llegar a un acuerdo sobre la Constitución Europea
31-03-04-m-013,II,TT,4,28.976,13.829999999999998,1.0,23,señor Presidente del Consejo usted ha allanado el camino para llegar a un acuerdo con una bendición irlandesa que le llena de mérito
31-03-04-m-013,II,TT,5,42.806,2.414999999999999,0.0,5,las condiciones no han cambiado
31-03-04-m-013,II,TT,6,45.221,21.875000000000007,1.0,40,esperamos que este tratado se base muy de cerca en el texto de la Convención que aumente los poderes del Parlamento y que aumente la democracia en nuestra Unión mediante una mayor codecisión y mayores mayores decisiones por mayoría cualificada
31-03-04-m-013,II,TT,7,67.096,1.9050000000000011,0.0,5,esto no acabará en junio
31-03-04-m-013,II,TT,8,69.001,3.875,0.0,5,la ratificación todavía debe superarse
31-03-04-m-013,II,TT,9,72.876,6.170000000000002,-1.0,19,este Consejo ha sido decisivo para la forma en que nos vamos a proteger contra el terrorismo en Europa
31-03-04-m-013,II,TT,10,79.046,11.939999999999998,0.0,30,mi grupo celebra el nombramiento de Gijs de Vries como coordinador en este sentido y es importante que le demos un mandato fuerte para asegurar que pueda desempeñar su tarea
31-03-04-m-013,II,TT,11,90.986,3.4299999999999926,0.0,11,hay que dar los recursos para Europol y ponerla en marcha
31-03-04-m-013,II,TT,12,94.416,2.230000000000004,0.0,7,no tiene que haber burocracia ni duplicaciones
31-03-04-m-013,II,TT,13,96.646,7.200000000000003,0.0,19,no hay que tener más reticencias a la hora de colaborar información entre los servicios de inteligencia en Europa
31-03-04-m-013,II,TT,14,103.846,8.89,-1.0,23,esta tiene que ser nuestra línea de defensa en contra del del terrorismo porque si no va a quedar en un juego barato
31-03-04-m-013,II,TT,15,112.736,6.25,0.0,14,nosotros tenemos que tener un compromiso fuerte para ratificar instrumentos como la Euro-orden
31-03-04-m-013,II,TT,16,118.986,10.730000000000004,0.0,19,proponemos una mesa de aplicación en la que no se tomen a la ligera la seguridad de nuestros ciudadanos
31-03-04-m-013,II,TT,17,129.716,2.509999999999991,0.0,7,eso se tiene que traducir en acciones
31-03-04-m-013,II,TT,18,132.226,4.319999999999993,0.0,11,y dejemos claro lo que va a ser este instrumento decisivo
31-03-04-m-013,II,TT,19,136.546,12.460000000000008,-1.0,38,tenemos que recordar a los europeos lo que han tenido que sufrir los madrileños porque esta Cámara ha instado a que se instrumentara una política mucho más decisiva en contra del terrorismo desde septiembre de dos mil uno
31-03-04-m-013,II,TT,20,149.006,9.189999999999998,-1.0,28,y recordemos que cuando se nos pidieron quince millones de euros por parte de la Comisión para acciones en contra del terrorismo el Consejo ofreció únicamente un millón
31-03-04-m-013,II,TT,21,158.196,2.045000000000016,0.0,6,los europeos se merecen algo mejor
31-03-04-m-013,II,TT,22,160.241,7.314999999999998,0.0,13,una política que se deriva del pánico llega tarde para recuperar vidas perdidas
31-03-04-m-013,II,TT,23,167.556,24.119999999999976,0.0,45,con temas como biometría las transferencias de pasajeros y la información a este respecto pues nosotros deseamos recordar al Consejo que ha ignorado una vez más la solicitud explícita de esta Cámara que dedique atención a los juicios sin sin garantías procesales en Guantánamo etcétera
31-03-04-m-013,II,TT,24,191.676,10.54000000000002,0.0,22,nosotros pues todo lo que se haga sin tener esto en cuenta no considera la voluntad la voluntad explícita de esta Cámara
31-03-04-m-013,II,TT,25,202.216,2.644999999999982,0.0,6,nos parece importante la Agenda Lisboa
31-03-04-m-013,II,TT,26,204.861,6.585000000000008,0.0,18,un porcentaje importante de la consecución de mercado único no se ha aplicado en todos los Estados miembros
31-03-04-m-013,II,TT,27,211.446,7.259999999999991,0.0,16,hay que lograr que los europeos puedan confiar en la gestión sólida de la economía europea
31-03-04-m-013,II,TT,28,218.706,11.870000000000005,0.0,30,el tono del debate público en Alemania y en Francia sugiere que los gobiernos europeos no están defendiendo verdaderamente las reformas internas con independencia de lo que aduzcan en Bruselas
31-03-04-m-013,II,TT,29,230.576,6.890000000000015,0.0,19,antes del Consejo yo insté a que se tuviera en cuenta el terrorismo la CIG y las reformas económicas
31-03-04-m-013,II,TT,30,237.466,4.889999999999986,0.0,5,para parafrasear a W Yeats
31-03-04-m-013,II,TT,31,242.356,8.390000000000015,0.0,14,pues nosotros en nuestras peleas internas vamos de allí vamos a sacar la pobreza
31-03-04-m-013,II,TT,32,250.746,7.97475,0.0,19,esperemos que haya voluntad política en Europa y que y que se mantenga la oportunidad política para todos nosotros
31-03-04-m-016,II,ST,0,0.0,4.09,0.0,10,Mr President President of the Council President of the Commission
31-03-04-m-016,II,ST,1,4.09,7.890000000000001,0.0,24,I too share the view of the previous speakers that the summit of European Union leaders was a success across a number of fronts
31-03-04-m-016,II,ST,2,11.98,17.12,1.0,54,firstly there is clearly good will among European Union leaders to secure an agreement for a new European Union treaty and I would like to commend the efforts of the President of Council Taoiseach Bertie Ahern for the very positive role he has played in ensuring and moving these negotiations forward in recent times
31-03-04-m-016,II,ST,3,29.1,9.100000000000001,0.0,24,the Taoiseach has certainly intensified his series of bilateral negotiations with other EU governments with regard to the provisions of a new EU treaty
31-03-04-m-016,II,ST,4,38.2,6.869999999999997,0.0,25,but the Taoiseach as he said himself in Strasbourg last January he said this is a job that one cannot do on one's own
31-03-04-m-016,II,ST,5,45.07,7.420000000000002,1.0,21,it requires the good will and the support of many from both the smaller and larger Member States within the Union
31-03-04-m-016,II,ST,6,52.49,4.229999999999997,0.0,13,President the IGC is now moving forward I believe at a strong pace
31-03-04-m-016,II,ST,7,56.72,12.379999999999995,1.0,36,we must now consolidate the good will that there is secure agreement with regard to the bottom line issues and try very hard to strike a deal before June the seventeenth for the new European Treaty
31-03-04-m-016,II,ST,8,69.1,7.780000000000001,0.0,26,I fully understand and believe that this isn't going to be an easy task but we mustn't underestimate the challenges that lie before us
31-03-04-m-016,II,ST,9,76.88,3.740000000000009,0.0,9,we we must be realistic about one particular situation
31-03-04-m-016,II,ST,10,80.62,13.47999999999999,0.0,36,if an agreement for a new European treaty is not reached in or around the time of the next European Council meeting of EU leaders then agreement may be difficult to reach in the medium term
31-03-04-m-016,II,ST,11,94.1,5.920000000000002,0.0,16,this is primarily the case because the dynamics within the European institutions is going to change
31-03-04-m-016,II,ST,12,100.02,2.4000000000000057,0.0,10,there will be a new President of the European Commission
31-03-04-m-016,II,ST,13,102.42,2.569999999999993,0.0,8,and perhaps half the Commission will be replaced
31-03-04-m-016,II,ST,14,104.99,4.27000000000001,0.0,16,and the composition of the European Parliament is going to change by July of this year
31-03-04-m-016,II,ST,15,109.26,5.199999999999989,0.0,17,and that could mean that two out of every three Members present at this Parliament being replaced
31-03-04-m-016,II,ST,16,114.46,11.850000000000009,0.0,35,I would like to urge the European Union governments to go the extra mile and strike an agreement which will ensure that the effective operation of the European Union for the many years to come
31-03-04-m-016,II,ST,17,126.31,7.099999999999994,0.0,20,as President Prodi just said here this morning our European Union must be able to make decisions or take decisions
31-03-04-m-016,II,ST,18,133.41,4.3799999999999955,0.0,17,he said no small group of companies should be able to block decisions and this is so
31-03-04-m-016,II,ST,19,137.79,8.400000000000006,0.0,26,we need a treaty which will ensure that the European Union institutions can take decisions in a simplified and effective manner for many years to come
31-03-04-m-016,II,ST,20,146.19,6.340000000000003,0.0,15,President we have seen too many treaties from the European Union in the recent past
31-03-04-m-016,II,ST,21,152.53,5.430000000000007,0.0,19,indeed they were coming so fast at one stage that they were being discarded before they were being implemented
31-03-04-m-016,II,ST,22,157.96,17.48999999999998,0.0,47,I think we all look forward now to the historic occasion of enlargement on the first of May but we need to change the manner in which we take our decisions so as to ensure that the European Union as a political and economic entity becomes stronger
31-03-04-m-016,II,ST,23,175.45,4.8300000000000125,0.0,11,the scourge of international terrorism must too be tackled head on
31-03-04-m-016,II,ST,24,180.28,4.159999999999997,0.0,14,and I agree wholeheartedly with the views and comments expressed by the previous speakers
31-03-04-m-016,II,ST,25,184.44,7.1299999999999955,1.0,22,I do welcome the strong support from EU governments for closer co-operation in the field of justice and home affairs issues
31-03-04-m-016,II,ST,26,191.57,15.569999999999993,1.0,43,appointments of key new personnel in Europe to tackle international terrorism in Europe are to be welcomed but we must remember that democracy is fragile and we must be strong in our efforts to promote the rule of law and protect democratic institutions
31-03-04-m-016,II,ST,27,207.14,8.480000000000018,0.0,17,Al Qaeda represents evil of a barbaric nature and for Al Qaeda human life means absolutely nothing
31-03-04-m-016,II,ST,28,215.62,7.280000000000001,1.0,20,the more people that Al Qaeda can kill to weaken democracy in the Western world from their perspective the better
31-03-04-m-016,II,ST,29,222.9,2.069999999999993,0.0,5,Al Qaeda has bombed America
31-03-04-m-016,II,ST,30,224.97,0.9399999999999977,0.0,4,it has bombed Africa
31-03-04-m-016,II,ST,31,225.91,0.960000000000008,0.0,4,it has bombed Asia
31-03-04-m-016,II,ST,32,226.87,4.6299999999999955,0.0,16,and it is it has bombed in the Middle East and it is now bombing Europe
31-03-04-m-016,II,ST,33,231.5,3.180000000000007,0.0,13,but I do want to reiterate what Hans-Gert Pöttering and others said
31-03-04-m-016,II,ST,34,234.68,4.969999999999999,0.0,14,we must we must not in any way believe that all Arabs are terrorists
31-03-04-m-016,II,ST,35,239.65,4.219999999999999,0.0,14,that is not so and we should never ever allow anybody to say so
31-03-04-m-016,II,ST,36,243.87,8.829999999999984,1.0,25,President only by collective resolve can we defeat the evil of terrorism and I welcome the recent measures taken by European governments in this regard
31-03-04-m-016,II,ST,37,252.7,0.8600000000000136,0.0,2,thank you
31-03-04-m-016,II,TT,0,0.0,5.576,0.0,11,señor Presidente señor Presidente del Consejo señor Presidente de la Comisión
31-03-04-m-016,II,TT,1,5.576,8.3,1.0,21,yo coincido con lo que se ha dicho aquí a saber que la cumbre ha sido un éxito en varios frentes
31-03-04-m-016,II,TT,2,13.876,17.36,0.0,30,por un lado hay una manifiesta voluntad a favor de la Constitución y quisiera felicitar al Presidente del Consejo por su papel decisivo a la hora de impulsar estas negociaciones
31-03-04-m-016,II,TT,3,31.236,9.440000000000001,0.0,14,ha intensificado las negociaciones bilaterales con determinados gobiernos a la búsqueda de esta Constitución
31-03-04-m-016,II,TT,4,40.676,6.890000000000001,0.0,24,ahora como dijo él mismo en enero de este año en Estrasburgo esto es algo que no se puede hacer solo en un ámbito
31-03-04-m-016,II,TT,5,47.566,5.779999999999994,1.0,12,necesita el apoyo de grandes y pequeños dentro de la Unión Europea
31-03-04-m-016,II,TT,6,53.346,5.200000000000003,0.0,11,señor Presidente la Conferencia Intergubernamental está avanzando ahora a paso firme
31-03-04-m-016,II,TT,7,58.546,14.449999999999996,0.0,31,y ahora lo que tenemos que hacer es consolidar la buena voluntad que hay amarrar bien los acuerdos básicos y asegurarnos de que antes de junio se llegue a buen término
31-03-04-m-016,II,TT,8,72.996,2.3000000000000114,0.0,4,no es tarea fácil
31-03-04-m-016,II,TT,9,75.296,8.069999999999993,0.0,12,no subestimemos las las exigencias y los desafíos que están ante nosotros
31-03-04-m-016,II,TT,10,83.366,13.079999999999998,1.0,28,si no se logra un acuerdo de cara a la Constitución antes de la próxima cumbre a finales de esta Presidencia será difícil lograr nada a medio plazo
31-03-04-m-016,II,TT,11,96.446,6.310000000000002,0.0,10,lo digo porque la dinámica cambiará en el entramado institucional
31-03-04-m-016,II,TT,12,102.756,2.385000000000005,0.0,7,habrá un nuevo Presidente de la Comisión
31-03-04-m-016,II,TT,13,105.141,13.24499999999999,0.0,32,habrá reemplazos y el Presidente del Parlamento Europeo cambiará para julio de este año con lo cual dos de tres digamos dos de cada tres miembros de este Parlamento Europeo serán reemplazados
31-03-04-m-016,II,TT,14,118.386,10.390000000000015,0.0,24,lo suyo sería hacer un esfuerzo final un último esfuerzo para atar bien este logro a favor de la Unión Europea para el futuro
31-03-04-m-016,II,TT,15,128.776,5.564999999999998,0.0,16,como aquí se ha dicho la Unión Europea tiene que estar en condiciones de adoptar decisiones
31-03-04-m-016,II,TT,16,134.341,5.6200000000000045,0.0,14,y dijo usted que no debería haber minorías que puedan bloquear así sin más
31-03-04-m-016,II,TT,17,139.961,8.954999999999984,0.0,20,tenemos que asegurarnos de que las instituciones europeas puedan adoptar decisiones de manera eficaz y sencilla para los años venideros
31-03-04-m-016,II,TT,18,148.916,5.460000000000008,0.0,14,señor Presidente hemos visto demasiados tratados en la Unión Europea en un pasado reciente
31-03-04-m-016,II,TT,19,154.376,6.400000000000006,0.0,19,llegan a tal ritmo que resulta que se les descarta antes de que se lleven a la práctica incluso
31-03-04-m-016,II,TT,20,160.776,16.67999999999998,0.0,42,yo espero con interés el acontecimiento histórico de la ampliación para primeros de mayo pero tenemos que modificar nuestro modus operandi a la hora de adoptar decisiones para asegurarnos de que la Unión Europea como entidad política y económica sea más vigorosa
31-03-04-m-016,II,TT,21,177.456,5.110000000000014,0.0,9,el flagelo del terrorismo internacional también tenemos que resolverlo
31-03-04-m-016,II,TT,22,182.566,2.240000000000009,0.0,2,hay coincidencias
31-03-04-m-016,II,TT,23,184.806,26.839999999999975,0.3333333333333333,68,apoyo lo que aquí se ha dicho y me alegro de ver que se ha puesto por una mayor cooperación en materia de seguridad y de política interior con la creación de ese coordinador y en busca de la lucha más afinada y decidida en contra del terrorismo pero recordemos que tenemos que hacer valer sobre todo el estado de derecho y la validez de las instituciones democráticas
31-03-04-m-016,II,TT,24,211.646,9.780000000000001,0.0,17,Al Qaeda es el mal el mal que desconoce totalmente y desprecia el valor de la vida
31-03-04-m-016,II,TT,25,221.426,4.0400000000000205,0.0,10,cuanto más hagan por erosionar el mundo occidental tanto mejor
31-03-04-m-016,II,TT,26,225.466,1.9000000000000057,0.0,4,han bombardeado Estados Unidos
31-03-04-m-016,II,TT,27,227.366,6.769999999999982,0.0,11,han bombardeado África Oriente Medio y ahora se ensañan con Europa
31-03-04-m-016,II,TT,28,234.136,11.810000000000002,0.0,30,pero como ha dicho Hans-Gert Poettering y otros aquí en modo alguno debemos creer que todos los árabes son terroristas necesariamente ni hablar que nadie se llame a engaño
31-03-04-m-016,II,TT,29,245.946,9.710000000000008,-1.0,21,solo con un resultado colectivo lograremos prevalecer contra el terrorismo y me felicito por las iniciativas adoptadas a este efecto últimamente
31-03-04-m-016,II,TT,30,255.656,0.63900000000001,0.0,1,gracias
31-03-04-m-019,II,ST,0,0.0,5.83,0.0,11,thank you Mr President President-in-Office ladies and gentlemen colleagues
31-03-04-m-019,II,ST,1,5.83,5.43,1.0,19,the terrorist attack in Madrid was an attack on all of us all of us who believe in democracy
31-03-04-m-019,II,ST,2,11.26,5.639999999999999,1.0,15,and I welcome the resolution from the spring summit to appoint a counter-terrorism coordinator
31-03-04-m-019,II,ST,3,16.9,5.16,0.0,15,all our Member States must cooperate fully to minimise the risks for all our citizens
31-03-04-m-019,II,ST,4,22.06,3.0,1.0,10,my party leader my group leader Mr Poettering is right
31-03-04-m-019,II,ST,5,25.06,3.75,0.0,9,we must not equate the Arab world with terrorism
31-03-04-m-019,II,ST,6,28.81,9.650000000000002,0.0,33,and we must do all in our power to work with the many leaders and spokespersons in the Arab world who feel as strongly as we do in the West about these atrocities
31-03-04-m-019,II,ST,7,38.46,5.93,-1.0,14,the key of course is resolution to the intractable problem of the Middle East
31-03-04-m-019,II,ST,8,44.39,6.119999999999997,0.0,15,we must never forget that terrorism Mr President is rooted in poverty and social exclusion
31-03-04-m-019,II,ST,9,50.51,22.740000000000002,1.0,62,and as we discuss the economic governance of the EU at the spring summit we must realise that our economic growth depends on peace and stability which in turn depends on our efforts to ensure economic stability and growth in those parts of the world where poverty and social exclusion for millions of youth men and women is in fact the norm
31-03-04-m-019,II,ST,10,73.25,6.290000000000006,0.0,8,countering terrorism is in large measure countering poverty
31-03-04-m-019,II,ST,11,79.54,15.179999999999993,1.0,45,to the Lisbon Agenda I'm afraid I must say through the President to our Taoiseach we failed yet again to deliver progress on our much quoted ambition for the EU to become the most competitive knowledge-based economy in the world by twenty ten
31-03-04-m-019,II,ST,12,94.72,14.570000000000007,0.0,36,your words President-in-Office of fruitful discussions refocusing on key issues sustainable growth and employment et cetera et cetera et cetera it could be any President-in-Office for the last four years sitting there
31-03-04-m-019,II,ST,13,109.29,2.4399999999999977,0.0,7,they've all said exactly the same
31-03-04-m-019,II,ST,14,111.73,6.519999999999996,1.0,15,I'm afraid there's been no progress on practical transposition in our Member States
31-03-04-m-019,II,ST,15,118.25,9.870000000000005,0.0,21,you only have to look at the fact that four hundred thousand EU-educated scientists are working in the US today
31-03-04-m-019,II,ST,16,128.12,1.1599999999999966,0.0,3,we educate them
31-03-04-m-019,II,ST,17,129.28,1.4099999999999966,0.0,4,we give them knowledge
31-03-04-m-019,II,ST,18,130.69,1.1400000000000148,0.0,4,and then they leave
31-03-04-m-019,II,ST,19,131.83,5.239999999999981,0.0,13,and the benefit of that knowledge is is developed elsewhere in the world
31-03-04-m-019,II,ST,20,137.07,5.02000000000001,0.0,13,I must ask through the President to our Taoiseach the President-in-Office
31-03-04-m-019,II,ST,21,142.09,7.969999999999999,0.0,17,why now did an Irish presidency choose to initiate diplomatic relationship with the military dictatorship in Burma
31-03-04-m-019,II,ST,22,150.06,0.6200000000000045,0.0,2,why now
31-03-04-m-019,II,ST,23,150.68,3.0900000000000034,1.0,11,we've avoided it for very good reasons for many years
31-03-04-m-019,II,ST,24,153.77,1.1399999999999864,0.0,4,please don't say
31-03-04-m-019,II,ST,25,154.91,1.3400000000000034,0.0,5,please answer me number one
31-03-04-m-019,II,ST,26,156.25,6.090000000000003,0.0,24,but please don't tell me it is because as President-in-Office you had no option to negotiate on behalf of the EU
31-03-04-m-019,II,ST,27,162.34,13.620000000000005,-1.0,37,I object strongly and many Irish people I'm sure many colleagues here object strongly to a country like Ireland initiating diplomatic relationship with the military dictatorship that controls the Burmese against the will of its people
31-03-04-m-019,II,ST,28,175.96,8.049999999999983,0.0,16,finally could I use the words that my colleague Mr Watson used to you in English
31-03-04-m-019,II,ST,29,184.01,0.3900000000000148,0.0,2,he said
31-03-04-m-019,II,ST,30,184.4,1.7399999999999807,0.0,6,may the road rise with you
31-03-04-m-019,II,ST,31,186.14,3.200000000000017,0.0,5,go ndeirig an mbóthar leat
31-03-04-m-019,II,ST,32,189.34,11.439999999999998,0.0,27,the Taoiseach Minister Roche and all of Ambassador Anderson and all involved in the Irish presidency may you achieve the signing of the Constitutional Treaty in June
31-03-04-m-019,II,ST,33,200.78,4.6299999999999955,1.0,19,you have all our good wishes and thank you on the progress on consultation you've made to date
31-03-04-m-019,II,ST,34,205.41,9.140000000000015,1.0,33,thank you as Enda Kenny said recently in the Dáil to the Permanent Representation and all the civil servants behind the scenes who have made this to date a technically very good presidency
31-03-04-m-019,II,ST,35,214.55,1.1699999999999875,0.0,4,thank you Mr President
31-03-04-m-019,II,TT,0,0.0,5.936,0.0,8,gracias señor Presidente señor Presidente en funciones Señorías
31-03-04-m-019,II,TT,1,5.936,7.32,0.0,18,el ataque terrorista en Madrid fue un ataque dirigido contra todos nosotros los que creemos en la democracia
31-03-04-m-019,II,TT,2,13.256,5.649999999999999,0.0,9,y me congratulo por la iniciativa del coordinador antiterrorismo
31-03-04-m-019,II,TT,3,18.906,4.915000000000003,0.0,14,todos tenemos que hacer todo lo posible por evitar este riesgo a nuestros ciudadanos
31-03-04-m-019,II,TT,4,23.821,3.4549999999999983,0.0,8,mi compañero de grupo Señor Poettering tiene razón
31-03-04-m-019,II,TT,5,27.276,7.139999999999997,0.0,13,no podemos poner en pie de igualdad el terrorismo con el mundo árabe
31-03-04-m-019,II,TT,6,34.416,4.82,0.0,19,hay muchos en el mundo árabe que opinan igual que nosotros en el mundo occidental acerca de esas atrocidades
31-03-04-m-019,II,TT,7,39.236,7.600000000000001,-1.0,10,ahora hay que resolver necesariamente ese problema de Oriente Medio
31-03-04-m-019,II,TT,8,46.836,5.759999999999998,-1.0,15,no olvidemos que ahí está la exclusión social y la pobreza como raíz del problema
31-03-04-m-019,II,TT,9,52.596,22.17000000000001,1.0,47,tenemos que reconocer que nuestro crecimiento económico pasa necesariamente por la paz y la estabilidad y eso a su vez depende de la capacidad que nosotros tengamos de asegurar que haya tales elementos también en aquellos en aquellas pequeñas partes del mundo donde hay pobreza y marginación
31-03-04-m-019,II,TT,10,74.766,5.1499999999999915,-1.0,13,y luchar contra el terrorismo significa en gran medida luchar contra la pobreza
31-03-04-m-019,II,TT,11,79.916,7.260000000000005,0.0,15,en cuanto a la Agenda de Lisboa he de decir desgraciadamente que seguimos sin avanzar
31-03-04-m-019,II,TT,12,87.176,9.319999999999993,0.0,20,tenemos grandes expectativas para hacer de la Unión Europea para el año dos mil diez la mayor economía del mundo
31-03-04-m-019,II,TT,13,96.496,17.700000000000003,1.0,32,habla de debates fructíferos para apostar por iniciativas etcétera pero bueno etcétera etcétera porque es lo mismo que han dicho todos los presidentes sentados en ese escaño en los últimos cuatro años
31-03-04-m-019,II,TT,14,114.196,1.4300000000000068,0.0,5,pero no ha habido nada
31-03-04-m-019,II,TT,15,115.626,1.3199999999999932,0.0,8,no se ha pasado del dicho al trecho
31-03-04-m-019,II,TT,16,116.946,2.8200000000000074,0.0,8,nada se ha aplicado en nuestros países miembros
31-03-04-m-019,II,TT,17,119.766,10.969999999999985,0.0,16,les recuerdo que cuatrocientos mil científicos formados en la Unión Europea actualmente trabajan en Estados Unidos
31-03-04-m-019,II,TT,18,130.736,1.460000000000008,0.0,4,nosotros los formamos aquí
31-03-04-m-019,II,TT,19,132.196,0.960000000000008,0.0,3,les damos conocimientos
31-03-04-m-019,II,TT,20,133.156,1.0999999999999943,0.0,3,y se van
31-03-04-m-019,II,TT,21,134.256,5.039999999999992,0.0,12,se van para generar los beneficios esperados en otras partes del mundo
31-03-04-m-019,II,TT,22,139.296,5.570000000000022,0.0,15,y quisiera por por su intermedio señor Presidente decirle al Presidente del Consejo lo siguiente
31-03-04-m-019,II,TT,23,144.866,10.689999999999998,0.0,13,por qué se ha optado ahora por iniciar relaciones diplomáticas con un dictador
31-03-04-m-019,II,TT,24,155.556,2.4399999999999977,0.0,3,por favor dígamelo
31-03-04-m-019,II,TT,25,157.996,3.6200000000000045,0.0,10,no me diga sin embargo que no tenía otra opción
31-03-04-m-019,II,TT,26,161.616,18.549999999999983,-1.0,29,yo objeto muchísimo a esta apuesta y conmigo muchos conciudadanos estamos en contra de esta apuesta diplomática para hablar con un régimen que desprecia a los ciudadanos de Burma
31-03-04-m-019,II,TT,27,180.166,4.140000000000015,0.0,11,y permítame hacerme eco de lo que dijo el Señor Watson
31-03-04-m-019,II,TT,28,184.306,3.269999999999982,0.0,7,esperemos que a usted suba el umbral
31-03-04-m-019,II,TT,29,187.576,11.775000000000006,0.0,18,y yo quisiera hacerme eco de esto de cara a todos los que trabajan bajo la presidencia irlandesa
31-03-04-m-019,II,TT,30,199.351,17.664999999999992,0.0,38,hago votos porque ustedes logren culminar con la firma los esfuerzos por la Constitución Europea como se dijo hace poco en representación también de todos los funcionarios que han hecho de esto una excelente presidencia en términos técnicos
31-03-04-m-019,II,TT,31,217.016,0.9601880000000165,0.0,2,muchas gracias
31-03-04-m-031,II,ST,0,0.0,1.66,0.0,2,Mr President
31-03-04-m-031,II,ST,1,1.66,10.209999999999999,0.0,31,the European Summit in Brussels last week placed a mandate on the Irish presidency to complete the negotiations for the Constitutional Treaty by the next summit on the seventeenth of June
31-03-04-m-031,II,ST,2,11.87,18.14,0.0,59,to move from a Union of fifteen Member States soon to be twenty-five to a single state with a legal entity whose laws will have primacy over the laws of those Member States is a development which my party the UK Independence Party believes should not be concluded without the express will of the population by a referendum
31-03-04-m-031,II,ST,3,30.01,5.609999999999996,1.0,13,our politicians in Westminster voted yesterday to deny the British electorate that right
31-03-04-m-031,II,ST,4,35.62,3.200000000000003,0.0,8,that decision will certainly lead to public discontent
31-03-04-m-031,II,ST,5,38.82,4.210000000000001,0.0,13,we shall continue to put pressure on our government to concede a referendum
31-03-04-m-031,II,ST,6,43.03,5.25,0.0,15,opinion polls show that the British people if given the chance would reject this Constitution
31-03-04-m-031,II,ST,7,48.28,5.299999999999997,0.0,17,it is my party's unambiguous view that Britain will be better off out of the EU
31-03-04-m-031,II,ST,8,53.58,5.670000000000002,0.0,19,and the first step towards that position will be to deny Mr Blair a mandate to sign the Constitution
31-03-04-m-031,II,ST,9,59.25,2.9399999999999977,0.0,11,if he does sign up to it let us be clear
31-03-04-m-031,II,ST,10,62.19,3.049999999999997,1.0,11,it will mean the end of our right to self-government
31-03-04-m-031,II,TT,0,0.0,2.736,0.0,2,señor Presidente
31-03-04-m-031,II,TT,1,2.736,12.43,0.0,36,el Consejo Europeo de Bruselas de la semana pasada ha dado un mandato a la Presidencia irlandesa para que concluya las negociaciones sobre el Tratado Constitucional hasta el próximo Consejo a celebrarse el diecisiete de junio
31-03-04-m-031,II,TT,2,15.166,20.55,0.0,45,el pasar de una Unión de quince a veinticinco con una entidad legal que va a primar sobre las legislaciones de los demás Estados miembros es un desarrollo que mi grupo considera no debería concluirse sin la voluntad expresa de las poblaciones en un referéndum
31-03-04-m-031,II,TT,3,35.716,6.060000000000002,1.0,9,nuestro Parlamento de Westminster decidió justamente dar este derecho
31-03-04-m-031,II,TT,4,41.776,3.1399999999999935,0.0,14,y de esta manera se podría tener en cuenta el descontento de la gente
31-03-04-m-031,II,TT,5,44.916,5.780000000000001,0.0,13,los sondeos muestran que los británicos si tuvieran la oportunidad rechazarían esta Constitución
31-03-04-m-031,II,TT,6,50.696,12.04,0.0,26,mi la opinión de mi partido es que lo mejor para la Unión Europea sería rechazar el mandato al Señor Blair para que firme la Constitución
31-03-04-m-031,II,TT,7,62.736,5.698219000000002,1.0,18,y si la firma dejemos claro que va a ser el final de nuestro derecho a un autogobierno
31-03-04-m-033,II,ST,0,0.0,0.87,0.0,2,Mr President
31-03-04-m-033,II,ST,1,0.87,16.099999999999998,0.0,44,I want to associate my party and our thirty-seven members here in the European Parliament with the words of the Council communiqué expressing sympathy and solidarity with the victims of the terrorist attacks in Madrid with their families and with the Spanish people
31-03-04-m-033,II,ST,2,16.97,2.8200000000000003,1.0,13,on Lisbon I welcome many of the points in the Council's statement
31-03-04-m-033,II,ST,3,19.79,7.400000000000002,0.0,19,the need for substantial structural reform the completion of the internal market better regulation and sharing of best practice
31-03-04-m-033,II,ST,4,27.19,5.98,1.0,16,but current European economies remain so restrictive and inflexible that progress will be hard to achieve
31-03-04-m-033,II,ST,5,33.17,9.79,0.0,26,there remains I must say a deafening silence on our own inability to reduce the tide of regulation which gravely damages our competitiveness and destroys jobs
31-03-04-m-033,II,ST,6,42.96,3.3699999999999974,1.0,9,good intentions sadly are no substitute for practical measures
31-03-04-m-033,II,ST,7,46.33,8.68,0.0,27,on the Constitution Mr Watson and Mr Duff's party leader in the UK has joined my party in calling for a UK referendum on any Constitution
31-03-04-m-033,II,ST,8,55.01,8.130000000000003,0.0,26,on Monday in the House of Commons he argued that a Constitution was needed in order to define and make clear the limits of EU power
31-03-04-m-033,II,ST,9,63.14,1.4000000000000057,0.0,5,the question he said is
31-03-04-m-033,II,ST,10,64.54,3.9099999999999966,0.0,6,does this Constitution have constitutional implications
31-03-04-m-033,II,ST,11,68.45,3.239999999999995,0.0,9,a question to which he gave an unequivocal yes
31-03-04-m-033,II,ST,12,71.69,7.609999999999999,0.0,17,you have argued Taoiseach that that Member State governments must show flexibility and compromise on all sides
31-03-04-m-033,II,ST,13,79.3,1.3700000000000045,0.0,4,I noted your words
31-03-04-m-033,II,ST,14,80.67,12.689999999999998,0.0,42,but in that very same debate Mr Blair said that on the issues of tax social security the UK abatement foreign policy defence criminal justice all of these are parts he said of our nationhood and we will be insisting upon them
31-03-04-m-033,II,ST,15,93.36,2.0799999999999983,0.0,5,so therefore two further questions
31-03-04-m-033,II,ST,16,95.44,11.460000000000008,0.0,38,on asylum and immigration in that debate Mr Blair assured the people of Britain that it was absolute rubbish to suggest that the EU would have any role in determining any policy decisions or laws in this area
31-03-04-m-033,II,ST,17,106.9,10.329999999999998,0.0,36,and secondly on the Charter of Fundamental Rights he assured the British people that the European Court of Justice would have no jurisdiction whatsoever to enforce this Charter or the rights that were expressed within it
31-03-04-m-033,II,ST,18,117.23,2.3299999999999983,0.0,9,I think it's a rather different legal situation
31-03-04-m-033,II,ST,19,119.56,1.789999999999992,0.0,7,I'd be grateful for your view
31-03-04-m-033,II,ST,20,121.35,9.01000000000002,0.0,28,it's hardly surprising when our Prime Minister denies that a Constitution to the EU has any constitutional implications that people find it rather difficult to trust him
31-03-04-m-033,II,ST,21,130.36,3.6799999999999784,0.0,16,and that's why my party says we should trust the people and have a referendum
31-03-04-m-033,II,TT,0,0.0,2.346,0.0,2,señor Presidente
31-03-04-m-033,II,TT,1,2.346,15.55,0.0,42,yo querría también asociar mi grupo y nuestros treinta y siete miembros a las palabras del comunicado del Consejo en donde exponemos nuestra solidaridad y la condolencia a las víctimas del ataque terrorista en Madrid a sus familias y al pueblo español
31-03-04-m-033,II,TT,2,17.896,4.02,0.0,11,sobre Lisboa veo con muy buenos ojos las declaraciones del Consejo
31-03-04-m-033,II,TT,3,21.916,7.41,0.0,19,se necesitan reformas estructurales para llegar al mercado interior una mejor reglamentación y compartir estas prácticas comunes y mejores
31-03-04-m-033,II,TT,4,29.326,4.890000000000001,0.0,10,pero la economía si seguimos tan inflexibles será difícil progresar
31-03-04-m-033,II,TT,5,34.216,9.490000000000002,0.0,29,de todas formas sigue ese silencio sobre la imposibilidad de poder intentar tener una reglamentación que de hecho lo que hace es minar nuestra competitividad destruyendo puestos de trabajo
31-03-04-m-033,II,TT,6,43.706,4.43,0.0,12,buenas intenciones pero que no son el sustituto de las medidas prácticas
31-03-04-m-033,II,TT,7,48.136,0.6599999999999966,0.0,1,Constitución
31-03-04-m-033,II,TT,8,48.796,7.759999999999998,0.0,22,el Señor Watson y el Señor Duff se han unido a mi partido para un referéndum sobre cualquier tipo de nueva Constitución
31-03-04-m-033,II,TT,9,56.556,7.6200000000000045,0.0,30,el lunes en la Cámara de los Comunes se dijo que se necesitaba la Constitución para definir y hacer claro cuáles eran los límites del poder de la Unión Europea
31-03-04-m-033,II,TT,10,64.176,8.224999999999994,0.0,22,la cuestión se dijo es saber si esta Constitución tiene unas implicaciones constitucionales una pregunta a la cual dio una respuesta inequívoca
31-03-04-m-033,II,TT,11,72.401,0.6650000000000063,0.0,1,sí
31-03-04-m-033,II,TT,12,73.066,8.560000000000002,0.0,26,de hecho señor Presidente usted ha señalado que los Estados miembros y sus Gobiernos tienen que mostrar flexibilidad y compromiso en todas en todos los temas
31-03-04-m-033,II,TT,13,81.626,1.1299999999999955,0.0,3,lo he anotado
31-03-04-m-033,II,TT,14,82.756,11.409999999999997,0.0,32,pero también el Señor Blair dijo que los temas de la seguridad social impuestos defensa justicia son todos temas que necesitan estar en manos de nuestra nación y se insistirá al respecto
31-03-04-m-033,II,TT,15,94.166,2.3700000000000045,0.0,8,por lo tanto dos preguntas más señor Presidente
31-03-04-m-033,II,TT,16,96.536,11.659999999999997,0.0,43,sobre asilo e inmigración en ese debate el Señor Blair ha demostrado y ha dicho a Gran Bretaña que era absurdo sugerir que la Unión Europea tendría cualquier tipo de papel a la hora de determinar alguna política legislación o decisión al respecto
31-03-04-m-033,II,TT,17,108.196,9.75,0.0,33,y sobre la Carta de Derechos Fundamentales también aseguró al pueblo británico que el Tribunal de Justicia no tendría jurisdicción alguna para aplicar esta Carta o los derechos que se incluyen en ella
31-03-04-m-033,II,TT,18,117.946,3.280000000000001,0.0,11,francamente yo creo que la situación jurídica y legal es diferente
31-03-04-m-033,II,TT,19,121.226,2.430000000000007,0.0,7,cuál es su opinión señor señor Presidente
31-03-04-m-033,II,TT,20,123.656,7.780000000000001,0.0,29,es sorprendente cuando nuestro Primer Ministro niega que la Constitución de la Unión Europea tenga una implicación constitucional y que las personas creen que es difícil confiar en ello
31-03-04-m-033,II,TT,21,131.436,4.8696879999999965,0.0,16,por ello mi partido cree que hay que confiar en el pueblo y convocar ese referéndum
31-03-04-m-034,II,ST,0,0.0,17.72,0.0,15,Ar an gcéad dul síos ba mhaith liom comhghairdeas a dhéanamh le huachtaránacht na hÉireann
31-03-04-m-034,II,ST,1,17.72,27.54,1.0,47,having congratulated the Irish presidency I want to also extend my congratulations to the commitment and the professionalism of the Irish Civil Service and indeed the the diplomatic corps whose without whose support it would not have been possible to make the progress that has been made
31-03-04-m-034,II,ST,2,45.26,8.580000000000005,0.0,17,an enormous step forward has been taken but we still have to reach conclusion on the text
31-03-04-m-034,II,ST,3,53.84,20.700000000000003,0.0,44,as one of the two hundred parliamentarians from every corner of Europe who in open forum prepared this text what we have is a qualitatively different treaty proposal to any treaty that has ever been brought before the people of Europe on previous occasions
31-03-04-m-034,II,ST,4,74.54,12.279999999999987,0.0,29,it is therefore important that any further negotiations or any intent to change what was difficult compromises to achieve are done so in as open a forum as possible
31-03-04-m-034,II,ST,5,86.82,15.5,0.0,43,it will not be acceptable I believe to this Parliament nor indeed to the people of Europe for deals to be done behind closed doors which seriously damage the coherence the values the objectives the capacity to act which the current text provides
31-03-04-m-034,II,ST,6,102.32,16.040000000000006,0.0,38,so it is important if we're going to have a ratification by all twenty-five states that the process which the presidency now engages in seeks to ensure that the people are also engaged in that process
31-03-04-m-034,II,ST,7,118.36,8.530000000000001,0.0,15,the other point I want to make is in relation to the issue of terrorism
31-03-04-m-034,II,ST,8,126.89,9.39,0.0,16,it has been emphasised here and correctly so that intelligence is the key to defeating terrorism
31-03-04-m-034,II,ST,9,136.28,6.139999999999986,0.0,17,but I would suggest that we need to take the notion of intelligence in its broadest sense
31-03-04-m-034,II,ST,10,142.42,7.630000000000024,0.0,20,collection of information is important to prevent the carrying out of the awful atrocities that we have seen in Madrid
31-03-04-m-034,II,ST,11,150.05,14.089999999999975,0.0,31,but the use of our intelligence is also necessary to undermine the sense of alienation and injustice which many of those who are recruited to this kind of awful acts feel
31-03-04-m-034,II,ST,12,164.14,11.800000000000011,0.0,25,it is not enough for us to simply seek to improve our capacity to arrest and detain and to and to charge and to imprison
31-03-04-m-034,II,ST,13,175.94,8.699999999999989,-1.0,20,important as that is we must guard against those actions undermining the very rights which we are seeking to defend
31-03-04-m-034,II,ST,14,184.64,11.550000000000011,0.0,31,we have to ensure that at the same time as they say that our intelligence our intellectual capacity to analyse and understand what exactly is driving this new form of terrorism
31-03-04-m-034,II,ST,15,196.19,9.27000000000001,0.0,29,it's not the same form of terrorism that we have experienced in Ireland or in Spain on previous occasions via ETA or indeed in France and and elsewhere
31-03-04-m-034,II,ST,16,205.46,1.6699999999999875,0.0,5,we need to look seriously
31-03-04-m-034,II,ST,17,207.13,9.860000000000014,0.0,25,we need to seek to engage with those sections of the communities of of Europe which are alienated to the point of murder and terror
31-03-04-m-034,II,ST,18,216.99,0.6499999999999773,0.0,2,thank you
31-03-04-m-034,II,TT,0,0.0,47.416,1.0,47,una vez felicitado al Presidente o a la Presidencia irlandesa quisiera ampliar y extender estas felicidades a los funcionarios irlandeses por su profesionalidad y su dedicación así como a todo el cuerpo diplomático sin cuyo apoyo no hubiera sido posible lograr los avances que se han hecho
31-03-04-m-034,II,TT,1,47.416,8.650000000000006,0.0,18,se ha dado un paso enorme hacia adelante pero todavía tenemos que llegar a la conclusión del texto
31-03-04-m-034,II,TT,2,56.066,21.83,0.0,52,como uno de los doscientos diputados provenientes de todos los rincones de Europa que en un foro abierto preparó este texto lo que tenemos ahora es una propuesta de tratado diferente desde un punto de vista cualitativo diferente de cualquier otro texto que se presentase a la ciudadanía europea en otras ocasiones
31-03-04-m-034,II,TT,3,77.896,28.010000000000005,0.0,70,por tanto es importante que en las demás negociaciones o en todos los cambios previstos que constituyeron compromisos difíciles pues esos cambios se logren en un foro abierto lo más abierto posible porque no sería aceptable ni para esta Cámara ni para los ciudadanos europeos que se hagan las cosas a puerta cerrada que se perjudique la se se perjudique la la capacidad de acción que proporciona el texto actualmente
31-03-04-m-034,II,TT,4,105.906,15.549999999999997,0.0,35,por tanto es importante que para de cara a la ratificación por los veinticinco países pues que la propuesta que presente la Presidencia busque asegurarse de que los ciudadanos también se involucren en ese proceso
31-03-04-m-034,II,TT,5,121.456,6.890000000000001,0.0,13,la otra cuestión que quisiera señalar está relacionada con el tema del terrorismo
31-03-04-m-034,II,TT,6,128.346,14.439999999999998,-1.0,20,se ha hecho hincapié aquí acertadamente que los servicios de inteligencia son claves para salir victoriosos en contra del terrorismo
31-03-04-m-034,II,TT,7,142.786,9.27000000000001,-1.0,24,pero la recogida de información a nivel de inteligencia es vital para poder luchar en contra de las atrocidades que hemos visto en Madrid
31-03-04-m-034,II,TT,8,152.056,19.78,0.0,29,pero la utilización de nuestros datos de inteligencia es también importante para para socavar esa sensación de de injusticia que tienen muchos de los reclutados por las fuerzas terroristas
31-03-04-m-034,II,TT,9,171.836,9.579999999999984,1.0,20,también tenemos que mejorar nuestra capacidad de detención de arrestos de perseguir y darle la importancia que todo esto ocupa
31-03-04-m-034,II,TT,10,181.416,7.300000000000011,0.0,16,tenemos que ser cautos respecto a las acciones que socavan precisamente lo que tratamos de defender
31-03-04-m-034,II,TT,11,188.716,18.569999999999993,0.0,47,y al mismo tiempo tenemos que lograr que nuestra capacidad intelectual para analizar y entender lo que realmente motiva a estas nuevas fuerzas terroristas porque no son las mismas fuerzas que que pudimos presenciar en Irlanda en España con ETA o en Francia y en otras partes
31-03-04-m-034,II,TT,12,207.286,3.3100000000000023,0.0,6,tenemos que examinar esto con seriedad
31-03-04-m-034,II,TT,13,210.596,10.695843999999994,0.0,25,tenemos que buscar entrar en contacto con esas partes de las comunidades europeas que realmente se sienten tan injustamente tratadas que se van al terrorismo
31-03-04-m-043,II,ST,0,0.0,0.52,0.0,2,thank you
31-03-04-m-043,II,ST,1,0.52,5.069977,0.0,16,may I too congratulate the Irish presidency on the way it's handled the IGC negotiations
31-03-04-m-043,II,ST,2,5.589977,13.560022999999997,0.0,39,the Taoiseach referred just now to the importance of give and take in these negotiations and may I return to the issue of give and take in relation to one specific point the budgetary powers of the European Parliament
31-03-04-m-043,II,ST,3,19.15,4.41,0.0,13,the text of the Convention involved a little bit of give and take
31-03-04-m-043,II,ST,4,23.56,15.180000000000003,1.0,33,we as a Parliament have given up our right to jointly decide by inter-institutional agreement with the Council on the financial perspectives and simply instead to give our assent to those perspectives
31-03-04-m-043,II,ST,5,38.74,11.719999999999999,1.0,33,in exchange we have taken the right to have the final say within those ceilings and within a margin of manoeuvre on every item of expenditure what was previously obligatory and non-obligatory
31-03-04-m-043,II,ST,6,50.46,3.0700000000000003,0.0,10,that is a balanced fair package with give and take
31-03-04-m-043,II,ST,7,53.53,8.57,0.0,16,now some finance ministers are apparently arguing only for take on their side and no give
31-03-04-m-043,II,ST,8,62.1,9.020000000000003,0.0,28,they would reduce the Parliament to giving just an opinion on the financial perspectives and they would also place limits on the other aspects of our budgetary powers
31-03-04-m-043,II,ST,9,71.12,4.049999999999997,0.0,9,that frankly is not acceptable to the European Parliament
31-03-04-m-043,II,ST,10,75.17,2.3499999999999943,0.0,8,it would be one of our red lines
31-03-04-m-043,II,ST,11,77.52,3.3200000000000074,0.0,8,we too can have red lines Mr President
31-03-04-m-043,II,ST,12,80.84,14.689999999999998,0.0,37,may I use my remaining time however to turn to what Harry Pottering said on behalf of the EPP group when he said that his group is strongly for the Constitution altogether in favour of the Constitution
31-03-04-m-043,II,ST,13,95.53,16.069999999999993,0.0,57,well I'm delighted to hear that in his group the British Conservatives are apparently in favour of the Constitution because that's not what some of them have been saying back home in a debate in the House of Commons yesterday nor what Jonathan Evans said in a debate with me on BBC television last Friday
31-03-04-m-043,II,ST,14,111.6,2.469999999999999,0.0,7,they are going to oppose the Constitution
31-03-04-m-043,II,ST,15,114.07,7.390000000000001,0.0,20,indeed they even announced in the House of Commons they will use every parliamentary device we can to thwart it
31-03-04-m-043,II,ST,16,121.46,5.470000000000013,0.0,14,and they are at the same time stirring up scare stories about the Constitution
31-03-04-m-043,II,ST,17,126.93,11.259999999999991,0.0,31,they are alleging that it creates a centralised super-state with all powers handed over to Brussels where Brussels will be able to overrule national policy in every area of governance
31-03-04-m-043,II,ST,18,138.19,3.140000000000015,0.0,12,we of course in this House know that that is not true
31-03-04-m-043,II,ST,19,141.33,1.589999999999975,0.0,4,they are telling fibs
31-03-04-m-043,II,ST,20,142.92,9.150000000000006,0.0,27,they are trying to stir up the Euroscepticism that is latent in much of the British press and in parts of public opinion to their electoral advantage
31-03-04-m-043,II,ST,21,152.07,2.0,0.0,8,we cannot let them get away with this
31-03-04-m-043,II,ST,22,154.07,4.460000000000008,0.0,15,we must have a debate based on the facts and and not on the myths
31-03-04-m-043,II,ST,23,158.53,15.620000000000005,1.0,41,and I would hope that Harry Pottering will sort out his group wave his magic wand perhaps and ask those Members who apparently want to belong to his very federalist group in the European Parliament to draw the consequences of that
31-03-04-m-043,II,ST,24,174.15,4.199999999999989,0.0,14,you join a political group under our rules on the basis of political affinity
31-03-04-m-043,II,ST,25,178.35,5.810000000000002,0.0,20,I wonder what affinity there is between the British Conservatives and the bulk of the EPP on this fundamental question
31-03-04-m-043,II,ST,26,184.16,1.4699999999999989,0.0,5,there seems to be none
31-03-04-m-043,II,ST,27,185.63,5.759999999999991,0.0,20,and I very much I would like to invite the EPP to have a vigorous internal debate on this matter
31-03-04-m-043,II,ST,28,191.39,0.9700000000000273,0.0,4,thank you very much
31-03-04-m-043,II,TT,0,0.0,1.836,0.0,1,gracias
31-03-04-m-043,II,TT,1,1.836,7.109999999999999,0.0,21,yo también quisiera felicitar la a la Presidencia irlandesa por la forma en que ha dirigido las negociaciones de la CIG
31-03-04-m-043,II,TT,2,8.946,8.535000000000002,0.0,18,el Taoiseach se ha referido a la importancia de estas negociaciones de dar de de ceder y negociar
31-03-04-m-043,II,TT,3,17.481,5.395,0.0,15,me quisiera referir desde este punto de vista a los poderes presupuestarios del Parlamento Europeo
31-03-04-m-043,II,TT,4,22.876,3.289999999999999,0.0,12,el texto de la Convención implicaba un poco de toma y daca
31-03-04-m-043,II,TT,5,26.166,9.739999999999998,1.0,27,el Parlamento ha renunciado a su derecho a a decidir conjuntamente a a través de un acuerdo interinstitucional con el Consejo al respecto de las perspectivas financieras
31-03-04-m-043,II,TT,6,35.906,5.1200000000000045,0.0,11,a cambio vamos a dar nuestro consentimiento a esas perspectivas únicamente
31-03-04-m-043,II,TT,7,41.026,11.209999999999994,1.0,29,a cambio hemos obtenido el derecho de poder dar la última palabra dentro de esos topes con un margen de maniobra en cada partida presupuestaria obligatoria o no obligatoria
31-03-04-m-043,II,TT,8,52.236,4.780000000000001,0.0,15,me parece que es un paquete equilibrado un paquete de toma y daca como digo
31-03-04-m-043,II,TT,9,57.016,8.800000000000004,0.0,19,ahora hay algunos ministros de economía y hacienda que están intentando tomar mucho y no dar nada a cambio
31-03-04-m-043,II,TT,10,65.816,8.349999999999994,0.0,25,me refiero a las perspectivas financieras y la opinión y de esto se ha hablado y también intentarían limitar otros aspectos de nuestros poderes presupuestarios
31-03-04-m-043,II,TT,11,74.166,3.3900000000000006,0.0,9,francamente esto no es aceptable para el Parlamento Europeo
31-03-04-m-043,II,TT,12,77.556,5.719999999999999,0.0,16,sería un tope una una línea roja más allá de la cual no se puede ir
31-03-04-m-043,II,TT,13,83.276,3.3700000000000045,0.0,6,nosotros también las tenemos señor Presidente
31-03-04-m-043,II,TT,14,86.646,10.179999999999993,0.0,27,yo quisiera referirme a lo que decía el Señor Poettering en nombre del Grupo PPE cuando decía que su grupo estaba claramente a favor de una Constitución
31-03-04-m-043,II,TT,15,96.826,12.620000000000005,0.0,43,pues bien me satisface muchísimo ver que en su grupo los conservadores británicos aparentemente están a favor de la Constitución porque no es lo que algunos de ellos han estado diciendo en casa en un debate ayer en la Cámara de los Comunes
31-03-04-m-043,II,TT,16,109.446,7.1299999999999955,0.0,25,tampoco es lo que dijo el Señor Evans en en la BBC el viernes pasado en un debate en el que yo también estuve presente
31-03-04-m-043,II,TT,17,116.576,8.14,-1.0,18,dijeron que utilizarían cualquier instrumento parlamentario que estuviera a su disposición para luchar en contra de la Constitución
31-03-04-m-043,II,TT,18,124.716,5.575000000000003,0.0,13,y al mismo tiempo están creando el pánico al respecto de la Constitución
31-03-04-m-043,II,TT,19,130.291,5.575000000000017,0.0,19,se da a entender que se quiere crear un super-Estado con todos los poderes en manos de Bruselas
31-03-04-m-043,II,TT,20,135.866,4.789999999999992,0.0,15,Bruselas podría hacer caso omiso de los Estados nacionales y todos los ámbitos de gobierno
31-03-04-m-043,II,TT,21,140.656,3.579999999999984,0.0,11,evidentemente aquí en esta Cámara sabemos que esto no es cierto
31-03-04-m-043,II,TT,22,144.236,1.1100000000000136,0.0,3,están contando mentiras
31-03-04-m-043,II,TT,23,145.346,8.879999999999995,0.0,20,están intentando azuzar ese euroescepticismo que es claro en la prensa británica y en una parte de la opinión pública
31-03-04-m-043,II,TT,24,154.226,1.75,0.0,9,no podemos permitir que se salgan con la suya
31-03-04-m-043,II,TT,25,155.976,6.664999999999992,0.0,18,necesitamos un debate basado en los hechos y no en los mitos en las falsas las falsas ideas
31-03-04-m-043,II,TT,26,162.641,7.425000000000011,0.0,23,y yo espero que el Señor Poettering iba a decir Harry Pottering pueda poner orden en su grupo con una varita mágica quizá
31-03-04-m-043,II,TT,27,170.066,2.3799999999999955,0.0,9,es un grupo tan federal en el Parlamento Europeo
31-03-04-m-043,II,TT,28,172.446,5.300000000000011,0.0,10,yo espero que realmente puedan sacar las consecuencias de ello
31-03-04-m-043,II,TT,29,177.746,5.1200000000000045,0.0,14,de conformidad con nuestro reglamento en un grupo tiene que haber una afinidad política
31-03-04-m-043,II,TT,30,182.866,4.679999999999978,0.0,18,yo me pregunto entre los conservadores británicos y el resto del PP qué afinidad hay sobre esta cuestión
31-03-04-m-043,II,TT,31,187.546,1.1899999999999977,0.0,5,parece que no hay ninguna
31-03-04-m-043,II,TT,32,188.736,4.990780999999998,0.0,21,pues bien yo quisiera invitar al PPE a que llevar a cabo un debate interno vigoroso al respecto de este tema
31-03-04-m-048,II,ST,0,0.0,1.49,0.0,1,President
31-03-04-m-048,II,ST,1,1.49,3.9399999999999995,-1.0,11,the fight against international terrorism is the EU's greatest challenge
31-03-04-m-048,II,ST,2,5.43,9.48,0.0,22,in my London constituency yesterday British police arrested eight British citizens of Pakistani descent with half a tonne of bomb-making material
31-03-04-m-048,II,ST,3,14.91,4.039999999999999,0.0,11,we of course need much stronger measures to combat this scourge
31-03-04-m-048,II,ST,4,18.95,7.859999999999999,0.0,24,and my party the British Conservatives will even accept the appointment of a counter-terrorist coordinator if it can be shown to improve security
31-03-04-m-048,II,ST,5,26.81,22.500000000000004,1.0,61,I also fully support cooperation between law enforcement judicial and intelligence services and agencies but not just within the EU but globally with allies such as the USA but with other powers as well such as Russia and China who have their own domestic Islamist problems in Chechnya and with the Uyghur minority and terrorists who are connected to Al-Qaeda
31-03-04-m-048,II,ST,6,49.31,11.89,-1.0,32,British Conservatives reject the European arrest warrant and do not accept that this problem has anything to do with third-world poverty as many terrorists come from wealthy middle-class educated backgrounds
31-03-04-m-048,II,ST,7,61.2,8.849999999999994,0.0,27,and indeed the poorest areas of the world like Africa have themselves been the victims of foreign terrorism as we saw in the embassy bombings in Kenya
31-03-04-m-048,II,ST,8,70.05,11.469999999999999,0.0,33,we need strict enforcement of anti-money laundering legislation and on the freezing of terrorist assets and the ratifying of the conventional mutual assistance in criminal matters concerning the monitoring of bank accounts
31-03-04-m-048,II,ST,9,81.52,6.670000000000002,0.0,17,Europol's anti-terrorist unit needs beefing up but we don't need a European public prosecutor
31-03-04-m-048,II,ST,10,88.19,4.299999999999997,0.0,15,and the UK is wise to stay out of Schengen and control its own borders
31-03-04-m-048,II,ST,11,92.49,9.990000000000009,0.0,22,the European public fully accepts that security comes first and that their cherished freedoms including privacy will be curtailed in this fight
31-03-04-m-048,II,ST,12,102.48,8.849999999999994,0.0,18,lastly I call for more condemnation by Muslim leaders of terrorism and rejection of extremism within their communities
31-03-04-m-048,II,ST,13,111.33,6.1200000000000045,1.0,16,I was particularly disturbed to read that thirteen per cent of British Muslims support suicide bombers
31-03-04-m-048,II,ST,14,117.45,15.739999999999995,1.0,39,I therefore welcome yesterday the British Council of Muslims who have called upon all the leaders within their mosques to reject terrorism and to cooperate fully with the UK police and authorities in identifying those behind these recent attempts
31-03-04-m-048,II,ST,15,133.19,0.7700000000000102,0.0,2,thank you
31-03-04-m-048,II,TT,0,0.0,2.196,0.0,1,Presidente
31-03-04-m-048,II,TT,1,2.196,4.720000000000001,-1.0,14,la lucha contra el terrorismo internacional es el mayor desafío de la Unión Europea
31-03-04-m-048,II,TT,2,6.916,10.04,0.0,23,mis electores de Londres en Londres que es mi distrito ayer la policía detuvo a unos pakistaníes con una tornada de material explosivo
31-03-04-m-048,II,TT,3,16.956,2.8000000000000007,0.0,9,hace falta medidas más fuertes para combatir esta plaga
31-03-04-m-048,II,TT,4,19.756,8.419999999999998,0.0,22,y mi partido los conservadores británicos aceptarán incluso el nombramiento de un coordinador antiterrorista si se demuestra que esto mejora la seguridad
31-03-04-m-048,II,TT,5,28.176,25.2,0.0,63,también he apoyado plenamente la cooperación entre los servicios de imposición de la ley de inteligencia y policiales pero no solo en la Unión Europea sino globalmente con aliados como Estados Unidos y también con otras partes del mundo como Rusia y China que tienen sus propios problemas islámicos internos en Chechenia y con la minoría de en China conectada con Al Qaeda
31-03-04-m-048,II,TT,6,53.376,5.830000000000005,0.0,23,pero no acepto el mandato de detención europeo ni tampoco que eso tenga nada que ver con la pobreza en el tercer mundo
31-03-04-m-048,II,TT,7,59.206,4.43,0.0,9,muchos terroristas vienen de orígenes de clase media próspera
31-03-04-m-048,II,TT,8,63.636,9.130000000000003,0.0,18,y muchos países pobres de África se han visto víctimas de los atentados terroristas como Kenia por ejemplo
31-03-04-m-048,II,TT,9,72.766,12.030000000000001,-1.0,35,hace falta una legislación más fuerte contra el blanqueo del dinero y la congelación de los activos de los terroristas y un convenio de asistencia mutua sobre temas terroristas por ejemplo control de cuentas bancarias
31-03-04-m-048,II,TT,10,84.796,4.11999999999999,0.0,14,hace falta dar más poder a Europol pero no hace falta un fiscal europeo
31-03-04-m-048,II,TT,11,88.916,5.189999999999998,0.0,16,y el Reino Unido hace bien en mantenerse fuera de Schengen y controlar sus propias fronteras
31-03-04-m-048,II,TT,12,94.106,10.64500000000001,0.0,30,el público europeo acepta plenamente que la seguridad es lo primero y que sus libertades tan valiosas incluida la de la intimidad se verían se verán recortadas en esta lucha
31-03-04-m-048,II,TT,13,104.751,8.804999999999993,0.0,22,y por último pido una mayor condena de los líderes por los líderes islámicos del terrorismo y del extremismo entre sus comunidades
31-03-04-m-048,II,TT,14,113.556,7.960000000000008,0.0,18,me preocupó mucho leer que el trece por ciento de los musulmanes británicos apoyaban los las bombas suicidas
31-03-04-m-048,II,TT,15,121.516,12.279999999999987,0.0,37,por ello me gustó que ayer el Consejo General Musulmán Británico pidiera que todos los líderes de las mezquitas condenaran el terrorismo y cooperaran con la policía para identificar los que están detrás de estos recientes atentados
31-03-04-m-048,II,TT,16,133.796,0.46487500000000637,0.0,1,gracias
31-03-04-m-051,II,ST,0,0.0,1.81,0.0,5,thank you very much President
31-03-04-m-051,II,ST,1,1.81,4.77,0.0,12,and I want to thank all the members for their constructive remarks
31-03-04-m-051,II,ST,2,6.58,2.369999999999999,0.0,11,a large number of points have been made in this debate
31-03-04-m-051,II,ST,3,8.95,9.41,0.0,29,we have carefully taken note of those in the Irish presidency and I'll deal with a number of the the common themes that have arisen during the debate
31-03-04-m-051,II,ST,4,18.36,13.120000000000001,-1.0,31,at the outset Mr Poettering and Mr Barón and Mr Watson made many others during the debate raised the the issues regarding the terrorisms and the threat that we we face
31-03-04-m-051,II,ST,5,31.48,7.629999999999999,0.0,23,I say we are all committed to combatting terrorism in accordance with the fundamental principles in which the the Union is is founded
31-03-04-m-051,II,ST,6,39.11,18.950000000000003,0.0,48,and I can assure Ms Frassoni and all of the other people who made this point that our efforts in counter-terrorism will be undertaken with respect for human rights and fundamental freedoms and that of course is something that we we have to to fully adhere to
31-03-04-m-051,II,ST,7,58.06,4.539999999999999,0.0,12,our immediate priority is to ensure the security of European Union citizens
31-03-04-m-051,II,ST,8,62.6,4.580000000000005,0.0,13,however we also need to address the wider factors that contribute to terrorism
31-03-04-m-051,II,ST,9,67.18,2.7299999999999898,0.0,6,this is not to justify terrorism
31-03-04-m-051,II,ST,10,69.91,3.4099999999999966,0.0,9,it's rather an essential step in its elimination
31-03-04-m-051,II,ST,11,73.32,2.2700000000000102,0.0,7,many people have made that point here
31-03-04-m-051,II,ST,12,75.59,9.950000000000003,0.0,28,it's been made a number of times in in recent weeks regarding the root causes of terrorism the central factors to try to work and understand it
31-03-04-m-051,II,ST,13,85.54,9.029999999999987,0.0,26,as Irish colleague Mr De Rossa made the point that this is different to a lot of the terrorism that we've seen in recent decades
31-03-04-m-051,II,ST,14,94.57,22.42,0.0,75,and there is a case and it was very clear in the European Council that while in no way wanting to justify any of the acts that we do have to try to to study understand and see how we can try to to cope with it not obviously talking to people who are engaged in it because they won't listen to anybody but you do have to understand and study the root causes
31-03-04-m-051,II,ST,15,116.99,14.269999999999996,0.0,37,I agree fully with the view expressed by Mr Poettering and Mrs Doyle that there can be no question of casting a collective blame on any group of people or nations for the the scourge of terrorism
31-03-04-m-051,II,ST,16,131.26,3.3799999999999955,0.0,10,I think we must not stigmatise the the Arab world
31-03-04-m-051,II,ST,17,134.64,9.700000000000017,0.0,30,and I want to register my absolute agreement on on this point because I am determined that we will work in close partnership with the leadership of the Arab world
31-03-04-m-051,II,ST,18,144.34,5.680000000000007,-1.0,19,and as I reported that's precisely what we're doing in the presidency in the fight against terrorism
31-03-04-m-051,II,ST,19,150.02,12.780000000000001,0.0,28,it would be totally wrong totally unacceptable that there would be any suggestion whatsoever that the Arab community generally are implicated or bear any kind of collective responsibility
31-03-04-m-051,II,ST,20,162.8,15.259999999999991,-1.0,40,the declaration on combatting terrorism President underlines that we are at one in the European Union in assessing the gravity of the threat which terrorism poses and we are also at one in our determination to face down that threat
31-03-04-m-051,II,ST,21,178.06,9.579999999999984,1.0,25,we will report progress at the June Council on the implementation of these measures including a revised European Union plan of action to combat terrorism
31-03-04-m-051,II,ST,22,187.64,14.300000000000011,0.0,35,I look forward to working closely with the the Commission with the European Parliament with the Council of Secretariats and the newly appointed Counter-Terrorist Coordinator Dr de Vries in in taking this work forward
31-03-04-m-051,II,ST,23,201.94,4.27000000000001,0.0,14,I want to underline that we are working with a real sense of urgency
31-03-04-m-051,II,ST,24,206.21,6.489999999999981,0.0,20,many people have made the point to follow up on the declaration and the other work at the European Council
31-03-04-m-051,II,ST,25,212.7,13.780000000000001,0.0,36,at the Justice and Home Affairs Council yesterday we invited Mr Dr de Vries to for him to engage in what was a very useful discussion and concrete discussion about how we take that work forward
31-03-04-m-051,II,ST,26,226.48,5.920000000000016,0.0,15,the Council also acted decisively yesterday to meet the first deadline set in the declaration
31-03-04-m-051,II,ST,27,232.4,8.939999999999998,0.0,25,that's for the draft directive and compensation to victims that has been bogged down for some time with arguments about the the legal basis
31-03-04-m-051,II,ST,28,241.34,10.490000000000009,0.0,30,and European Council set a a deadline of the first of May and the presidency invested a particular effort to ensure that yesterday's JHA Council would reach political agreements
31-03-04-m-051,II,ST,29,251.83,8.169999999999987,0.0,18,I mention this President in order to emphasise our determination to translate the declaration into to concrete delivery
31-03-04-m-051,II,ST,30,260.0,8.769999999999982,1.0,27,we made the start as I said yesterday and we'll do everything in our power to keep progress on track throughout the remainder of our presidency
31-03-04-m-051,II,ST,31,268.77,14.770000000000039,0.0,46,I also emphasised last week that all of us all of us in the Council have to make sure that the measures that we've agreed since nine eleven must be put put through as soon as possible and we've given deadlines in our declaration
31-03-04-m-051,II,ST,32,283.54,5.5,0.0,14,most of that has to be concluded this year either June or in December
31-03-04-m-051,II,ST,33,289.04,13.849999999999966,1.0,37,President I am very grateful to you for your continuing strong support and of all of the Members for concluding the IDC as expressed by Mr Poettering Mr Barón Mr Watson and and many others here today
31-03-04-m-051,II,ST,34,302.89,7.8700000000000045,0.0,22,it's been instrumental in creating a political atmosphere in which people were prepared to commit themselves to reaching agreement by June
31-03-04-m-051,II,ST,35,310.76,5.670000000000016,0.0,21,as my colleague Mr Collins said it would be more difficult to reach agreement if we do not move ahead now
31-03-04-m-051,II,ST,36,316.43,6.920000000000016,0.0,17,there's no political point no administrative point in waiting for the the year to drag on
31-03-04-m-051,II,ST,37,323.35,2.919999999999959,0.0,6,it will only become more complicated
31-03-04-m-051,II,ST,38,326.27,5.410000000000025,0.0,14,and like you I would prefer the earliest possible agreement ideally before the elections
31-03-04-m-051,II,ST,39,331.68,2.079999999999984,0.0,8,that's what I asked for last week
31-03-04-m-051,II,ST,40,333.76,15.189999999999998,1.0,46,however as I said in my contribution at the start a range of factors might make this hard to achieve and we have to wait and see the progress we've made as there have been many changes in the European Council in recent recent weeks
31-03-04-m-051,II,ST,41,348.95,8.120000000000005,0.0,22,and a number of governments not only in the Spanish position but a number of positions are changing which creates some difficulty
31-03-04-m-051,II,ST,42,357.07,5.319999999999993,1.0,17,so we will do our utmost to move that on and make as much progress as possible
31-03-04-m-051,II,ST,43,362.39,3.160000000000025,0.0,11,I want to see as many issues as possible resolved quickly
31-03-04-m-051,II,ST,44,365.55,12.180000000000007,1.0,50,I think one way or the other we should be able to clear a lot of the issues prior to the European elections so that even if the last few are not there the people can see them but I don't think there's any great difficulty about that
31-03-04-m-051,II,ST,45,377.73,16.25,0.0,62,and I I do take the point made by Mr De Rossa and others that we have to make that as open as possible and I intend to do that where we make changes try to explain them as I've been doing over the last number of months making the the points as we go along of where the debate is
31-03-04-m-051,II,ST,46,393.98,8.20999999999998,1.0,29,and obviously the double majority that one was a big issue to bring everybody around to to the basis of that and why if we're to make progress
31-03-04-m-051,II,ST,47,402.19,9.050000000000011,0.0,28,but I think having made that decision and people making that decision it opens up flexibilities in in other areas and I mentioned some of those this morning
31-03-04-m-051,II,ST,48,411.24,7.509999999999991,0.0,27,and I think we will be able to move that debate on and not just have not having to wait just till the end of the debate
31-03-04-m-051,II,ST,49,418.75,9.259999999999991,0.0,18,Ms Frassoni has raised the question of how many issues remain to be resolved in the Intergovernmental Conference
31-03-04-m-051,II,ST,50,428.01,2.4599769999999808,0.0,8,I think somebody mentioned this morning eighty-two
31-03-04-m-051,II,ST,51,430.469977,1.640023000000042,0.0,6,thankfully it's not eighty-two
31-03-04-m-051,II,ST,52,432.11,19.339999999999975,0.0,46,I think it was about twenty-two at one stage but in my address I identified some of the key issues obviously the Commission the vote in the Council the seats in the European Parliament particularly for the smaller Member States and the newer states too
31-03-04-m-051,II,ST,53,451.45,5.819999999999993,0.0,18,in addition a balanced outcome must also be struck on the extent of QMV under the new Constitution
31-03-04-m-051,II,ST,54,457.27,2.759999999999991,0.0,10,I note what a number of members said about that
31-03-04-m-051,II,ST,55,460.03,8.330000000000041,0.0,25,there's a range of of further issues many of which were the subject of proposals at the Italian presidency and the the Naples summit
31-03-04-m-051,II,ST,56,468.36,4.259999999999991,0.0,14,they were not ever agreed because they were never discussed at the December Council
31-03-04-m-051,II,ST,57,472.62,3.569999999999993,0.0,8,I think the bases for those are there
31-03-04-m-051,II,ST,58,476.19,9.269999999999982,0.0,32,but as in all of these things there's nuances to people's positions which I have been working on over the last three months to try to get agreement on those
31-03-04-m-051,II,ST,59,485.46,3.490000000000009,0.0,11,but I do not think they're they're deal breakers
31-03-04-m-051,II,ST,60,488.95,3.400000000000034,0.0,13,I think they're they are possible to conclude them with some discussion
31-03-04-m-051,II,ST,61,492.35,4.939999999999998,0.0,16,we've explored options on all of these issues in our consultations with partners to date
31-03-04-m-051,II,ST,62,497.29,4.649999999999977,0.0,17,they're aware of my view and they're aware I think where we can get compromise
31-03-04-m-051,II,ST,63,501.94,7.550000000000011,1.0,25,as always nothing is agreed until everything is agreed but I would hope that we are moving to agreement on on many of these points
31-03-04-m-051,II,ST,64,509.49,8.220000000000027,0.0,32,so as a result we believe that it should be possible to reach a satisfactory outcome on all of those issues and then we'll come down to the few difficult ones
31-03-04-m-051,II,ST,65,517.71,17.309999999999945,0.0,47,there are still difficult questions to resolve but so doing the deal will require further flexibility and compromise but if we keep the big picture in mind President a Constitution which will help the Union connect better and do more I am sure we we can succeed
31-03-04-m-051,II,ST,66,535.02,2.240000000000009,0.0,5,that is my firm view
31-03-04-m-051,II,ST,67,537.26,11.350000000000023,0.0,34,I agree in particular with Mr Watson's view that not only must we agree a Constitution but we must all of us be ready to sell it to our parliaments and and peoples
31-03-04-m-051,II,ST,68,548.61,22.0,1.0,52,and I do hope that this would be the end of the ongoing debate for a while because as has been correctly said if you keep on moving to the next debate in Maastricht and Amsterdam and and Nice and on it does create a large amount of problems and and difficulties
31-03-04-m-051,II,ST,69,570.61,6.25,0.0,21,on the Lisbon Agenda Mr Barón Mr Watson and others called for renewal of the momentum behind it the Lisbon Agenda
31-03-04-m-051,II,ST,70,576.86,16.83000000000004,0.0,44,as I said earlier the European Council agreed a a message of confidence and determination showing that Europe has the will and the capacity to advance the Lisbon Agenda and I think we need to to concentrate on translating our objectives into into realities
31-03-04-m-051,II,ST,71,593.69,8.629999999999995,0.0,25,a a few speakers this morning have drawn attention to the continuing problems of delivering on the Lisbon Agenda and I could not agree more
31-03-04-m-051,II,ST,72,602.32,7.259999999999991,0.0,19,I think it was a point that I underlined most strongly in addressing my colleagues at the European Council
31-03-04-m-051,II,ST,73,609.58,11.079999999999927,0.0,32,it was a point we addressed first in our European Council conclusions and I think we made this point Mr Prodi and myself made it in our press conference this last week
31-03-04-m-051,II,ST,74,620.66,2.490000000000009,0.0,9,I made it when I met the social partners
31-03-04-m-051,II,ST,75,623.15,5.980000000000018,0.0,20,but I think as we all know delivering on the Lisbon Agenda depends on the most part on national actions
31-03-04-m-051,II,ST,76,629.13,12.539999999999964,1.0,35,and we what we have tried to do at the summit was to sharpen the focus rather than go on endlessly about you know hundreds of conclusions and hundreds of benchmarks left right and centre
31-03-04-m-051,II,ST,77,641.67,5.730000000000018,0.0,20,we tried to to focus it down and to increase the peer pressure to promote the exchange of best practice
31-03-04-m-051,II,ST,78,647.4,6.7000000000000455,0.0,18,and in addition we we took some new collective steps as that I described in my opening statement
31-03-04-m-051,II,ST,79,654.1,3.189999999999941,0.0,9,but there's no magic bullet to deliver Lisbon
31-03-04-m-051,II,ST,80,657.29,3.1299999999999955,0.0,5,we need focus resolve determination
31-03-04-m-051,II,ST,81,660.42,11.030000000000086,0.0,30,detailed work must continue on an ongoing basis and I genuinely believe President that we left the Spring European Council and more with our individual and collective resolves and strength
31-03-04-m-051,II,ST,82,671.45,26.779999999999973,1.0,77,and and I I think that has been useful and your role will be critical and crucial here in supporting the process of implementing the essential reforms and I hope that we can work constructively together the Council the Parliaments the Commission to ensure that we finalise as many Lisbon-related dossiers as possible before the end of your term and I and I appreciate what what you have already done and and thank you for that
31-03-04-m-051,II,ST,83,698.23,8.019999999999982,0.0,20,the challenges ahead may be significant but I think the potential benefits are also considerable for our people in Europe
31-03-04-m-051,II,ST,84,706.25,9.210000000000036,0.0,26,and I agree with the speakers who stressed the need for Lisbon to be reflected in real improvements in the the daily lives of our citizens
31-03-04-m-051,II,ST,85,715.46,10.919999999999959,0.0,24,Mr Barón mentioned Cyprus and of course today is the day where it is hoped that the Kofi Annan set of negotiations will conclude
31-03-04-m-051,II,ST,86,726.38,7.009999999999991,0.0,29,so I know that's going to be difficult but it is the today is the day that is fixed for us and they are endeavouring to do that
31-03-04-m-051,II,ST,87,733.39,5.730000000000018,0.0,20,they're staying at the work and have worked extremely hard over the last ten days and more on it
31-03-04-m-051,II,ST,88,739.12,10.720000000000027,-1.0,24,but European Council obviously discussed this as as a crucial time in the search for the settlement to the Cyprus problem with UN negotiations
31-03-04-m-051,II,ST,89,749.84,18.75999999999999,0.0,42,I've kept in touch with all the parties over the last number of months on this particular issue and throughout last year I had several meetings with Mr Erdoğan and President Papadopoulos and the UN staff on on this particular issue
31-03-04-m-051,II,ST,90,768.6,6.449999999999932,0.0,18,at the European Council we reiterated our strong preference for the accession of a united Cyprus next month
31-03-04-m-051,II,ST,91,775.05,11.31000000000006,1.0,27,we offered our full support to the efforts of Secretary General Annan to help the parties to seize the historic opportunity to bring about a comprehensive settlement
31-03-04-m-051,II,ST,92,786.36,3.7100000000000364,0.0,13,we urged all parties to maintain a firm commitment to a successful outcome
31-03-04-m-051,II,ST,93,790.07,11.8599999999999,0.0,29,and in line with the understanding reached with the parties in New York last month Secretary General Annan has expressed his determination to conclude these negotiations in Switzerland tonight
31-03-04-m-051,II,ST,94,801.93,3.6299999999999955,0.0,10,so I I wish to negotiate as well in that
31-03-04-m-051,II,ST,95,805.56,16.1400000000001,0.0,48,Kofi Annan hopes that the parties will sign a final version of the settlement plan and that the guarantor powers will endorse it tonight so that it can be presented as an agreed document to the people of Cyprus for approval later on next month month of April
31-03-04-m-051,II,ST,96,821.7,5.759999999999991,1.0,16,and it's clear that from this morning's debate that we all share that hope
31-03-04-m-051,II,ST,97,827.46,13.370000000000005,0.0,37,on the the budget issue a number of Members raised the budget issue President in particular and I think the points were well made and the points were made about the compromise that has already been made
31-03-04-m-051,II,ST,98,840.83,18.729999999999905,0.0,53,and we will emphasise those points in in the debate and in saying reply to to Mr Hänsch and others that I am fully conscious that the procedures for agreement on the Union's budget are a particularly sensitive matter for the Parliament President and I will take that fully into into account
31-03-04-m-051,II,ST,99,859.56,8.75,0.0,19,as presidency we will attach particular importance to ensuring a balanced outcome which all including the Parliament can accept
31-03-04-m-051,II,ST,100,868.31,13.540000000000077,0.0,33,and I'll pass on the remarks that I think were particularly made for the EcoFin Council and pass that on to the President of the EcoFin Council my my colleague Mr McCreevy
31-03-04-m-051,II,ST,101,881.85,14.340000000000032,0.0,34,if I can just briefly in response to Mrs Doyle on on Burma because you you made the the point but let me let me answer that point because it is it is important
31-03-04-m-051,II,ST,102,896.19,20.09999999999991,0.0,54,the the decision to establish diplomatic relations with Burma Myanmar was taken in the context of our presidency of the Union and the need for for Ireland as EU presidency to be in it in a position to deal directly with the Burmese authorities otherwise we would not have been able to do that
31-03-04-m-051,II,ST,103,916.29,17.590000000000032,0.0,47,but before establishing the relations President which we we understood why we had to do it we consulted Aung San Suu Kyi and she expressly concurred in our decision because she understood the point that for us to do the job that we would actually do it
31-03-04-m-051,II,ST,104,933.88,4.509999999999991,0.0,15,so we did we did check that and she concurred in it and we will
31-03-04-m-051,II,ST,105,938.39,10.550000000000068,0.0,33,our goals of course as presidency of the European Union we have both we have both an opportunity and a responsibility to speak to the Burmese authorities on behalf of the European Union
31-03-04-m-051,II,ST,106,948.94,18.039999999999964,1.0,64,of course we could have sought to do nothing which is what we effectively would've been in the position of doing but our goals continue to be the return to democracy to Burma an end to human rights violation and the realisation of peace and prosperity for the long-suffering people of Burma which I think is what we all want to do
31-03-04-m-051,II,ST,107,966.98,17.769999999999982,0.0,47,and it's our belief that the appointment of an ambassador to Burma expands the platforms from which we can promote these goals by the European Union and the international community and with the with the exception of Luxembourg all Member States maintain diplomatic relations with Burma
31-03-04-m-051,II,ST,108,984.75,27.639999999999986,0.0,82,so President can I just say in conclusion thank everyone who has spoken thank them for the points that were made and can I thank the cooperation of the leaders of the groups for their ongoing contacts with the presidency and with the members of of the IGC group that I've had an opportunity of of talking to on numerous occasions and as late as Dublin where they were attending the the Foreign Affairs Chairman's group earlier on this week
31-03-04-m-051,II,ST,109,1012.39,6.980000000000018,1.0,19,I am deeply conscious of the consistent support of the Parliament across a range of issues in our agenda
31-03-04-m-051,II,ST,110,1019.37,4.100000000000023,1.0,12,I look forward to your continued support in the the coming months
31-03-04-m-051,II,ST,111,1023.47,5.430000000000064,0.0,19,I will of course be addressing the new the Parliament on the other side of the June European Council
31-03-04-m-051,II,ST,112,1028.9,14.849999999999909,0.0,37,but I assure you President and we've had some discussion with you and others of of some mechanism where we can continue to keep all the issues abreast as much as possible over the intervening period
31-03-04-m-051,II,ST,113,1043.75,12.029999999999973,0.0,39,and I will do everything possible that I can to keep that connection up and to keep you you and your colleagues abreast of the the ongoing details as they'll unfold over the month of April and May
31-03-04-m-051,II,ST,114,1055.78,1.7000000000000455,0.0,4,thank you very much
31-03-04-m-051,II,TT,0,0.0,3.296,0.0,3,gracias señor Presidente
31-03-04-m-051,II,TT,1,3.296,4.51,0.0,10,gracias a todos los diputados por sus observaciones tan constructivas
31-03-04-m-051,II,TT,2,7.806,2.12,0.0,8,se han dicho muchas cosas en este debate
31-03-04-m-051,II,TT,3,9.926,8.819999999999999,0.0,23,hemos tomado nota con todo cuidado en la Presidencia irlandesa y abordaré algunos de los que se han repetido más en el debate
31-03-04-m-051,II,TT,4,18.746,15.370000000000001,-1.0,19,el Señor Pöttering y otros más mencionaron temas relativos al terrorismo y a la amenaza con que nos enfrentamos
31-03-04-m-051,II,TT,5,34.116,3.1000000000000014,-1.0,8,todos estamos comprometidos con lucha contra del terrorismo
31-03-04-m-051,II,TT,6,37.216,18.185000000000002,-1.0,27,les puedo garantizar que se harán todos los esfuerzos necesarios contra los terroristas pero también para mantener al mismo tiempo las libertades fundamentales y los derechos humanos
31-03-04-m-051,II,TT,7,55.401,4.0049999999999955,0.0,7,es algo que tenemos que mantener plenamente
31-03-04-m-051,II,TT,8,59.406,4.0,0.0,14,la prioridad inmediata es garantizar la seguridad de los ciudadanos de la Unión Europea
31-03-04-m-051,II,TT,9,63.406,5.199999999999996,0.0,16,pero también tenemos que tener en cuenta los factores más amplios que han contribuido al terrorismo
31-03-04-m-051,II,TT,10,68.606,2.8100000000000023,0.0,9,y eso no es para justificar el terrorismo evidentemente
31-03-04-m-051,II,TT,11,71.416,3.6000000000000085,0.0,9,se trata simplemente de un paso hacia su eliminación
31-03-04-m-051,II,TT,12,75.016,14.879999999999995,0.0,35,es algo que se ha dicho varias veces en las últimas semanas cuando se ha hablado de las raíces del terrorismo los factores centrales que tenemos en que tenemos que centrarnos para entender este fenómeno
31-03-04-m-051,II,TT,13,89.896,8.060000000000002,0.0,21,una de sus Señorías ha dicho que este acto de terrorismo es distinto del que hemos visto en las últimas décadas
31-03-04-m-051,II,TT,14,97.956,24.11,0.0,47,no se quiere justificar ninguno de estos actos pero tenemos que intentar estudiarlos entenderlos y ver cómo podemos intentar enfrentarnos a esta situación no a través del diálogo porque estas personas no van a hablar con nadie pero hay que entender las causas de estos actos terroristas
31-03-04-m-051,II,TT,15,122.066,11.609999999999985,0.0,30,la Señora Doyle decía que no se puede apuntar con el dedo a un grupo de personas a una nación o un grupo de naciones por la plaga del terrorismo
31-03-04-m-051,II,TT,16,133.676,2.8000000000000114,0.0,7,no tenemos que estigmatizar el mundo árabe
31-03-04-m-051,II,TT,17,136.476,5.900000000000006,1.0,10,pues bien yo estoy totalmente de acuerdo con estas palabras
31-03-04-m-051,II,TT,18,142.376,4.909999999999997,0.0,15,tengo la firme intención de trabajar en estrecho vínculo con los representantes del mundo árabe
31-03-04-m-051,II,TT,19,147.286,4.3799999999999955,0.0,11,esto es lo que intentamos hacer por parte de la Presidencia
31-03-04-m-051,II,TT,20,151.666,15.120000000000005,-1.0,33,en la lucha contra el terrorismo sería totalmente inaceptable que se sugiriera de alguna manera que la comunidad árabe así en general está implicada en algún tipo de responsabilidad colectiva por estos actos
31-03-04-m-051,II,TT,21,166.786,9.0,-1.0,20,la Declaración para la lucha antiterrorista subraya que la Unión Europea actúa con una sola voz en contra del terrorismo
31-03-04-m-051,II,TT,22,175.786,3.180000000000007,0.0,4,tenemos una gran determinación
31-03-04-m-051,II,TT,23,178.966,8.859999999999985,0.0,20,por lo demás voy a informarles de los avances en la aplicación de las medidas previstas de cara a junio
31-03-04-m-051,II,TT,24,187.826,13.360000000000014,0.0,27,y espero con gran interés poder colaborar con la Comisión con el Parlamento con la Secretaría del Consejo y con el coordinador antiterrorista el Señor de Vries
31-03-04-m-051,II,TT,25,201.186,7.079999999999984,0.0,7,quiero subrayar que estamos trabajando con urgencia
31-03-04-m-051,II,TT,26,208.266,6.480000000000018,0.0,13,muchos han hecho referencia a los trabajos que se hacen en el Consejo
31-03-04-m-051,II,TT,27,214.746,13.530000000000001,0.0,36,en el Consejo de de de Justicia y Asuntos de Interior de ayer invitamos al Doctor de Vries a participar en un debate que resultó ser muy enriquecedor para ver cómo podemos llevar adelante estos trabajos
31-03-04-m-051,II,TT,28,228.276,6.4199999999999875,0.0,13,el Consejo también quiere respetar el la primera fecha tope de la declaración
31-03-04-m-051,II,TT,29,234.696,10.129999999999995,0.0,21,me refiero a las indemnizaciones a las víctimas porque esto ha estado grabado últimamente por un debate sobre el fundamento jurídico
31-03-04-m-051,II,TT,30,244.826,9.530000000000001,1.0,19,nos fijamos como fecha tope el uno de mayo y nos hemos propuesto firmemente llegar a un acuerdo político
31-03-04-m-051,II,TT,31,254.356,8.470000000000027,0.0,19,lo digo señor Presidente para insistir en que estamos muy decididos para pasar de las palabras a los hechos
31-03-04-m-051,II,TT,32,262.826,4.789999999999964,0.0,7,queremos que la declaración sea una realidad
31-03-04-m-051,II,TT,33,267.616,3.430000000000007,0.0,14,es lo que vamos a intentar hacer durante lo que queda de nuestra Presidencia
31-03-04-m-051,II,TT,34,271.046,16.910000000000025,0.0,35,también insistí en la semana pasada en que todos los miembros del Consejo en cuanto a todas las medidas aprobadas desde el nueve de de el once del nueve tienen que tener un reflejo práctico
31-03-04-m-051,II,TT,35,287.956,12.979999999999961,1.0,20,señor Presidente le agradezco muchísimo su apoyo y el apoyo de todas sus Señorías para la conclusión de la CIG
31-03-04-m-051,II,TT,36,300.936,4.8700000000000045,0.0,10,el Señor Watson el Señor Poettering ya lo han dicho
31-03-04-m-051,II,TT,37,305.806,8.54000000000002,0.0,18,hubo durante los trabajos una atmosfera muy favorable para que se pueda conseguir un resultado antes de junio
31-03-04-m-051,II,TT,38,314.346,5.420000000000016,0.0,10,sería difícil llegar a un resultado si no avanzamos ahora
31-03-04-m-051,II,TT,39,319.766,4.430000000000007,0.0,10,no hay no tiene ningún sentido darle largas al asunto
31-03-04-m-051,II,TT,40,324.196,2.5399999999999636,0.0,7,simplemente se complicaría aún más la situación
31-03-04-m-051,II,TT,41,326.736,6.069999999999993,1.0,21,al igual que ustedes yo preferiría que se llegara a un acuerdo cuanto antes si puede ser antes de las elecciones
31-03-04-m-051,II,TT,42,332.806,3.140000000000043,0.0,9,es lo que pedí la semana pasada de hecho
31-03-04-m-051,II,TT,43,335.946,7.669999999999959,0.0,16,no obstante puede haber toda una serie de factores que dificulten que esto pueda hacerse realidad
31-03-04-m-051,II,TT,44,343.616,2.090000000000032,0.0,8,ya lo he dicho en mi primera intervención
31-03-04-m-051,II,TT,45,345.706,6.810000000000002,0.0,17,esperamos que haya muchísimos es decir ha habido muchísimos cambios en el Consejo en las últimas semanas
31-03-04-m-051,II,TT,46,352.516,1.9799999999999613,0.0,8,ha habido un cambio de orientación en España
31-03-04-m-051,II,TT,47,354.496,4.75,0.0,14,también ha habido cambios de otros puestos y eso puede dar lugar a problemas
31-03-04-m-051,II,TT,48,359.246,10.110000000000014,0.0,24,en fin vamos a hacer todo lo posible para que se avance cuanto antes a fin de que haya temas que se resuelvan rápidamente
31-03-04-m-051,II,TT,49,369.356,7.910000000000025,0.0,12,nos gustaría aclarar todos los puntos posibles antes de las elecciones europeas
31-03-04-m-051,II,TT,50,377.266,11.229999999999961,0.0,25,y entiendo perfectamente lo que decía el Señor De Rossa entre otros cuando afirmaba que el proceso tiene que ser tan transparente como sea posible
31-03-04-m-051,II,TT,51,388.496,4.694999999999993,0.0,11,es lo que hemos estado intentando hacer en los últimos meses
31-03-04-m-051,II,TT,52,393.191,3.775000000000034,0.0,10,hemos ido explicando el estado del debate en cada fase
31-03-04-m-051,II,TT,53,396.966,9.509999999999991,0.0,11,y evidentemente la doble mayoría es muy importante si queremos avanzar
31-03-04-m-051,II,TT,54,406.476,6.685000000000002,0.0,12,no obstante también se han creado elementos de flexibilidad en otros ámbitos
31-03-04-m-051,II,TT,55,413.161,9.495000000000005,0.0,20,y esperamos poder hacer avanzar el debate a fin de que no tengamos que esperar tanto para ver los resultados
31-03-04-m-051,II,TT,56,422.656,8.079999999999984,0.0,19,otro diputado se refería a la cantidad de puntos que aún quedan pendientes de resolución en la conferencia intergubernamental
31-03-04-m-051,II,TT,57,430.736,1.615000000000009,0.0,5,ochenta y dos alguien decía
31-03-04-m-051,II,TT,58,432.351,2.7350000000000136,0.0,8,afortunadamente no son ochenta y dos sino veintidós
31-03-04-m-051,II,TT,59,435.086,24.909999999999968,0.0,51,en mi primera intervención ya he identificado algunos de los temas principales la Comisión la votación en el Consejo los escaños del Parlamento Europeo especialmente para los países más pequeños los países nuevos también y el equilibrio necesario a la hora de utilizar la votación por mayoría cualificada la nueva Constitución
31-03-04-m-051,II,TT,60,459.996,10.720000000000027,0.0,32,en fin hay toda una serie de otros puntos muchos de ellos han sido muchos de los cuales han sido objeto de propuesta durante la Presidencia italiana en la cumbre de Nápoles
31-03-04-m-051,II,TT,61,470.716,5.735000000000014,0.0,10,yo creo que la base para nuestros trabajos está ahí
31-03-04-m-051,II,TT,62,476.451,1.1949999999999932,0.0,3,ya la tenemos
31-03-04-m-051,II,TT,63,477.646,10.819999999999993,1.0,30,pero como siempre sucede en este tipo de cosas hay matices de posición que es en lo que hemos intentado trabajar en los últimos tres meses para conseguir un acuerdo
31-03-04-m-051,II,TT,64,488.466,2.269999999999982,0.0,6,no creo que haya obstáculos insuperables
31-03-04-m-051,II,TT,65,490.736,4.579999999999984,0.0,10,creo que podemos superar esos problemas con algo de debate
31-03-04-m-051,II,TT,66,495.316,4.770000000000039,0.0,11,por ello hemos llevado a cabo consultas con las distintas partes
31-03-04-m-051,II,TT,67,500.086,5.1200000000000045,0.0,6,y espero que podamos conseguir compromisos
31-03-04-m-051,II,TT,68,505.206,6.5499999999999545,1.0,14,evidentemente no hay acuerdo hasta que hay acuerdo pero puedo decirles que soy optimista
31-03-04-m-051,II,TT,69,511.756,12.259999999999991,0.0,22,espero poder conseguir una resultado satisfactorio en primer lugar sobre los temas menos controvertidos para pasar después a los temas más problemáticos
31-03-04-m-051,II,TT,70,524.016,14.360000000000014,0.0,44,van a requerir mucha flexibilidad y mucho compromiso pero si no perdemos de vista la visión general señor Presidente tengamos en cuenta que estamos hablando de una Constitución que va a ser muy buena para la Unión pues yo creo que conseguiremos nuestro objetivo
31-03-04-m-051,II,TT,71,538.376,6.860000000000014,0.0,20,comparto lo que decía concretamente el Señor Watson que decía que no solo tenemos que tener en cuenta la Constitución
31-03-04-m-051,II,TT,72,545.236,13.080000000000041,0.0,12,tendremos que venderla después también a nuestros parlamentos y a nuestros pueblos
31-03-04-m-051,II,TT,73,558.316,12.480000000000018,0.0,19,tal y como bien se ha dicho hay que mantener el impulso del debate en Maastricht Amsterdam Niza etcétera
31-03-04-m-051,II,TT,74,570.796,6.769999999999982,0.0,18,en cuanto se refiere al orden del día de Lisboa pues ha dado lugar a un impulso importantísimo
31-03-04-m-051,II,TT,75,577.566,13.529999999999973,0.0,36,como ya he dicho antes el Consejo Europeo lanzó un mensaje de confianza y determinación para demostrar que Europa tiene la voluntad de avanzar en la realización del orden del día de la agenda de Lisboa
31-03-04-m-051,II,TT,76,591.096,4.580000000000041,0.0,10,yo creo que podremos trasladar estas ideas a la realidad
31-03-04-m-051,II,TT,77,595.676,6.669999999999959,0.0,19,algunos de los intervinientes esta mañana han llamado la atención sobre los problemas que encierra la agenda de Lisboa
31-03-04-m-051,II,TT,78,602.346,2.9600000000000364,1.0,8,pues bien estoy totalmente de acuerdo con ellos
31-03-04-m-051,II,TT,79,605.306,5.919999999999959,0.0,14,es un punto que he subrayado rotundamente en mi intervención ante el Consejo Europeo
31-03-04-m-051,II,TT,80,611.226,6.67999999999995,0.0,13,también es algo de lo que hablamos en las conclusiones del Consejo Europeo
31-03-04-m-051,II,TT,81,617.906,6.280000000000086,0.0,19,también insistimos sobre ello el Presidente Prodi y yo mismo en las conferencias de prensa de la semana pasada
31-03-04-m-051,II,TT,82,624.186,6.539999999999964,0.0,18,pero como todos sabemos llevar a la práctica la agenda de Lisboa depende principalmente de las acciones nacionales
31-03-04-m-051,II,TT,83,630.726,11.725000000000023,0.0,25,y en la cumbre lo que intentamos hacer es intentar centrarnos más en vez de perdernos en cientos de conclusiones cientos de puntos de orientación
31-03-04-m-051,II,TT,84,642.451,0.7350000000000136,0.0,1,no
31-03-04-m-051,II,TT,85,643.186,5.3799999999999955,0.0,16,intentamos que nos centráramos más en algunos pocos objetivos y en el intercambio de mejores prácticas
31-03-04-m-051,II,TT,86,648.566,7.740000000000009,0.0,14,además también tomamos algunas medidas colectivas que ya he descrito en mi intervención inicial
31-03-04-m-051,II,TT,87,656.306,4.6200000000000045,0.0,15,pero no hay una solución mágica para llevar a la práctica la agenda de Lisboa
31-03-04-m-051,II,TT,88,660.926,1.169999999999959,0.0,4,hay que trabajar mucho
31-03-04-m-051,II,TT,89,662.096,12.254999999999995,0.0,29,hay que hacer un trabajo de detalle de una forma continua y realmente creo señor Presidente que en la cumbre de primavera hemos salido reforzados en nuestro objetivo común
31-03-04-m-051,II,TT,90,674.351,9.335000000000036,0.0,23,ha sido útil y su papel va a ser crucial porque tienen ustedes que apoyar el proceso de aplicación de las reformas esenciales
31-03-04-m-051,II,TT,91,683.686,11.899999999999977,0.0,34,espero que podamos cooperar de una forma constructiva el Consejo la Comisión y el Parlamento para poder llevar a la práctica tantos objetivos de Lisboa como sea posible antes del final de la legislatura
31-03-04-m-051,II,TT,92,695.586,5.019999999999982,0.0,12,de hecho aplaudo lo que ya han hecho ustedes y les felicito
31-03-04-m-051,II,TT,93,700.606,7.850000000000023,0.0,25,los desafíos que tenemos ante nosotros pueden ser significativos pero me parece que los beneficios potenciales también van a ser muy significativos para los europeos
31-03-04-m-051,II,TT,94,708.456,8.639999999999986,0.0,24,ha habido varios intervinientes que han insistido en la necesidad de que Lisboa se refleje en mejoras concretas en las vidas de nuestros ciudadanos
31-03-04-m-051,II,TT,95,717.096,3.32000000000005,0.0,8,también se ha mencionado el asunto de Chipre
31-03-04-m-051,II,TT,96,720.416,7.719999999999914,0.0,19,hoy es el día en que se espera que Kofi Annan que la negociación sobre el Plan Annan concluya
31-03-04-m-051,II,TT,97,728.136,2.6800000000000637,0.0,6,sé que va a ser difícil
31-03-04-m-051,II,TT,98,730.816,3.439999999999941,0.0,6,pero hoy es el día señalado
31-03-04-m-051,II,TT,99,734.256,2.7100000000000364,0.0,6,sé que se está trabajando muchísimo
31-03-04-m-051,II,TT,100,736.966,3.3899999999999864,0.0,11,se ha hecho así en los últimos diez diez diez días
31-03-04-m-051,II,TT,101,740.356,9.789999999999964,-1.0,16,evidentemente el Consejo Europeo ha hablado de esta fase crucial para la solución del problema chipriota
31-03-04-m-051,II,TT,102,750.146,21.74000000000001,0.0,40,yo he mantenido un contacto constante con todas las partes implicadas en los últimos meses y durante el año pasado también pude reunirme con el Señor Erdoğan y el Señor Papadopoulos así como también con los representantes de Naciones Unidas
31-03-04-m-051,II,TT,103,771.886,6.930000000000064,0.0,21,el Consejo Europeo se ha pronunciado claramente a favor de la entrada de un Chipre unido en el mes que viene
31-03-04-m-051,II,TT,104,778.816,8.579999999999927,0.0,24,y hemos agradecido el esfuerzo del Secretario General el Señor Annan en la ayuda a estas partes en conflicto para que encuentren una solución
31-03-04-m-051,II,TT,105,787.396,7.340000000000032,0.0,15,nosotros esperamos que estas partes continúen con esa firme voluntad de conseguir una solución satisfactoria
31-03-04-m-051,II,TT,106,794.736,13.254999999999995,0.0,31,el Secretario General el Señor Annan ha expresado sus su determinación de que concluyan las negociaciones en Suiza esta noche después de esos trabajos realizados en Nueva York el mes pasado
31-03-04-m-051,II,TT,107,807.991,15.024999999999977,1.0,35,esperamos que las partes firmen la versión definitiva del del acuerdo y que se tomen las medidas necesarias esta noche a fin de que se puedan someter al pueblo de Chipre esos documentos en abril
31-03-04-m-051,II,TT,108,823.016,5.769999999999982,1.0,14,a partir del debate de esta mañana queda claro que todos compartimos esta esperanza
31-03-04-m-051,II,TT,109,828.786,15.290000000000077,1.0,30,en cuanto a la la cuestión presupuestaria a la que se han referido también muchos diputados señor Presidente bueno se ha hablado aquí del compromiso al que se ha llegado
31-03-04-m-051,II,TT,110,844.076,4.409999999999968,0.0,17,y en fin nosotros lo que vamos a hacer es insistir en estos puntos durante el debate
31-03-04-m-051,II,TT,111,848.486,8.950000000000045,1.0,22,y puedo decirles que soy plenamente consciente de que los procedimientos de acuerdo sobre cuestiones presupuestarias son especialmente delicados para el Parlamento
31-03-04-m-051,II,TT,112,857.436,2.9599999999999227,0.0,8,esto lo vamos a tener en cuenta plenamente
31-03-04-m-051,II,TT,113,860.396,10.530000000000086,0.0,25,como Presidencia vamos a dar especial importancia a la garantía de un resultado equilibrado que va a implicar que el Parlamento tiene que poder aceptarlo
31-03-04-m-051,II,TT,114,870.926,11.899999999999977,0.0,17,y por lo demás voy a transmitir sus observaciones al Presidente del Consejo Ecofin al Señor McCreevy
31-03-04-m-051,II,TT,115,882.826,11.409999999999968,0.0,17,si me permite muy brevemente voy a responder a la observación que se ha hecho sobre Birmania
31-03-04-m-051,II,TT,116,894.236,3.2899999999999636,0.0,8,permítame que responda brevemente porque es algo importante
31-03-04-m-051,II,TT,117,897.526,9.56000000000006,0.0,20,la decisión de establecer relaciones diplomáticas con Birmania Myanmar se tomó en el contexto de nuestra Presidencia de la Unión
31-03-04-m-051,II,TT,118,907.086,8.139999999999986,0.0,15,Irlanda como Presidencia tenía que estar en situación de tratar directamente con las autoridades birmanas
31-03-04-m-051,II,TT,119,915.226,2.7100000000000364,0.0,9,si no hay relaciones eso no se puede hacer
31-03-04-m-051,II,TT,120,917.936,14.959999999999923,1.0,23,antes de establecer las relaciones señor Presidente consultamos con la Señora Aung San Suu Kyi y expresó su acuerdo total con nuestra decisión
31-03-04-m-051,II,TT,121,932.896,7.8700000000000045,0.0,12,así pues hablamos con ella y hemos examinado esa faceta del asunto
31-03-04-m-051,II,TT,122,940.766,11.170000000000073,0.0,19,evidentemente nos parece que este cambio supone para nosotros una oportunidad una oportunidad de hablar con las autoridades birmanas
31-03-04-m-051,II,TT,123,951.936,3.6299999999999955,0.0,9,y evidentemente la otra opción era no hacer nada
31-03-04-m-051,II,TT,124,955.566,11.230000000000018,1.0,29,en cualquier caso nuestro objetivo continúa siendo la vuelta a de la democracia a Birmania la defensa de los derechos humanos y una perspectiva mejor para el pueblo birmano
31-03-04-m-051,II,TT,125,966.796,3.439999999999941,0.0,8,es lo que todos queremos sin duda alguna
31-03-04-m-051,II,TT,126,970.236,8.210000000000036,0.0,20,mandar a un embajador a Birmania expande nuestra plataforma para trabajar por nuestros objetivos por parte de la Unión Europea
31-03-04-m-051,II,TT,127,978.446,7.220000000000027,0.0,13,a excepción de Luxemburgo todos los Estados miembros mantienen relaciones diplomáticas con Birmania
31-03-04-m-051,II,TT,128,985.666,5.069999999999936,0.0,13,para concluir ya señor Presidente quisiera dar las gracias a todos los intervinientes
31-03-04-m-051,II,TT,129,990.736,22.99000000000001,0.0,53,gracias por sus comentarios y gracias también por la cooperación de los líderes de los grupos en esos contactos constantes que se han mantenido con la Presidencia y con los miembros del grupo de la CIG con los que he podido hablar en numerosas ocasiones en Dublín por ejemplo durante esta misma semana
31-03-04-m-051,II,TT,130,1013.726,7.759999999999991,0.0,20,soy plenamente consciente del interés que tiene el Parlamento por toda una serie de puntos de nuestro orden del día
31-03-04-m-051,II,TT,131,1021.486,4.000000000000114,1.0,11,espero poder contar con su apoyo continuo en los próximos meses
31-03-04-m-051,II,TT,132,1025.486,9.289999999999964,0.0,19,y por supuesto vamos a esperar al Parlamento después de las elecciones de junio después del Consejo de junio
31-03-04-m-051,II,TT,133,1034.776,11.829999999999927,0.0,29,espero señor Presidente que podamos encontrar un mecanismo para continuar manteniendo actualizados todos los temas que están en curso en la medida de lo posible durante este periodo electoral
31-03-04-m-051,II,TT,134,1046.606,11.38000000000011,0.0,29,yo haré todo lo que esté en mi mano para conseguirlo para mantener el vínculo con ustedes mantenerles informados sobre todos los temas en curso durante abril y mayo
31-03-04-m-051,II,TT,135,1057.986,0.5708749999998872,0.0,1,gracias
