role,speech_id,seg_index,pysent_label,pysent_pos,pysent_neg,pysent_neu,pysent_polarity
ST,10-03-04-m-005,0,POS,0.9807,0.0016,0.0177,0.9792
ST,10-03-04-m-005,1,POS,0.9908,0.0012,0.008,0.9896
ST,10-03-04-m-005,2,NEU,0.1025,0.0032,0.8942,0.0993
ST,10-03-04-m-005,3,NEU,0.0212,0.0068,0.9719,0.0144
ST,10-03-04-m-005,4,POS,0.7411,0.002,0.2569,0.7391
ST,10-03-04-m-005,5,NEU,0.0429,0.0028,0.9543,0.0401
ST,10-03-04-m-005,6,POS,0.9791,0.0013,0.0196,0.9778
ST,10-03-04-m-005,7,NEU,0.2607,0.0037,0.7356,0.257
ST,10-03-04-m-005,8,NEU,0.1376,0.0022,0.8602,0.1354
ST,10-03-04-m-005,9,NEU,0.0231,0.0079,0.969,0.0152
ST,10-03-04-m-005,10,NEU,0.0248,0.0039,0.9714,0.0209
ST,10-03-04-m-005,11,NEU,0.0222,0.005,0.9728,0.0172
ST,10-03-04-m-005,12,NEU,0.0775,0.0026,0.9199,0.0749
ST,10-03-04-m-005,13,NEU,0.0248,0.0048,0.9704,0.02
ST,10-03-04-m-005,14,NEU,0.0063,0.2635,0.7302,-0.2572
ST,10-03-04-m-005,15,NEU,0.007,0.1276,0.8654,-0.1205
ST,10-03-04-m-005,16,NEU,0.1588,0.0041,0.8371,0.1546
ST,10-03-04-m-005,17,NEU,0.0326,0.0047,0.9627,0.0279
ST,10-03-04-m-005,18,NEU,0.0603,0.0025,0.9372,0.0578
ST,10-03-04-m-005,19,NEU,0.0475,0.003,0.9495,0.0446
ST,10-03-04-m-005,20,NEU,0.0252,0.0057,0.9691,0.0195
ST,10-03-04-m-005,21,POS,0.9746,0.0011,0.0242,0.9735
ST,10-03-04-m-005,22,POS,0.815,0.002,0.183,0.8129
ST,10-03-04-m-005,23,NEU,0.3139,0.0041,0.682,0.3098
ST,10-03-04-m-005,24,POS,0.9745,0.0011,0.0244,0.9735
ST,10-03-04-m-005,25,NEU,0.0586,0.0041,0.9373,0.0545
ST,10-03-04-m-005,26,POS,0.9832,0.0013,0.0155,0.9819
ST,10-03-04-m-005,27,POS,0.9905,0.0014,0.0081,0.9891
ST,10-03-04-m-005,28,NEU,0.0336,0.1007,0.8658,-0.0671
ST,10-03-04-m-005,29,NEU,0.466,0.0025,0.5315,0.4636
ST,10-03-04-m-005,30,NEU,0.0249,0.004,0.9711,0.0209
ST,10-03-04-m-005,31,NEU,0.0675,0.0042,0.9283,0.0633
ST,10-03-04-m-005,32,NEU,0.374,0.0025,0.6235,0.3715
ST,10-03-04-m-005,33,NEU,0.2196,0.0055,0.7749,0.2141
ST,10-03-04-m-005,34,NEU,0.0135,0.0317,0.9548,-0.0182
ST,10-03-04-m-005,35,POS,0.9063,0.0022,0.0916,0.9041
ST,10-03-04-m-005,36,NEU,0.008,0.0259,0.9661,-0.0179
ST,10-03-04-m-005,37,NEU,0.0496,0.0091,0.9413,0.0404
ST,10-03-04-m-005,38,NEU,0.0182,0.0109,0.9709,0.0073
ST,10-03-04-m-005,39,POS,0.8266,0.0021,0.1713,0.8245
ST,10-03-04-m-005,40,NEU,0.2611,0.0044,0.7345,0.2566
ST,10-03-04-m-005,41,NEU,0.0138,0.0136,0.9726,0.0002
ST,10-03-04-m-005,42,POS,0.5831,0.0048,0.4121,0.5782
ST,10-03-04-m-005,43,POS,0.7322,0.0031,0.2647,0.7291
ST,10-03-04-m-005,44,NEU,0.0192,0.0084,0.9724,0.0107
ST,10-03-04-m-005,45,NEU,0.0099,0.0806,0.9094,-0.0707
ST,10-03-04-m-005,46,NEG,0.0037,0.8506,0.1457,-0.8469
ST,10-03-04-m-005,47,NEU,0.067,0.0064,0.9265,0.0606
ST,10-03-04-m-005,48,NEG,0.0097,0.761,0.2293,-0.7514
ST,10-03-04-m-005,49,NEG,0.0023,0.9646,0.0331,-0.9623
ST,10-03-04-m-005,50,NEU,0.0099,0.41,0.5801,-0.4001
ST,10-03-04-m-005,51,NEU,0.0111,0.1184,0.8706,-0.1073
ST,10-03-04-m-005,52,NEU,0.0075,0.086,0.9064,-0.0785
ST,10-03-04-m-005,53,NEU,0.1007,0.0399,0.8594,0.0608
ST,10-03-04-m-005,54,POS,0.9488,0.0016,0.0495,0.9472
ST,10-03-04-m-005,55,POS,0.8736,0.0017,0.1246,0.8719
ST,10-03-04-m-005,56,POS,0.9171,0.0017,0.0812,0.9154
ST,10-03-04-m-005,57,POS,0.7778,0.0022,0.2201,0.7756
ST,10-03-04-m-005,58,POS,0.9456,0.002,0.0523,0.9436
ST,10-03-04-m-005,59,POS,0.7236,0.0046,0.2718,0.719
ST,10-03-04-m-005,60,NEU,0.2281,0.0104,0.7615,0.2178
ST,10-03-04-m-005,61,POS,0.9807,0.0016,0.0177,0.9792
ST,10-03-04-m-006,0,POS,0.9779,0.0014,0.0207,0.9765
ST,10-03-04-m-006,1,NEG,0.0046,0.8161,0.1793,-0.8115
ST,10-03-04-m-006,2,POS,0.9827,0.0011,0.0162,0.9816
ST,10-03-04-m-006,3,POS,0.8036,0.0023,0.1941,0.8013
ST,10-03-04-m-006,4,NEU,0.0137,0.4638,0.5225,-0.4501
ST,10-03-04-m-006,5,NEU,0.0146,0.3671,0.6183,-0.3525
ST,10-03-04-m-006,6,POS,0.6919,0.0024,0.3058,0.6895
ST,10-03-04-m-006,7,POS,0.5048,0.0029,0.4922,0.5019
ST,10-03-04-m-006,8,NEU,0.0277,0.0096,0.9627,0.0181
ST,10-03-04-m-006,9,NEU,0.1217,0.0096,0.8687,0.1122
ST,10-03-04-m-006,10,POS,0.9758,0.0011,0.023,0.9747
ST,10-03-04-m-006,11,NEU,0.0277,0.0113,0.961,0.0164
ST,10-03-04-m-006,12,POS,0.5832,0.0027,0.4141,0.5805
ST,10-03-04-m-006,13,NEG,0.0053,0.6956,0.2991,-0.6902
ST,10-03-04-m-006,14,NEU,0.0078,0.4146,0.5776,-0.4068
ST,10-03-04-m-006,15,NEG,0.0043,0.7158,0.2799,-0.7116
ST,10-03-04-m-006,16,NEU,0.1224,0.072,0.8056,0.0504
ST,10-03-04-m-006,17,NEU,0.3807,0.0041,0.6152,0.3766
ST,10-03-04-m-006,18,NEU,0.0213,0.3679,0.6109,-0.3466
ST,10-03-04-m-006,19,NEG,0.0097,0.5595,0.4307,-0.5498
ST,10-03-04-m-006,20,NEG,0.006,0.8155,0.1785,-0.8095
ST,10-03-04-m-006,21,NEG,0.0038,0.8337,0.1625,-0.8298
ST,10-03-04-m-006,22,NEU,0.081,0.0057,0.9133,0.0753
ST,10-03-04-m-006,23,POS,0.686,0.0049,0.3091,0.6811
ST,10-03-04-m-006,24,NEU,0.1067,0.0094,0.8839,0.0974
ST,10-03-04-m-006,25,NEU,0.3211,0.0407,0.6383,0.2804
ST,10-03-04-m-006,26,NEU,0.0461,0.0403,0.9136,0.0057
ST,10-03-04-m-006,27,NEU,0.0097,0.018,0.9723,-0.0083
ST,10-03-04-m-006,28,NEU,0.0572,0.039,0.9039,0.0182
ST,10-03-04-m-006,29,NEG,0.0028,0.8619,0.1353,-0.8591
ST,10-03-04-m-006,30,POS,0.5828,0.004,0.4133,0.5788
ST,10-03-04-m-006,31,NEU,0.0347,0.0171,0.9482,0.0176
ST,10-03-04-m-006,32,NEU,0.089,0.0064,0.9046,0.0825
ST,10-03-04-m-006,33,POS,0.834,0.0022,0.1638,0.8318
ST,10-03-04-m-006,34,NEU,0.1114,0.0031,0.8855,0.1083
ST,10-03-04-m-006,35,NEU,0.0526,0.0065,0.941,0.0461
ST,10-03-04-m-006,36,NEU,0.0978,0.1074,0.7948,-0.0095
ST,10-03-04-m-006,37,NEG,0.0031,0.8625,0.1344,-0.8593
ST,10-03-04-m-006,38,NEU,0.1291,0.0048,0.8661,0.1243
ST,10-03-04-m-006,39,NEU,0.0694,0.0135,0.9172,0.0559
ST,10-03-04-m-006,40,POS,0.8488,0.003,0.1482,0.8458
ST,10-03-04-m-006,41,NEU,0.0909,0.0214,0.8877,0.0696
ST,10-03-04-m-006,42,NEG,0.0044,0.8278,0.1678,-0.8234
ST,10-03-04-m-006,43,NEU,0.1347,0.0042,0.8611,0.1305
ST,10-03-04-m-006,44,POS,0.975,0.0012,0.0238,0.9739
ST,10-03-04-m-006,45,POS,0.9838,0.0017,0.0145,0.982
ST,11-02-04-m-045,0,NEU,0.0365,0.0216,0.9418,0.0149
ST,11-02-04-m-045,1,POS,0.9768,0.0019,0.0213,0.9749
ST,11-02-04-m-045,2,NEU,0.1716,0.0142,0.8143,0.1574
ST,11-02-04-m-045,3,NEU,0.0088,0.4338,0.5574,-0.4251
ST,11-02-04-m-045,4,NEU,0.4891,0.0038,0.5071,0.4853
ST,11-02-04-m-045,5,NEU,0.0388,0.0038,0.9574,0.035
ST,11-02-04-m-045,6,NEG,0.0048,0.8533,0.1419,-0.8484
ST,11-02-04-m-045,7,NEU,0.0495,0.008,0.9425,0.0415
ST,11-02-04-m-045,8,NEG,0.0036,0.966,0.0304,-0.9624
ST,11-02-04-m-045,9,NEU,0.1326,0.0144,0.853,0.1182
ST,11-02-04-m-045,10,NEU,0.0622,0.1198,0.818,-0.0575
ST,11-02-04-m-045,11,NEU,0.0175,0.0049,0.9776,0.0126
ST,11-02-04-m-045,12,NEU,0.0472,0.0042,0.9486,0.043
ST,11-02-04-m-045,13,NEU,0.3246,0.0031,0.6723,0.3215
ST,11-02-04-m-045,14,POS,0.7485,0.0043,0.2472,0.7442
ST,11-02-04-m-046,0,POS,0.9922,0.0017,0.0061,0.9905
ST,11-02-04-m-046,1,NEU,0.2539,0.0053,0.7408,0.2486
ST,11-02-04-m-046,2,NEU,0.0234,0.0736,0.903,-0.0502
ST,11-02-04-m-046,3,NEU,0.0345,0.0037,0.9618,0.0308
ST,11-02-04-m-046,4,NEU,0.1035,0.0072,0.8893,0.0963
ST,11-02-04-m-046,5,POS,0.6443,0.0029,0.3528,0.6414
ST,11-02-04-m-046,6,POS,0.8078,0.0018,0.1904,0.806
ST,11-02-04-m-046,7,NEU,0.4529,0.0049,0.5421,0.448
ST,11-02-04-m-046,8,POS,0.897,0.0014,0.1016,0.8956
ST,11-02-04-m-046,9,POS,0.9818,0.0011,0.0171,0.9807
ST,11-02-04-m-046,10,NEU,0.1034,0.0065,0.8901,0.097
ST,11-02-04-m-046,11,NEU,0.0885,0.0084,0.9031,0.0801
ST,11-02-04-m-046,12,POS,0.771,0.0022,0.2268,0.7688
ST,11-02-04-m-046,13,NEU,0.0222,0.0088,0.969,0.0134
ST,11-02-04-m-046,14,NEU,0.0134,0.016,0.9706,-0.0026
ST,11-02-04-m-046,15,NEU,0.038,0.0296,0.9324,0.0083
ST,11-02-04-m-046,16,NEU,0.1005,0.0034,0.896,0.0971
ST,11-02-04-m-046,17,NEU,0.072,0.0154,0.9126,0.0566
ST,11-02-04-m-046,18,NEU,0.0234,0.0046,0.972,0.0188
ST,11-02-04-m-046,19,NEU,0.0539,0.0306,0.9155,0.0233
ST,11-02-04-m-046,20,NEU,0.0534,0.0057,0.9409,0.0477
ST,11-02-04-m-046,21,NEU,0.0109,0.2308,0.7584,-0.2199
ST,11-02-04-m-046,22,NEU,0.0081,0.3551,0.6368,-0.3469
ST,11-02-04-m-046,23,POS,0.8056,0.002,0.1924,0.8036
ST,11-02-04-m-046,24,POS,0.7245,0.002,0.2735,0.7225
ST,11-02-04-m-046,25,POS,0.6225,0.0022,0.3753,0.6204
ST,11-02-04-m-046,26,POS,0.818,0.0015,0.1805,0.8166
ST,11-02-04-m-046,27,NEU,0.0137,0.1105,0.8758,-0.0968
ST,11-02-04-m-046,28,POS,0.5826,0.0042,0.4133,0.5784
ST,11-02-04-m-046,29,POS,0.7933,0.0024,0.2043,0.7909
ST,11-02-04-m-046,30,POS,0.9422,0.0015,0.0563,0.9407
ST,11-02-04-m-046,31,NEU,0.2013,0.0069,0.7918,0.1943
ST,11-02-04-m-046,32,POS,0.9108,0.0015,0.0877,0.9093
ST,11-02-04-m-046,33,NEU,0.3549,0.004,0.6411,0.3509
ST,11-02-04-m-046,34,POS,0.8487,0.0063,0.145,0.8425
ST,11-02-04-m-046,35,NEU,0.2881,0.0035,0.7084,0.2845
ST,11-02-04-m-046,36,POS,0.5051,0.0028,0.4921,0.5024
ST,11-02-04-m-046,37,NEU,0.1075,0.0059,0.8866,0.1016
ST,11-02-04-m-046,38,NEG,0.004,0.6129,0.3831,-0.6089
ST,11-02-04-m-046,39,NEU,0.0056,0.1824,0.8119,-0.1768
ST,11-02-04-m-046,40,NEU,0.0609,0.0037,0.9354,0.0573
ST,11-02-04-m-046,41,NEU,0.4396,0.0025,0.5579,0.4372
ST,11-02-04-m-046,42,NEU,0.0246,0.0089,0.9665,0.0157
ST,11-02-04-m-046,43,NEU,0.0228,0.0045,0.9727,0.0183
ST,11-02-04-m-046,44,NEU,0.2086,0.0022,0.7892,0.2063
ST,11-02-04-m-046,45,POS,0.9838,0.0017,0.0145,0.982
ST,11-02-04-m-047,0,NEU,0.1653,0.0268,0.8079,0.1385
ST,11-02-04-m-047,1,POS,0.9517,0.0016,0.0467,0.95
ST,11-02-04-m-047,2,NEU,0.1513,0.0352,0.8135,0.1161
ST,11-02-04-m-047,3,NEG,0.0038,0.8243,0.1719,-0.8205
ST,11-02-04-m-047,4,NEG,0.0025,0.9503,0.0471,-0.9478
ST,11-02-04-m-047,5,NEU,0.0818,0.0078,0.9104,0.0741
ST,11-02-04-m-047,6,NEU,0.0586,0.0063,0.9351,0.0524
ST,11-02-04-m-047,7,NEU,0.0139,0.0621,0.924,-0.0482
ST,11-02-04-m-047,8,POS,0.9507,0.0014,0.0479,0.9493
ST,11-02-04-m-047,9,NEG,0.0036,0.8923,0.1041,-0.8886
ST,11-02-04-m-047,10,NEU,0.1321,0.0824,0.7855,0.0497
ST,11-02-04-m-047,11,NEU,0.1578,0.0118,0.8304,0.1459
ST,11-02-04-m-047,12,NEU,0.02,0.2778,0.7022,-0.2578
ST,11-02-04-m-047,13,NEU,0.1115,0.0304,0.858,0.0811
ST,11-02-04-m-047,14,POS,0.9407,0.0012,0.0581,0.9395
ST,11-02-04-m-047,15,NEU,0.0843,0.0086,0.9071,0.0757
ST,11-02-04-m-047,16,NEU,0.0531,0.0841,0.8627,-0.031
ST,11-02-04-m-047,17,NEU,0.1464,0.0095,0.8441,0.1369
ST,11-02-04-m-047,18,NEU,0.0218,0.0143,0.964,0.0075
ST,11-02-04-m-047,19,NEU,0.068,0.0035,0.9285,0.0644
ST,11-02-04-m-047,20,NEU,0.2862,0.0032,0.7106,0.283
ST,11-02-04-m-047,21,POS,0.6539,0.002,0.3441,0.6519
ST,11-02-04-m-047,22,POS,0.8988,0.0018,0.0994,0.897
ST,11-02-04-m-047,23,NEG,0.0046,0.8054,0.19,-0.8008
ST,11-02-04-m-047,24,NEU,0.0369,0.0532,0.9099,-0.0163
ST,11-02-04-m-047,25,NEU,0.0729,0.0041,0.923,0.0687
ST,11-02-04-m-047,26,NEU,0.0172,0.0385,0.9443,-0.0213
ST,11-02-04-m-047,27,NEU,0.1157,0.0051,0.8792,0.1106
ST,11-02-04-m-047,28,NEU,0.0439,0.0066,0.9495,0.0373
ST,11-02-04-m-047,29,POS,0.6176,0.006,0.3764,0.6116
ST,11-02-04-m-047,30,NEU,0.0178,0.0102,0.972,0.0076
ST,11-02-04-m-047,31,NEU,0.1651,0.0066,0.8283,0.1584
ST,11-02-04-m-047,32,NEG,0.0045,0.7621,0.2334,-0.7575
ST,11-02-04-m-047,33,NEU,0.2977,0.0023,0.7,0.2954
ST,11-02-04-m-047,34,NEU,0.0162,0.0467,0.9371,-0.0304
ST,11-02-04-m-047,35,POS,0.745,0.0018,0.2531,0.7432
ST,11-02-04-m-047,36,NEU,0.0077,0.3886,0.6036,-0.3809
ST,11-02-04-m-047,37,POS,0.9549,0.0017,0.0434,0.9532
ST,11-02-04-m-047,38,POS,0.8243,0.0017,0.1741,0.8226
ST,11-02-04-m-047,39,POS,0.9909,0.0016,0.0075,0.9893
ST,11-02-04-m-051,0,POS,0.9768,0.0019,0.0213,0.9749
ST,11-02-04-m-051,1,POS,0.9651,0.0013,0.0337,0.9638
ST,11-02-04-m-051,2,NEU,0.0434,0.0214,0.9352,0.0219
ST,11-02-04-m-051,3,NEU,0.0187,0.0062,0.975,0.0125
ST,11-02-04-m-051,4,NEU,0.0113,0.0387,0.95,-0.0274
ST,11-02-04-m-051,5,NEU,0.0134,0.0498,0.9368,-0.0364
ST,11-02-04-m-051,6,NEU,0.2525,0.0037,0.7438,0.2489
ST,11-02-04-m-051,7,NEU,0.016,0.0093,0.9747,0.0067
ST,11-02-04-m-051,8,NEU,0.211,0.0239,0.765,0.1871
ST,11-02-04-m-051,9,NEU,0.0286,0.0042,0.9672,0.0243
ST,11-02-04-m-051,10,NEU,0.1991,0.0041,0.7968,0.195
ST,11-02-04-m-051,11,POS,0.8548,0.0035,0.1417,0.8513
ST,11-02-04-m-053,0,POS,0.9768,0.0019,0.0213,0.9749
ST,11-02-04-m-053,1,NEG,0.0034,0.9277,0.0689,-0.9244
ST,11-02-04-m-053,2,NEG,0.0034,0.8746,0.122,-0.8711
ST,11-02-04-m-053,3,NEG,0.0039,0.9367,0.0594,-0.9327
ST,11-02-04-m-053,4,NEG,0.0027,0.9678,0.0294,-0.9651
ST,11-02-04-m-053,5,NEU,0.0074,0.4957,0.497,-0.4883
ST,11-02-04-m-053,6,POS,0.4986,0.0046,0.4968,0.4941
ST,11-02-04-m-053,7,NEU,0.025,0.0264,0.9485,-0.0014
ST,11-02-04-m-053,8,NEG,0.0026,0.9555,0.0419,-0.953
ST,11-02-04-m-053,9,NEU,0.1286,0.0544,0.817,0.0742
ST,11-02-04-m-053,10,NEG,0.0062,0.8178,0.176,-0.8116
ST,11-02-04-m-053,11,POS,0.9581,0.0021,0.0398,0.956
ST,11-02-04-m-053,12,NEG,0.0055,0.6655,0.3289,-0.66
ST,11-02-04-p-121,0,POS,0.9422,0.0017,0.0561,0.9405
ST,11-02-04-p-121,1,NEG,0.0031,0.9322,0.0647,-0.9291
ST,11-02-04-p-121,2,NEG,0.0032,0.9351,0.0617,-0.9319
ST,11-02-04-p-121,3,POS,0.5342,0.0033,0.4625,0.5308
ST,11-02-04-p-121,4,POS,0.5034,0.0022,0.4944,0.5012
ST,11-02-04-p-121,5,NEU,0.3366,0.0079,0.6555,0.3287
ST,11-02-04-p-121,6,NEU,0.0241,0.0038,0.9721,0.0203
ST,11-02-04-p-121,7,NEU,0.0432,0.0035,0.9534,0.0397
ST,11-02-04-p-121,8,NEG,0.0058,0.5754,0.4188,-0.5696
ST,11-02-04-p-121,9,NEU,0.0791,0.0051,0.9158,0.0739
ST,11-02-04-p-121,10,POS,0.6849,0.002,0.3131,0.6829
ST,11-02-04-p-121,11,NEU,0.0139,0.0073,0.9789,0.0066
ST,11-02-04-p-121,12,POS,0.6823,0.0018,0.316,0.6805
ST,11-02-04-p-121,13,NEU,0.0371,0.0031,0.9598,0.034
ST,11-02-04-p-121,14,NEU,0.4202,0.003,0.5768,0.4171
ST,11-02-04-p-121,15,POS,0.6258,0.0033,0.3709,0.6225
ST,11-02-04-p-121,16,NEU,0.0164,0.006,0.9777,0.0104
ST,11-02-04-p-121,17,POS,0.5285,0.0022,0.4693,0.5264
ST,11-02-04-p-121,18,POS,0.9321,0.0012,0.0667,0.9308
ST,11-02-04-p-121,19,NEU,0.077,0.0176,0.9054,0.0594
ST,11-02-04-p-121,20,NEU,0.0469,0.0027,0.9504,0.0442
ST,11-02-04-p-121,21,NEG,0.0028,0.8765,0.1208,-0.8737
ST,11-02-04-p-121,22,NEG,0.0025,0.9293,0.0682,-0.9267
ST,11-02-04-p-121,23,NEU,0.0077,0.0709,0.9213,-0.0632
ST,11-02-04-p-121,24,NEG,0.005,0.6963,0.2987,-0.6912
ST,11-02-04-p-121,25,NEU,0.0593,0.0032,0.9374,0.0561
ST,11-02-04-p-121,26,NEU,0.011,0.069,0.9199,-0.058
ST,11-02-04-p-121,27,NEU,0.0074,0.0912,0.9015,-0.0838
ST,11-02-04-p-121,28,NEU,0.0284,0.005,0.9666,0.0234
ST,11-02-04-p-121,29,NEU,0.029,0.0058,0.9652,0.0233
ST,11-02-04-p-121,30,NEU,0.0242,0.0611,0.9148,-0.0369
ST,11-02-04-p-121,31,NEU,0.0064,0.2515,0.742,-0.2451
ST,11-02-04-p-121,32,NEU,0.0316,0.1447,0.8238,-0.1131
ST,11-02-04-p-121,33,NEU,0.0831,0.0025,0.9144,0.0805
ST,11-02-04-p-121,34,NEU,0.12,0.0027,0.8773,0.1173
ST,11-02-04-p-121,35,NEU,0.0681,0.0047,0.9272,0.0634
ST,11-02-04-p-121,36,NEU,0.0266,0.0042,0.9691,0.0224
ST,11-02-04-p-121,37,NEU,0.015,0.0071,0.9779,0.008
ST,11-02-04-p-121,38,NEU,0.0219,0.005,0.9731,0.017
ST,11-02-04-p-121,39,NEU,0.0339,0.0045,0.9616,0.0294
ST,11-02-04-p-121,40,NEU,0.024,0.0044,0.9716,0.0196
ST,11-02-04-p-121,41,NEU,0.4456,0.0039,0.5505,0.4416
ST,11-02-04-p-121,42,POS,0.9819,0.0012,0.0168,0.9807
ST,11-02-04-p-121,43,NEU,0.0341,0.0055,0.9604,0.0286
ST,11-02-04-p-121,44,POS,0.9862,0.001,0.0128,0.9851
ST,11-02-04-p-121,45,NEU,0.0378,0.0034,0.9588,0.0344
ST,11-02-04-p-121,46,POS,0.838,0.0027,0.1593,0.8353
ST,11-02-04-p-121,47,POS,0.8187,0.0017,0.1795,0.817
ST,11-02-04-p-121,48,NEU,0.0311,0.0106,0.9583,0.0206
ST,11-02-04-p-121,49,POS,0.5709,0.0025,0.4266,0.5683
ST,11-02-04-p-121,50,POS,0.6027,0.004,0.3934,0.5987
ST,11-02-04-p-121,51,NEU,0.3036,0.0031,0.6933,0.3005
ST,11-02-04-p-121,52,POS,0.7371,0.0027,0.2602,0.7344
ST,11-02-04-p-121,53,NEU,0.2894,0.0053,0.7053,0.2841
ST,11-02-04-p-121,54,NEU,0.1772,0.004,0.8188,0.1732
ST,11-02-04-p-121,55,POS,0.6482,0.0028,0.349,0.6454
ST,11-02-04-p-121,56,POS,0.5284,0.0327,0.4388,0.4957
ST,11-02-04-p-124,0,NEG,0.0025,0.9706,0.0269,-0.9681
ST,11-02-04-p-124,1,NEG,0.0034,0.9101,0.0865,-0.9067
ST,11-02-04-p-124,2,NEU,0.0073,0.3612,0.6315,-0.354
ST,11-02-04-p-124,3,NEG,0.0025,0.9252,0.0723,-0.9227
ST,11-02-04-p-124,4,POS,0.7096,0.0078,0.2826,0.7018
ST,11-02-04-p-124,5,POS,0.9577,0.0017,0.0406,0.956
ST,11-02-04-p-124,6,NEU,0.0493,0.0083,0.9424,0.041
ST,11-02-04-p-124,7,NEU,0.0273,0.0455,0.9272,-0.0183
ST,11-02-04-p-124,8,NEU,0.02,0.0088,0.9712,0.0112
ST,11-02-04-p-124,9,NEU,0.0632,0.0166,0.9203,0.0466
ST,11-02-04-p-124,10,NEU,0.2537,0.0078,0.7385,0.2459
ST,11-02-04-p-124,11,NEU,0.0311,0.025,0.9439,0.0062
ST,11-02-04-p-124,12,NEG,0.0029,0.893,0.1041,-0.8901
ST,11-02-04-p-124,13,NEG,0.0032,0.8987,0.0981,-0.8955
ST,11-02-04-p-124,14,NEU,0.0073,0.4495,0.5432,-0.4422
ST,11-02-04-p-124,15,NEG,0.0025,0.9695,0.0281,-0.967
ST,11-02-04-p-124,16,NEG,0.0032,0.8665,0.1303,-0.8633
ST,11-02-04-p-124,17,NEU,0.0126,0.025,0.9624,-0.0124
ST,11-02-04-p-124,18,NEU,0.1,0.0096,0.8903,0.0904
ST,11-02-04-p-124,19,NEG,0.0026,0.8939,0.1036,-0.8913
ST,11-02-04-p-124,20,NEU,0.2026,0.0043,0.7931,0.1983
ST,11-02-04-p-124,21,POS,0.8548,0.0035,0.1417,0.8513
ST,11-02-04-p-129,0,NEU,0.1653,0.0268,0.8079,0.1385
ST,11-02-04-p-129,1,NEU,0.0517,0.0158,0.9325,0.0359
ST,11-02-04-p-129,2,NEU,0.0415,0.0335,0.9251,0.008
ST,11-02-04-p-129,3,NEU,0.1185,0.0357,0.8458,0.0829
ST,11-02-04-p-129,4,NEG,0.0023,0.9495,0.0483,-0.9472
ST,11-02-04-p-129,5,NEG,0.0024,0.9608,0.0368,-0.9584
ST,11-02-04-p-129,6,NEG,0.0031,0.8755,0.1214,-0.8723
ST,11-02-04-p-129,7,NEG,0.0028,0.9568,0.0404,-0.9541
ST,11-02-04-p-129,8,NEG,0.003,0.8186,0.1784,-0.8156
ST,11-02-04-p-129,9,NEG,0.0023,0.9479,0.0498,-0.9456
ST,11-02-04-p-129,10,NEG,0.0047,0.7255,0.2698,-0.7209
ST,11-02-04-p-129,11,NEU,0.007,0.1928,0.8002,-0.1858
ST,11-02-04-p-129,12,NEG,0.0055,0.7074,0.2871,-0.7019
ST,11-02-04-p-129,13,NEG,0.0032,0.9122,0.0846,-0.909
ST,11-02-04-p-129,14,NEG,0.0024,0.9633,0.0343,-0.9609
ST,11-02-04-p-129,15,NEU,0.0099,0.0422,0.948,-0.0323
ST,11-02-04-p-129,16,NEU,0.0053,0.3643,0.6304,-0.3591
ST,11-02-04-p-129,17,NEU,0.0077,0.2699,0.7224,-0.2621
ST,11-02-04-p-129,18,NEG,0.003,0.8659,0.1312,-0.8629
ST,11-02-04-p-129,19,NEG,0.0057,0.598,0.3964,-0.5923
ST,11-02-04-p-129,20,NEG,0.0039,0.676,0.32,-0.6721
ST,11-02-04-p-129,21,NEU,0.0093,0.2223,0.7683,-0.213
ST,11-02-04-p-129,22,NEG,0.0054,0.5804,0.4143,-0.575
ST,11-02-04-p-129,23,NEU,0.0158,0.2601,0.7241,-0.2444
ST,11-02-04-p-129,24,NEU,0.2241,0.008,0.768,0.2161
ST,11-02-04-p-129,25,POS,0.6824,0.006,0.3116,0.6764
ST,11-02-04-p-129,26,NEG,0.0024,0.953,0.0446,-0.9506
ST,11-02-04-p-132,0,POS,0.9768,0.0019,0.0213,0.9749
ST,11-02-04-p-132,1,NEG,0.005,0.7082,0.2868,-0.7032
ST,11-02-04-p-132,2,NEG,0.0031,0.964,0.0329,-0.9609
ST,11-02-04-p-132,3,NEG,0.0031,0.8179,0.1791,-0.8148
ST,11-02-04-p-132,4,NEU,0.166,0.0108,0.8231,0.1552
ST,11-02-04-p-132,5,NEG,0.0056,0.6633,0.3311,-0.6577
ST,11-02-04-p-132,6,NEU,0.0187,0.374,0.6073,-0.3552
ST,11-02-04-p-132,7,NEG,0.0041,0.8877,0.1082,-0.8837
ST,11-02-04-p-132,8,NEG,0.0041,0.7224,0.2735,-0.7183
ST,11-02-04-p-132,9,NEG,0.0065,0.6186,0.3749,-0.6121
ST,11-02-04-p-132,10,NEU,0.2734,0.0043,0.7223,0.2691
ST,11-02-04-p-132,11,NEG,0.0023,0.9676,0.03,-0.9653
ST,11-02-04-p-132,12,NEG,0.01,0.6522,0.3378,-0.6422
ST,11-02-04-p-132,13,NEG,0.0034,0.786,0.2106,-0.7826
ST,11-02-04-p-132,14,NEU,0.0069,0.2325,0.7607,-0.2256
ST,11-02-04-p-132,15,NEG,0.0026,0.9281,0.0693,-0.9255
ST,11-02-04-p-132,16,NEU,0.396,0.0037,0.6003,0.3923
ST,11-02-04-p-140,0,POS,0.9807,0.0016,0.0177,0.9792
ST,11-02-04-p-140,1,POS,0.9768,0.0012,0.022,0.9756
ST,11-02-04-p-140,2,NEU,0.0256,0.0047,0.9697,0.0209
ST,11-02-04-p-140,3,NEG,0.0052,0.6515,0.3433,-0.6463
ST,11-02-04-p-140,4,NEU,0.0175,0.0331,0.9493,-0.0156
ST,11-02-04-p-140,5,NEU,0.4113,0.0051,0.5836,0.4062
ST,11-02-04-p-140,6,NEU,0.0317,0.005,0.9633,0.0267
ST,11-02-04-p-140,7,NEU,0.1494,0.004,0.8465,0.1454
ST,11-02-04-p-140,8,NEU,0.0652,0.0114,0.9235,0.0538
ST,11-02-04-p-140,9,NEU,0.0137,0.1378,0.8485,-0.1241
ST,11-02-04-p-140,10,NEU,0.0087,0.3068,0.6845,-0.2981
ST,11-02-04-p-140,11,NEU,0.014,0.0136,0.9724,0.0005
ST,11-02-04-p-140,12,NEG,0.0043,0.7707,0.225,-0.7663
ST,11-02-04-p-140,13,NEU,0.0093,0.1709,0.8199,-0.1616
ST,11-02-04-p-140,14,NEU,0.0082,0.329,0.6628,-0.3208
ST,11-02-04-p-140,15,NEG,0.0051,0.6348,0.3601,-0.6298
ST,11-02-04-p-140,16,NEG,0.0029,0.9319,0.0653,-0.929
ST,11-02-04-p-140,17,NEG,0.0023,0.9682,0.0295,-0.9658
ST,11-02-04-p-140,18,POS,0.5844,0.0029,0.4127,0.5816
ST,11-02-04-p-140,19,NEU,0.0152,0.0098,0.975,0.0054
ST,11-02-04-p-140,20,NEU,0.0438,0.0033,0.9529,0.0405
ST,11-02-04-p-140,21,NEG,0.0044,0.5894,0.4061,-0.585
ST,11-02-04-p-140,22,NEG,0.0086,0.5002,0.4912,-0.4916
ST,11-02-04-p-140,23,NEG,0.0025,0.9578,0.0397,-0.9553
ST,11-02-04-p-140,24,POS,0.6742,0.006,0.3198,0.6682
ST,11-02-04-p-140,25,POS,0.9798,0.0013,0.0189,0.9785
ST,11-02-04-p-140,26,POS,0.9857,0.0013,0.0131,0.9844
ST,11-02-04-p-140,27,POS,0.6903,0.002,0.3077,0.6884
ST,11-02-04-p-140,28,NEU,0.021,0.022,0.957,-0.001
ST,11-02-04-p-140,29,NEU,0.0188,0.1232,0.858,-0.1044
ST,11-02-04-p-140,30,NEU,0.0155,0.0555,0.9291,-0.04
ST,11-02-04-p-140,31,POS,0.9807,0.0016,0.0177,0.9792
ST,12-02-04-m-006,0,NEU,0.1653,0.0268,0.8079,0.1385
ST,12-02-04-m-006,1,NEU,0.026,0.4631,0.5109,-0.4371
ST,12-02-04-m-006,2,POS,0.926,0.0015,0.0726,0.9245
ST,12-02-04-m-006,3,POS,0.9801,0.0012,0.0187,0.9789
ST,12-02-04-m-006,4,POS,0.9876,0.0012,0.0113,0.9864
ST,12-02-04-m-006,5,POS,0.9769,0.0013,0.0218,0.9755
ST,12-02-04-m-006,6,POS,0.9521,0.0012,0.0468,0.9509
ST,12-02-04-m-006,7,POS,0.9165,0.0016,0.082,0.9149
ST,12-02-04-m-006,8,POS,0.53,0.0054,0.4646,0.5247
ST,12-02-04-m-006,9,NEU,0.0233,0.0349,0.9418,-0.0116
ST,12-02-04-m-006,10,NEU,0.0105,0.3833,0.6063,-0.3728
ST,12-02-04-m-006,11,NEG,0.0028,0.9535,0.0437,-0.9507
ST,12-02-04-m-006,12,POS,0.6911,0.0029,0.3059,0.6882
ST,12-02-04-m-006,13,NEU,0.0095,0.1835,0.807,-0.174
ST,12-02-04-m-006,14,NEG,0.0025,0.9608,0.0366,-0.9583
ST,12-02-04-m-006,15,NEU,0.0479,0.0055,0.9466,0.0425
ST,12-02-04-m-006,16,NEU,0.2839,0.0032,0.7128,0.2807
ST,12-02-04-m-006,17,POS,0.8124,0.0025,0.1851,0.8099
ST,12-02-04-m-006,18,NEU,0.014,0.0118,0.9742,0.0022
ST,12-02-04-m-006,19,POS,0.9034,0.0018,0.0948,0.9017
ST,12-02-04-m-006,20,POS,0.7039,0.0023,0.2937,0.7016
ST,12-02-04-m-006,21,POS,0.7729,0.0031,0.224,0.7698
ST,12-02-04-m-006,22,NEU,0.4869,0.0025,0.5106,0.4844
ST,12-02-04-m-006,23,NEU,0.0277,0.0701,0.9021,-0.0424
ST,12-02-04-m-006,24,POS,0.9171,0.0019,0.081,0.9152
ST,12-02-04-m-006,25,POS,0.5876,0.0033,0.4091,0.5843
ST,12-02-04-m-006,26,NEG,0.0055,0.7655,0.2291,-0.76
ST,12-02-04-m-006,27,NEU,0.0421,0.0045,0.9533,0.0376
ST,12-02-04-m-006,28,NEU,0.1291,0.0028,0.8681,0.1263
ST,12-02-04-m-006,29,POS,0.927,0.0019,0.0711,0.9252
ST,12-02-04-m-006,30,POS,0.7346,0.0023,0.2631,0.7323
ST,12-02-04-m-006,31,POS,0.6298,0.0026,0.3676,0.6272
ST,12-02-04-m-006,32,NEU,0.0274,0.0227,0.9499,0.0047
ST,12-02-04-m-006,33,NEG,0.0025,0.9493,0.0481,-0.9468
ST,12-02-04-m-006,34,NEU,0.0225,0.0759,0.9016,-0.0534
ST,12-02-04-m-006,35,NEG,0.0035,0.7573,0.2392,-0.7538
ST,12-02-04-m-006,36,NEG,0.005,0.73,0.265,-0.725
ST,12-02-04-m-006,37,NEG,0.0036,0.9222,0.0742,-0.9186
ST,12-02-04-m-006,38,POS,0.9905,0.0013,0.0082,0.9892
ST,12-02-04-m-006,39,POS,0.7606,0.0028,0.2367,0.7578
ST,12-02-04-m-006,40,POS,0.9762,0.0013,0.0225,0.9748
ST,12-02-04-m-006,41,NEU,0.3268,0.0577,0.6155,0.2691
ST,12-02-04-m-006,42,POS,0.7203,0.0044,0.2753,0.7158
ST,12-02-04-m-006,43,NEU,0.4494,0.0043,0.5464,0.4451
ST,12-02-04-m-006,44,NEU,0.3418,0.0029,0.6553,0.339
ST,12-02-04-m-006,45,NEU,0.238,0.0028,0.7592,0.2352
ST,12-02-04-m-006,46,NEU,0.4483,0.003,0.5487,0.4453
ST,12-02-04-m-006,47,POS,0.8679,0.0029,0.1292,0.865
ST,12-02-04-m-006,48,NEU,0.0655,0.0027,0.9318,0.0627
ST,12-02-04-m-006,49,NEU,0.034,0.044,0.9219,-0.01
ST,12-02-04-m-006,50,NEU,0.0214,0.3692,0.6094,-0.3478
ST,12-02-04-m-006,51,NEG,0.0038,0.8905,0.1058,-0.8867
ST,12-02-04-m-006,52,POS,0.9386,0.0013,0.0602,0.9373
ST,12-02-04-m-006,53,POS,0.9823,0.0012,0.0164,0.9811
ST,12-02-04-m-006,54,POS,0.9376,0.0011,0.0613,0.9365
ST,12-02-04-m-016,0,POS,0.9124,0.0018,0.0858,0.9106
ST,12-02-04-m-016,1,POS,0.9925,0.0019,0.0056,0.9906
ST,12-02-04-m-016,2,POS,0.99,0.0014,0.0085,0.9886
ST,12-02-04-m-016,3,NEG,0.0025,0.9163,0.0812,-0.9137
ST,12-02-04-m-016,4,NEU,0.013,0.4091,0.578,-0.3961
ST,12-02-04-m-016,5,NEG,0.0027,0.9045,0.0928,-0.9017
ST,12-02-04-m-016,6,NEG,0.0031,0.9719,0.025,-0.9688
ST,12-02-04-m-016,7,NEU,0.0161,0.0184,0.9655,-0.0023
ST,12-02-04-m-016,8,NEG,0.0029,0.9748,0.0223,-0.9718
ST,12-02-04-m-016,9,NEG,0.0026,0.9506,0.0468,-0.948
ST,12-02-04-m-016,10,NEG,0.0027,0.9036,0.0937,-0.9009
ST,12-02-04-m-016,11,NEU,0.011,0.1204,0.8686,-0.1095
ST,12-02-04-m-016,12,NEG,0.0047,0.6952,0.3001,-0.6905
ST,12-02-04-m-016,13,NEG,0.0025,0.9462,0.0514,-0.9437
ST,12-02-04-m-016,14,NEU,0.0074,0.1391,0.8535,-0.1318
ST,12-02-04-m-016,15,NEG,0.0025,0.9359,0.0617,-0.9334
ST,12-02-04-m-019,0,POS,0.9875,0.0011,0.0115,0.9864
ST,12-02-04-m-019,1,NEG,0.0119,0.6739,0.3142,-0.662
ST,12-02-04-m-019,2,NEU,0.0174,0.0119,0.9707,0.0055
ST,12-02-04-m-019,3,NEU,0.0283,0.0246,0.9471,0.0036
ST,12-02-04-m-019,4,NEG,0.007,0.9044,0.0886,-0.8975
ST,12-02-04-m-019,5,NEU,0.0145,0.137,0.8486,-0.1225
ST,12-02-04-m-019,6,NEU,0.006,0.0805,0.9135,-0.0745
ST,12-02-04-m-019,7,NEU,0.0138,0.021,0.9651,-0.0072
ST,12-02-04-m-019,8,NEU,0.0107,0.3877,0.6016,-0.377
ST,12-02-04-m-019,9,NEG,0.0027,0.9489,0.0485,-0.9462
ST,12-02-04-m-019,10,NEG,0.0024,0.9485,0.0491,-0.9461
ST,12-02-04-m-019,11,NEG,0.0028,0.9563,0.0408,-0.9535
ST,12-02-04-m-019,12,NEG,0.006,0.9362,0.0578,-0.9303
ST,12-02-04-m-019,13,NEU,0.0176,0.0067,0.9757,0.0109
ST,12-02-04-m-019,14,POS,0.9834,0.0011,0.0156,0.9823
ST,12-02-04-m-019,15,NEG,0.0035,0.9303,0.0662,-0.9267
ST,12-02-04-m-019,16,NEU,0.0103,0.0203,0.9693,-0.01
ST,12-02-04-m-019,17,NEG,0.0069,0.5864,0.4067,-0.5795
ST,12-02-04-m-019,18,NEG,0.0037,0.948,0.0483,-0.9444
ST,12-02-04-m-019,19,NEG,0.0081,0.6412,0.3507,-0.6331
ST,12-02-04-m-019,20,NEG,0.0027,0.9705,0.0268,-0.9677
ST,12-02-04-m-019,21,NEU,0.0263,0.0799,0.8938,-0.0536
ST,12-02-04-m-019,22,NEU,0.0088,0.0229,0.9683,-0.0141
ST,12-02-04-m-019,23,NEU,0.0116,0.0957,0.8928,-0.0841
ST,12-02-04-m-019,24,POS,0.8817,0.0017,0.1166,0.88
ST,12-02-04-m-019,25,POS,0.5476,0.0049,0.4475,0.5427
ST,12-02-04-m-019,26,NEG,0.0029,0.9612,0.0359,-0.9584
ST,12-02-04-m-019,27,POS,0.8548,0.0035,0.1417,0.8513
ST,12-02-04-m-020,0,NEU,0.0704,0.0198,0.9098,0.0505
ST,12-02-04-m-020,1,NEG,0.0029,0.9207,0.0765,-0.9178
ST,12-02-04-m-020,2,POS,0.5234,0.0036,0.473,0.5197
ST,12-02-04-m-020,3,NEG,0.0025,0.9436,0.0539,-0.941
ST,12-02-04-m-020,4,NEG,0.0033,0.8377,0.159,-0.8344
ST,12-02-04-m-020,5,NEG,0.0025,0.9699,0.0276,-0.9675
ST,12-02-04-m-020,6,NEG,0.0028,0.8646,0.1326,-0.8618
ST,12-02-04-m-020,7,NEU,0.0108,0.1727,0.8165,-0.1619
ST,12-02-04-m-020,8,POS,0.9842,0.0011,0.0147,0.9831
ST,12-02-04-m-020,9,NEU,0.0571,0.0212,0.9217,0.0359
ST,12-02-04-m-020,10,NEG,0.007,0.7704,0.2226,-0.7634
ST,12-02-04-m-020,11,POS,0.5284,0.0327,0.4388,0.4957
ST,12-02-04-m-021,0,POS,0.9803,0.0016,0.0181,0.9788
ST,12-02-04-m-021,1,POS,0.851,0.0015,0.1475,0.8495
ST,12-02-04-m-021,2,POS,0.628,0.0022,0.3699,0.6258
ST,12-02-04-m-021,3,POS,0.5458,0.0064,0.4479,0.5394
ST,12-02-04-m-021,4,NEU,0.0163,0.0281,0.9556,-0.0118
ST,12-02-04-m-021,5,NEU,0.0099,0.0314,0.9588,-0.0215
ST,12-02-04-m-021,6,NEG,0.0044,0.899,0.0965,-0.8946
ST,12-02-04-m-021,7,NEU,0.018,0.1634,0.8186,-0.1454
ST,12-02-04-m-021,8,NEG,0.0024,0.9361,0.0615,-0.9337
ST,12-02-04-m-021,9,NEU,0.0147,0.2733,0.712,-0.2586
ST,12-02-04-m-021,10,NEU,0.365,0.0024,0.6326,0.3625
ST,12-02-04-m-021,11,NEU,0.0344,0.0081,0.9575,0.0264
ST,12-02-04-m-021,12,NEU,0.02,0.107,0.8729,-0.087
ST,12-02-04-m-021,13,NEU,0.0125,0.0308,0.9566,-0.0183
ST,12-02-04-m-021,14,NEU,0.066,0.0037,0.9303,0.0623
ST,12-02-04-m-021,15,NEG,0.003,0.9205,0.0765,-0.9175
ST,12-02-04-m-021,16,NEG,0.0025,0.9583,0.0392,-0.9558
ST,12-02-04-m-021,17,NEU,0.3102,0.0145,0.6753,0.2957
ST,12-02-04-m-021,18,POS,0.966,0.0017,0.0323,0.9643
ST,12-02-04-m-021,19,POS,0.8955,0.0022,0.1023,0.8933
ST,12-02-04-m-021,20,POS,0.967,0.0015,0.0315,0.9655
ST,12-02-04-m-025,0,POS,0.9807,0.0016,0.0177,0.9792
ST,12-02-04-m-025,1,NEU,0.0208,0.2085,0.7706,-0.1877
ST,12-02-04-m-025,2,NEG,0.0026,0.911,0.0864,-0.9084
ST,12-02-04-m-025,3,NEG,0.0026,0.9692,0.0282,-0.9665
ST,12-02-04-m-025,4,POS,0.7732,0.0108,0.216,0.7624
ST,12-02-04-m-025,5,POS,0.9866,0.0012,0.0122,0.9854
ST,12-02-04-m-025,6,NEG,0.0035,0.84,0.1565,-0.8365
ST,12-02-04-m-025,7,NEG,0.0032,0.9481,0.0487,-0.9448
ST,12-02-04-m-025,8,NEU,0.0136,0.1218,0.8646,-0.1082
ST,12-02-04-m-025,9,NEU,0.0107,0.0275,0.9618,-0.0169
ST,12-02-04-m-025,10,NEG,0.0027,0.9192,0.0781,-0.9165
ST,12-02-04-m-025,11,NEU,0.0127,0.3266,0.6607,-0.3139
ST,12-02-04-m-025,12,NEU,0.0218,0.1065,0.8717,-0.0848
ST,12-02-04-m-025,13,NEG,0.0027,0.902,0.0953,-0.8994
ST,12-02-04-m-025,14,NEG,0.0038,0.805,0.1912,-0.8013
ST,12-02-04-m-025,15,NEU,0.0213,0.0143,0.9644,0.007
ST,12-02-04-m-025,16,NEG,0.0035,0.8382,0.1584,-0.8347
ST,12-02-04-m-025,17,NEG,0.0042,0.7234,0.2724,-0.7193
ST,12-02-04-m-025,18,POS,0.611,0.0038,0.3852,0.6072
ST,12-02-04-m-025,19,NEU,0.0079,0.2092,0.783,-0.2013
ST,12-02-04-m-025,20,POS,0.9502,0.0021,0.0477,0.9481
ST,12-02-04-m-025,21,NEG,0.0038,0.8744,0.1218,-0.8706
ST,12-02-04-m-025,22,NEG,0.0084,0.604,0.3876,-0.5956
ST,12-02-04-m-027,0,POS,0.9838,0.0017,0.0145,0.982
ST,12-02-04-m-027,1,POS,0.9922,0.0017,0.0062,0.9905
ST,12-02-04-m-027,2,POS,0.9778,0.0011,0.021,0.9767
ST,12-02-04-m-027,3,POS,0.9619,0.0011,0.037,0.9608
ST,12-02-04-m-027,4,NEU,0.0994,0.1128,0.7878,-0.0134
ST,12-02-04-m-027,5,NEU,0.3362,0.0256,0.6382,0.3105
ST,12-02-04-m-027,6,NEU,0.0114,0.0152,0.9734,-0.0038
ST,12-02-04-m-027,7,NEU,0.0081,0.2002,0.7917,-0.1921
ST,12-02-04-m-027,8,NEU,0.0174,0.2008,0.7818,-0.1834
ST,12-02-04-m-027,9,NEG,0.0076,0.5634,0.4291,-0.5558
ST,12-02-04-m-027,10,NEG,0.0027,0.9711,0.0262,-0.9684
ST,12-02-04-m-027,11,NEU,0.0532,0.0165,0.9303,0.0367
ST,12-02-04-m-027,12,NEU,0.3932,0.0064,0.6003,0.3868
ST,12-02-04-m-027,13,NEU,0.0096,0.2318,0.7586,-0.2222
ST,12-02-04-m-027,14,NEU,0.2111,0.0372,0.7517,0.1739
ST,12-02-04-m-027,15,NEU,0.0663,0.0345,0.8992,0.0318
ST,12-02-04-m-027,16,NEU,0.221,0.0035,0.7755,0.2175
ST,12-02-04-m-027,17,POS,0.8548,0.0035,0.1417,0.8513
ST,12-02-04-m-031,0,POS,0.9906,0.0014,0.008,0.9892
ST,12-02-04-m-031,1,POS,0.6208,0.0047,0.3745,0.6161
ST,12-02-04-m-031,2,POS,0.6234,0.003,0.3737,0.6204
ST,12-02-04-m-031,3,NEU,0.0191,0.0098,0.9711,0.0094
ST,12-02-04-m-031,4,POS,0.6807,0.0021,0.3172,0.6786
ST,12-02-04-m-031,5,POS,0.9522,0.0022,0.0455,0.95
ST,12-02-04-m-031,6,NEU,0.0186,0.0872,0.8943,-0.0686
ST,12-02-04-m-031,7,POS,0.8974,0.0014,0.1012,0.8961
ST,12-02-04-m-031,8,POS,0.6597,0.0018,0.3385,0.6579
ST,12-02-04-m-031,9,NEG,0.0047,0.8799,0.1154,-0.8752
ST,12-02-04-m-031,10,NEU,0.0916,0.0079,0.9005,0.0837
ST,12-02-04-m-031,11,NEG,0.0048,0.8831,0.1121,-0.8784
ST,12-02-04-m-031,12,POS,0.9611,0.0012,0.0377,0.9599
ST,12-02-04-m-031,13,POS,0.9914,0.0013,0.0073,0.99
ST,12-02-04-m-031,14,POS,0.6165,0.0089,0.3746,0.6076
ST,12-02-04-m-031,15,NEU,0.0506,0.0036,0.9458,0.047
ST,12-02-04-m-031,16,NEU,0.0302,0.0049,0.9648,0.0253
ST,12-02-04-m-031,17,POS,0.5233,0.0021,0.4746,0.5212
ST,12-02-04-m-031,18,POS,0.9657,0.0012,0.0332,0.9645
ST,12-02-04-m-031,19,POS,0.9899,0.0014,0.0087,0.9885
ST,12-02-04-m-031,20,POS,0.8916,0.0015,0.1069,0.8901
ST,12-02-04-m-031,21,POS,0.9661,0.0015,0.0324,0.9646
ST,12-02-04-m-031,22,NEU,0.0271,0.0049,0.9681,0.0222
ST,12-02-04-m-031,23,POS,0.8751,0.0018,0.1232,0.8733
ST,12-02-04-m-031,24,NEU,0.0407,0.0068,0.9525,0.0339
ST,12-02-04-m-031,25,NEU,0.0168,0.007,0.9762,0.0098
ST,12-02-04-m-031,26,NEU,0.0157,0.0094,0.9749,0.0062
ST,12-02-04-m-031,27,NEU,0.0578,0.0038,0.9383,0.054
ST,12-02-04-m-031,28,POS,0.9368,0.0014,0.0618,0.9354
ST,12-02-04-m-031,29,POS,0.766,0.003,0.2311,0.763
ST,12-02-04-m-031,30,POS,0.9559,0.0011,0.0431,0.9548
ST,12-02-04-m-031,31,NEU,0.077,0.0037,0.9193,0.0733
ST,12-02-04-m-031,32,NEU,0.0331,0.019,0.9479,0.0141
ST,12-02-04-m-031,33,NEG,0.0048,0.5689,0.4263,-0.564
ST,12-02-04-m-031,34,POS,0.9846,0.0011,0.0143,0.9835
ST,12-02-04-m-031,35,NEU,0.202,0.0042,0.7939,0.1978
ST,12-02-04-m-031,36,NEU,0.0213,0.0089,0.9698,0.0124
ST,12-02-04-m-031,37,POS,0.86,0.0018,0.1382,0.8582
ST,12-02-04-m-031,38,NEU,0.0256,0.0056,0.9688,0.02
ST,12-02-04-m-031,39,NEU,0.3363,0.0023,0.6614,0.334
ST,12-02-04-m-031,40,POS,0.583,0.0024,0.4146,0.5805
ST,12-02-04-m-031,41,POS,0.9899,0.0013,0.0088,0.9885
ST,12-02-04-m-031,42,NEG,0.0034,0.8868,0.1098,-0.8834
ST,12-02-04-m-031,43,NEU,0.0193,0.0166,0.964,0.0027
ST,12-02-04-m-031,44,POS,0.6817,0.0039,0.3144,0.6778
ST,12-02-04-m-031,45,NEU,0.0179,0.0655,0.9167,-0.0476
ST,12-02-04-m-031,46,NEU,0.1118,0.0118,0.8764,0.1001
ST,12-02-04-m-031,47,NEU,0.0471,0.0057,0.9472,0.0415
ST,12-02-04-m-031,48,POS,0.7987,0.0013,0.2,0.7973
ST,12-02-04-m-031,49,POS,0.5436,0.0025,0.4539,0.5412
ST,12-02-04-m-031,50,POS,0.5863,0.004,0.4096,0.5823
ST,12-02-04-m-031,51,POS,0.5348,0.0032,0.462,0.5317
ST,12-02-04-m-031,52,POS,0.9847,0.0013,0.014,0.9835
ST,12-02-04-m-031,53,NEU,0.0866,0.0527,0.8608,0.0339
ST,12-02-04-m-037,0,POS,0.9583,0.0024,0.0394,0.9559
ST,12-02-04-m-037,1,POS,0.9411,0.0015,0.0574,0.9396
ST,12-02-04-m-037,2,POS,0.9902,0.0014,0.0084,0.9889
ST,12-02-04-m-037,3,POS,0.9805,0.0012,0.0184,0.9793
ST,12-02-04-m-037,4,NEU,0.0284,0.0041,0.9675,0.0243
ST,12-02-04-m-037,5,NEU,0.1901,0.0021,0.8078,0.188
ST,12-02-04-m-037,6,NEU,0.0272,0.0399,0.9329,-0.0127
ST,12-02-04-m-037,7,POS,0.9807,0.0016,0.0178,0.9791
ST,12-02-04-m-037,8,NEU,0.0445,0.0034,0.9521,0.0412
ST,12-02-04-m-037,9,NEU,0.1354,0.0028,0.8618,0.1326
ST,12-02-04-m-037,10,NEU,0.0108,0.0936,0.8956,-0.0827
ST,12-02-04-m-037,11,NEU,0.0796,0.1268,0.7935,-0.0472
ST,12-02-04-m-037,12,NEU,0.0131,0.0419,0.945,-0.0288
ST,12-02-04-m-037,13,POS,0.5311,0.0026,0.4662,0.5285
ST,12-02-04-m-037,14,POS,0.6829,0.003,0.3141,0.6799
ST,12-02-04-m-037,15,NEU,0.0145,0.0231,0.9623,-0.0086
ST,12-02-04-m-037,16,NEU,0.0185,0.0909,0.8905,-0.0724
ST,12-02-04-m-037,17,NEG,0.0028,0.9072,0.09,-0.9044
ST,12-02-04-m-037,18,NEU,0.3713,0.0042,0.6244,0.3671
ST,12-02-04-m-037,19,NEU,0.0605,0.0183,0.9212,0.0423
ST,12-02-04-m-037,20,NEU,0.0247,0.0389,0.9364,-0.0142
ST,12-02-04-m-037,21,POS,0.6792,0.0043,0.3165,0.6749
ST,12-02-04-m-037,22,POS,0.9825,0.0011,0.0163,0.9814
ST,12-02-04-m-037,23,NEG,0.0088,0.5301,0.4611,-0.5214
ST,12-02-04-m-037,24,NEU,0.0978,0.0084,0.8938,0.0895
ST,12-02-04-m-044,0,NEU,0.0453,0.0604,0.8944,-0.0151
ST,12-02-04-m-044,1,POS,0.713,0.0019,0.2851,0.7111
ST,12-02-04-m-044,2,NEU,0.053,0.0055,0.9415,0.0475
ST,12-02-04-m-044,3,POS,0.7385,0.0032,0.2583,0.7353
ST,12-02-04-m-044,4,NEU,0.3405,0.0026,0.6568,0.3379
ST,12-02-04-m-044,5,POS,0.8657,0.002,0.1323,0.8637
ST,12-02-04-m-044,6,NEU,0.1743,0.0042,0.8215,0.1701
ST,12-02-04-m-044,7,NEU,0.015,0.1856,0.7994,-0.1706
ST,12-02-04-m-044,8,NEU,0.0419,0.0119,0.9461,0.03
ST,12-02-04-m-044,9,NEU,0.0522,0.0153,0.9325,0.0369
ST,12-02-04-m-044,10,NEG,0.0045,0.8509,0.1446,-0.8464
ST,12-02-04-m-044,11,NEU,0.0066,0.4675,0.5259,-0.4608
ST,12-02-04-m-044,12,NEG,0.0025,0.9739,0.0235,-0.9714
ST,12-02-04-m-044,13,NEG,0.0097,0.5526,0.4377,-0.5429
ST,12-02-04-m-044,14,NEU,0.0106,0.0822,0.9071,-0.0716
ST,12-02-04-m-044,15,NEU,0.4795,0.0033,0.5172,0.4762
ST,12-02-04-m-044,16,NEU,0.051,0.0125,0.9365,0.0385
ST,12-02-04-m-044,17,NEU,0.1206,0.006,0.8734,0.1147
ST,12-02-04-m-044,18,NEU,0.0171,0.0072,0.9756,0.0099
ST,12-02-04-m-044,19,NEU,0.1109,0.0049,0.8843,0.106
ST,12-02-04-m-044,20,POS,0.988,0.0014,0.0107,0.9866
ST,12-02-04-m-044,21,NEU,0.0174,0.0063,0.9763,0.0111
ST,12-02-04-m-044,22,NEU,0.429,0.0048,0.5662,0.4242
ST,12-02-04-m-044,23,NEU,0.1059,0.0064,0.8878,0.0995
ST,12-02-04-m-044,24,NEU,0.1154,0.0496,0.835,0.0658
ST,12-02-04-m-044,25,POS,0.7995,0.0021,0.1984,0.7974
ST,12-02-04-m-044,26,POS,0.7063,0.0025,0.2912,0.7039
ST,12-02-04-m-044,27,POS,0.8042,0.0023,0.1935,0.8018
ST,12-02-04-p-127,0,NEU,0.1653,0.0268,0.8079,0.1385
ST,12-02-04-p-127,1,POS,0.9913,0.0019,0.0068,0.9894
ST,12-02-04-p-127,2,POS,0.7841,0.0021,0.2138,0.782
ST,12-02-04-p-127,3,NEU,0.0084,0.4174,0.5742,-0.409
ST,12-02-04-p-127,4,NEU,0.2862,0.0057,0.7081,0.2805
ST,12-02-04-p-127,5,NEG,0.0362,0.5797,0.3841,-0.5435
ST,12-02-04-p-127,6,NEU,0.0274,0.01,0.9627,0.0174
ST,12-02-04-p-127,7,POS,0.8402,0.0019,0.158,0.8383
ST,12-02-04-p-127,8,POS,0.8548,0.0035,0.1417,0.8513
ST,12-02-04-p-131,0,NEU,0.4652,0.0041,0.5307,0.4611
ST,12-02-04-p-131,1,NEU,0.0431,0.2133,0.7436,-0.1702
ST,12-02-04-p-131,2,POS,0.8314,0.0016,0.167,0.8298
ST,12-02-04-p-131,3,NEU,0.2003,0.034,0.7657,0.1663
ST,12-02-04-p-131,4,POS,0.8989,0.0016,0.0994,0.8973
ST,12-02-04-p-131,5,POS,0.5836,0.0032,0.4131,0.5804
ST,12-02-04-p-131,6,NEG,0.0044,0.6795,0.316,-0.6751
ST,12-02-04-p-131,7,POS,0.7045,0.0031,0.2924,0.7014
ST,12-02-04-p-131,8,NEU,0.0783,0.0052,0.9164,0.0731
ST,12-02-04-p-131,9,NEG,0.0044,0.8596,0.1359,-0.8552
ST,12-02-04-p-131,10,NEU,0.2627,0.0038,0.7335,0.2589
ST,12-02-04-p-131,11,NEU,0.0382,0.1338,0.828,-0.0956
ST,12-02-04-p-131,12,POS,0.871,0.0017,0.1273,0.8693
ST,12-02-04-p-131,13,NEU,0.0178,0.0313,0.951,-0.0135
ST,12-02-04-p-131,14,NEU,0.0203,0.0163,0.9633,0.004
ST,12-02-04-p-131,15,NEU,0.0081,0.1048,0.8871,-0.0966
ST,12-02-04-p-131,16,NEU,0.006,0.4673,0.5267,-0.4613
ST,12-02-04-p-131,17,POS,0.9832,0.001,0.0157,0.9822
ST,12-02-04-p-131,18,NEU,0.1996,0.0027,0.7977,0.1968
ST,12-02-04-p-131,19,NEU,0.3028,0.0232,0.674,0.2796
ST,12-02-04-p-131,20,POS,0.9082,0.0017,0.0902,0.9065
ST,12-02-04-p-131,21,POS,0.701,0.0022,0.2969,0.6988
ST,12-02-04-p-131,22,NEG,0.0024,0.9447,0.053,-0.9423
ST,12-02-04-p-131,23,NEU,0.0159,0.014,0.9701,0.0018
ST,12-02-04-p-131,24,NEU,0.0863,0.0197,0.8939,0.0666
ST,12-02-04-p-131,25,NEU,0.0431,0.0305,0.9264,0.0126
ST,12-02-04-p-131,26,NEU,0.3358,0.0046,0.6596,0.3312
ST,12-02-04-p-131,27,NEU,0.0143,0.0948,0.8909,-0.0805
ST,12-02-04-p-131,28,NEU,0.3109,0.0033,0.6857,0.3076
ST,12-02-04-p-131,29,NEU,0.0273,0.0047,0.9679,0.0226
ST,12-02-04-p-131,30,NEU,0.3033,0.0029,0.6938,0.3004
ST,12-02-04-p-131,31,NEG,0.0053,0.6589,0.3358,-0.6537
ST,12-02-04-p-131,32,POS,0.6673,0.0043,0.3285,0.663
ST,12-02-04-p-131,33,NEU,0.0163,0.1014,0.8823,-0.0851
ST,12-02-04-p-131,34,NEU,0.0138,0.3828,0.6034,-0.369
ST,12-02-04-p-131,35,POS,0.6121,0.0062,0.3818,0.6059
ST,12-02-04-p-131,36,NEU,0.2114,0.0034,0.7852,0.208
ST,12-02-04-p-131,37,POS,0.9678,0.0014,0.0307,0.9664
ST,12-02-04-p-131,38,NEG,0.0024,0.9592,0.0384,-0.9568
ST,12-02-04-p-131,39,NEG,0.0026,0.9646,0.0328,-0.9619
ST,12-02-04-p-131,40,NEG,0.0036,0.8529,0.1436,-0.8493
ST,12-02-04-p-131,41,NEG,0.0046,0.7173,0.278,-0.7127
ST,12-02-04-p-131,42,NEU,0.018,0.2999,0.6822,-0.2819
ST,12-02-04-p-131,43,NEG,0.0072,0.7351,0.2577,-0.7279
ST,12-02-04-p-131,44,NEU,0.0057,0.4711,0.5232,-0.4654
ST,12-02-04-p-131,45,NEU,0.0191,0.0665,0.9144,-0.0474
ST,12-02-04-p-131,46,NEG,0.0053,0.6367,0.358,-0.6314
ST,12-02-04-p-131,47,NEU,0.0381,0.0687,0.8932,-0.0305
ST,12-02-04-p-131,48,NEU,0.3582,0.0095,0.6322,0.3487
ST,12-02-04-p-131,49,POS,0.7849,0.0048,0.2103,0.7802
ST,12-02-04-p-131,50,NEU,0.0482,0.0312,0.9206,0.017
ST,12-02-04-p-131,51,NEU,0.0264,0.2597,0.7139,-0.2334
ST,12-02-04-p-131,52,NEG,0.0027,0.9467,0.0506,-0.944
ST,12-02-04-p-131,53,NEG,0.0026,0.9688,0.0286,-0.9663
ST,12-02-04-p-131,54,POS,0.9567,0.0016,0.0417,0.955
ST,12-02-04-p-131,55,POS,0.834,0.0026,0.1634,0.8313
ST,12-02-04-p-137,0,NEU,0.1653,0.0268,0.8079,0.1385
ST,12-02-04-p-137,1,NEG,0.0035,0.9749,0.0216,-0.9714
ST,12-02-04-p-137,2,NEU,0.246,0.0182,0.7359,0.2278
ST,12-02-04-p-137,3,NEG,0.0029,0.9477,0.0494,-0.9448
ST,12-02-04-p-137,4,NEG,0.003,0.9454,0.0516,-0.9424
ST,12-02-04-p-137,5,NEG,0.0027,0.9626,0.0347,-0.9599
ST,12-02-04-p-137,6,NEU,0.0148,0.3271,0.6581,-0.3122
ST,12-02-04-p-137,7,POS,0.9847,0.0013,0.014,0.9835
ST,12-02-04-p-137,8,NEU,0.0297,0.0047,0.9655,0.025
ST,12-02-04-p-137,9,POS,0.8858,0.0021,0.1121,0.8837
ST,12-02-04-p-137,10,NEG,0.0026,0.977,0.0204,-0.9744
ST,12-02-04-p-137,11,NEG,0.0022,0.9621,0.0356,-0.9599
ST,12-02-04-p-137,12,NEG,0.0031,0.913,0.084,-0.9099
ST,12-02-04-p-137,13,NEU,0.3956,0.0041,0.6003,0.3915
ST,12-02-04-p-137,14,NEG,0.0025,0.9611,0.0365,-0.9586
ST,12-02-04-p-137,15,NEG,0.0025,0.9715,0.026,-0.9691
ST,12-02-04-p-137,16,NEG,0.0048,0.7917,0.2035,-0.7869
ST,12-02-04-p-137,17,NEG,0.0038,0.8608,0.1355,-0.857
ST,12-02-04-p-137,18,NEU,0.0152,0.1976,0.7872,-0.1824
ST,12-02-04-p-141,0,NEU,0.167,0.0068,0.8262,0.1603
ST,12-02-04-p-141,1,POS,0.8871,0.0012,0.1117,0.8859
ST,12-02-04-p-141,2,POS,0.9837,0.0011,0.0151,0.9826
ST,12-02-04-p-141,3,POS,0.7585,0.0049,0.2366,0.7536
ST,12-02-04-p-141,4,NEU,0.0416,0.0196,0.9388,0.022
ST,12-02-04-p-141,5,NEG,0.0027,0.9232,0.0741,-0.9205
ST,12-02-04-p-141,6,NEG,0.0061,0.8038,0.1901,-0.7977
ST,12-02-04-p-141,7,NEG,0.0027,0.965,0.0323,-0.9623
ST,12-02-04-p-141,8,POS,0.9293,0.0013,0.0694,0.928
ST,12-02-04-p-141,9,NEU,0.0177,0.4594,0.5229,-0.4417
ST,12-02-04-p-141,10,POS,0.8202,0.0023,0.1775,0.8179
ST,12-02-04-p-141,11,POS,0.5222,0.0096,0.4682,0.5127
ST,12-02-04-p-141,12,POS,0.6509,0.0018,0.3473,0.6491
ST,12-02-04-p-141,13,POS,0.6727,0.0027,0.3246,0.6701
ST,12-02-04-p-141,14,POS,0.8301,0.0016,0.1682,0.8285
ST,21-04-04-m-051,0,POS,0.9835,0.0017,0.0148,0.9818
ST,21-04-04-m-051,1,NEG,0.003,0.9041,0.0929,-0.901
ST,21-04-04-m-051,2,NEG,0.0026,0.9491,0.0484,-0.9465
ST,21-04-04-m-051,3,NEG,0.0098,0.5323,0.4579,-0.5225
ST,21-04-04-m-051,4,NEG,0.0055,0.7231,0.2713,-0.7176
ST,21-04-04-m-051,5,NEU,0.2927,0.0021,0.7053,0.2906
ST,21-04-04-m-051,6,POS,0.5995,0.0025,0.398,0.597
ST,21-04-04-m-051,7,NEU,0.488,0.0034,0.5086,0.4846
ST,21-04-04-m-051,8,POS,0.5564,0.0028,0.4408,0.5535
ST,21-04-04-m-051,9,NEU,0.3456,0.0032,0.6512,0.3423
ST,21-04-04-m-051,10,NEU,0.0148,0.055,0.9302,-0.0403
ST,21-04-04-m-051,11,NEU,0.0267,0.0256,0.9477,0.0011
ST,21-04-04-m-051,12,NEU,0.0072,0.0801,0.9127,-0.0729
ST,21-04-04-m-051,13,NEU,0.0341,0.0135,0.9524,0.0206
ST,21-04-04-m-051,14,POS,0.6505,0.0023,0.3473,0.6482
ST,21-04-04-m-051,15,NEU,0.0832,0.0048,0.9119,0.0784
ST,21-04-04-m-051,16,NEU,0.3605,0.0026,0.637,0.3579
ST,21-04-04-m-051,17,NEU,0.0791,0.0064,0.9144,0.0727
ST,21-04-04-m-051,18,NEG,0.003,0.8917,0.1052,-0.8887
ST,21-04-04-m-051,19,POS,0.7679,0.0052,0.2269,0.7628
ST,21-04-04-m-051,20,NEU,0.2577,0.0036,0.7386,0.2541
ST,21-04-04-m-051,21,POS,0.915,0.0015,0.0835,0.9135
ST,21-04-04-m-051,22,NEU,0.0333,0.007,0.9598,0.0263
ST,21-04-04-m-051,23,NEU,0.0393,0.005,0.9558,0.0343
ST,21-04-04-m-051,24,NEU,0.1462,0.003,0.8508,0.1431
ST,21-04-04-m-051,25,NEU,0.0083,0.1626,0.829,-0.1543
ST,21-04-04-m-051,26,NEU,0.0343,0.0121,0.9536,0.0222
ST,21-04-04-m-051,27,NEU,0.184,0.0202,0.7957,0.1638
ST,21-04-04-m-051,28,NEU,0.0282,0.0081,0.9637,0.0201
ST,21-04-04-m-051,29,NEU,0.1146,0.1212,0.7642,-0.0066
ST,21-04-04-m-051,30,NEU,0.1614,0.0051,0.8335,0.1563
ST,21-04-04-m-051,31,NEU,0.1658,0.0097,0.8245,0.1561
ST,21-04-04-m-051,32,POS,0.9859,0.001,0.0131,0.9849
ST,21-04-04-m-051,33,POS,0.551,0.0025,0.4465,0.5485
ST,21-04-04-m-051,34,NEU,0.0241,0.0047,0.9713,0.0194
ST,21-04-04-m-051,35,NEU,0.0269,0.0037,0.9694,0.0231
ST,21-04-04-m-051,36,POS,0.9356,0.0024,0.062,0.9332
ST,21-04-04-m-051,37,POS,0.6978,0.0018,0.3005,0.696
ST,21-04-04-m-051,38,POS,0.9838,0.0017,0.0145,0.982
ST,21-04-04-m-053,0,NEG,0.0054,0.584,0.4106,-0.5785
ST,21-04-04-m-053,1,NEU,0.0368,0.1912,0.772,-0.1544
ST,21-04-04-m-053,2,NEU,0.0063,0.4355,0.5582,-0.4292
ST,21-04-04-m-053,3,NEU,0.0066,0.236,0.7574,-0.2294
ST,21-04-04-m-053,4,NEU,0.14,0.016,0.8441,0.124
ST,21-04-04-m-053,5,NEU,0.2693,0.0119,0.7188,0.2574
ST,21-04-04-m-053,6,NEU,0.051,0.1136,0.8353,-0.0626
ST,21-04-04-m-053,7,NEU,0.0375,0.1801,0.7825,-0.1426
ST,21-04-04-m-053,8,NEU,0.0321,0.055,0.9129,-0.0229
ST,21-04-04-m-053,9,NEU,0.0169,0.1689,0.8142,-0.152
ST,21-04-04-m-053,10,POS,0.5937,0.0036,0.4027,0.59
ST,21-04-04-m-053,11,NEG,0.006,0.7285,0.2655,-0.7225
ST,21-04-04-m-053,12,NEU,0.0205,0.1718,0.8077,-0.1513
ST,21-04-04-m-053,13,NEU,0.088,0.0051,0.9069,0.0829
ST,21-04-04-m-053,14,NEU,0.0281,0.0044,0.9676,0.0237
ST,21-04-04-m-053,15,NEG,0.0091,0.5738,0.4171,-0.5646
ST,21-04-04-m-053,16,NEU,0.0138,0.0189,0.9672,-0.0051
ST,21-04-04-m-053,17,NEU,0.0272,0.0041,0.9687,0.0232
ST,21-04-04-m-053,18,NEU,0.4003,0.0025,0.5972,0.3978
ST,21-04-04-m-053,19,NEU,0.03,0.0295,0.9405,0.0005
ST,21-04-04-m-053,20,NEU,0.0101,0.0191,0.9709,-0.009
ST,21-04-04-m-053,21,NEG,0.0065,0.7776,0.2159,-0.7711
ST,21-04-04-m-053,22,NEG,0.0027,0.9494,0.0479,-0.9467
ST,21-04-04-m-053,23,NEG,0.0033,0.9704,0.0263,-0.9671
ST,21-04-04-m-053,24,NEG,0.0029,0.9213,0.0758,-0.9185
ST,21-04-04-m-053,25,NEG,0.0024,0.9463,0.0512,-0.9439
ST,21-04-04-m-053,26,NEU,0.095,0.3298,0.5752,-0.2348
ST,21-04-04-m-053,27,NEG,0.0089,0.7185,0.2726,-0.7096
ST,21-04-04-m-053,28,NEU,0.2738,0.0237,0.7025,0.2501
ST,21-04-04-m-053,29,NEU,0.0466,0.0041,0.9493,0.0426
ST,21-04-04-m-053,30,POS,0.9858,0.0011,0.0131,0.9846
ST,21-04-04-m-053,31,NEU,0.448,0.0021,0.5499,0.4459
ST,21-04-04-m-053,32,POS,0.841,0.0027,0.1562,0.8383
ST,21-04-04-m-053,33,NEU,0.0066,0.4232,0.5703,-0.4166
ST,21-04-04-m-053,34,NEU,0.0088,0.1356,0.8556,-0.1268
ST,21-04-04-m-053,35,POS,0.8574,0.0017,0.1409,0.8557
ST,21-04-04-m-053,36,NEG,0.0061,0.545,0.4489,-0.5389
ST,21-04-04-m-053,37,NEG,0.0035,0.7914,0.2051,-0.788
ST,21-04-04-m-053,38,NEU,0.0122,0.0177,0.9701,-0.0055
ST,21-04-04-m-053,39,NEU,0.0103,0.0258,0.9639,-0.0155
ST,21-04-04-m-053,40,POS,0.8466,0.0076,0.1459,0.839
ST,21-04-04-m-053,41,NEU,0.1342,0.0578,0.808,0.0764
ST,21-04-04-m-053,42,NEU,0.0736,0.0051,0.9213,0.0684
ST,21-04-04-m-053,43,NEU,0.0533,0.0045,0.9422,0.0489
ST,21-04-04-m-053,44,NEU,0.0185,0.1762,0.8053,-0.1577
ST,21-04-04-m-053,45,POS,0.5637,0.0058,0.4305,0.5579
ST,21-04-04-m-053,46,NEU,0.0589,0.0373,0.9038,0.0216
ST,21-04-04-m-053,47,NEU,0.0115,0.0167,0.9718,-0.0052
ST,21-04-04-m-053,48,NEG,0.0102,0.5394,0.4503,-0.5292
ST,21-04-04-m-053,49,POS,0.7623,0.0025,0.2352,0.7598
ST,21-04-04-m-053,50,NEU,0.0909,0.0059,0.9032,0.085
ST,21-04-04-m-053,51,NEG,0.0046,0.6665,0.329,-0.6619
ST,21-04-04-m-053,52,NEU,0.0108,0.0187,0.9704,-0.0079
ST,21-04-04-m-053,53,POS,0.7077,0.0025,0.2898,0.7052
ST,21-04-04-m-053,54,NEU,0.0112,0.3285,0.6603,-0.3173
ST,21-04-04-m-053,55,POS,0.929,0.0028,0.0683,0.9262
ST,21-04-04-m-053,56,NEU,0.0298,0.012,0.9582,0.0179
ST,21-04-04-m-053,57,NEU,0.0276,0.0078,0.9647,0.0198
ST,21-04-04-m-053,58,NEU,0.0535,0.0438,0.9027,0.0096
ST,21-04-04-m-053,59,NEG,0.0036,0.8486,0.1479,-0.845
ST,21-04-04-m-053,60,NEG,0.0103,0.4969,0.4928,-0.4867
ST,21-04-04-m-053,61,NEU,0.3176,0.009,0.6734,0.3085
ST,21-04-04-m-053,62,NEU,0.4953,0.0028,0.5019,0.4925
ST,21-04-04-m-053,63,NEG,0.0129,0.6927,0.2944,-0.6798
ST,21-04-04-m-053,64,NEU,0.0184,0.0372,0.9445,-0.0188
ST,21-04-04-m-053,65,NEG,0.013,0.5783,0.4087,-0.5653
ST,21-04-04-m-053,66,NEG,0.0031,0.9647,0.0322,-0.9616
ST,21-04-04-m-053,67,NEU,0.0965,0.1432,0.7603,-0.0467
ST,21-04-04-m-053,68,NEU,0.0124,0.0243,0.9633,-0.0119
ST,21-04-04-m-053,69,NEG,0.0041,0.8817,0.1142,-0.8777
ST,21-04-04-m-056,0,NEU,0.3734,0.0074,0.6192,0.3659
ST,21-04-04-m-056,1,NEU,0.0757,0.0061,0.9182,0.0696
ST,21-04-04-m-056,2,NEG,0.0057,0.514,0.4804,-0.5083
ST,21-04-04-m-056,3,POS,0.9365,0.0017,0.0618,0.9347
ST,21-04-04-m-056,4,NEG,0.0025,0.9667,0.0308,-0.9643
ST,21-04-04-m-056,5,NEG,0.0091,0.7813,0.2096,-0.7722
ST,21-04-04-m-056,6,NEG,0.0037,0.8309,0.1653,-0.8272
ST,21-04-04-m-056,7,NEG,0.0028,0.9742,0.0231,-0.9714
ST,21-04-04-m-056,8,NEU,0.0051,0.4567,0.5382,-0.4515
ST,21-04-04-m-056,9,NEG,0.0029,0.8991,0.098,-0.8962
ST,21-04-04-m-056,10,NEG,0.0028,0.9762,0.021,-0.9734
ST,21-04-04-m-056,11,NEU,0.0446,0.2603,0.6951,-0.2157
ST,21-04-04-m-056,12,NEG,0.006,0.7046,0.2893,-0.6986
ST,21-04-04-m-056,13,NEG,0.0055,0.7626,0.2318,-0.7571
ST,21-04-04-m-056,14,NEG,0.003,0.8109,0.1861,-0.8079
ST,21-04-04-m-056,15,NEU,0.0541,0.0711,0.8748,-0.017
ST,21-04-04-m-056,16,NEU,0.1499,0.0046,0.8456,0.1453
ST,21-04-04-m-056,17,NEG,0.0031,0.9095,0.0873,-0.9064
ST,21-04-04-m-056,18,NEU,0.0088,0.4086,0.5827,-0.3998
ST,21-04-04-m-056,19,POS,0.8608,0.0047,0.1345,0.8562
ST,21-04-04-m-056,20,NEG,0.0089,0.5932,0.3979,-0.5842
ST,21-04-04-m-056,21,NEG,0.0039,0.8366,0.1595,-0.8327
ST,21-04-04-m-056,22,POS,0.7923,0.0036,0.2042,0.7887
ST,21-04-04-m-059,0,NEU,0.0376,0.0303,0.9321,0.0073
ST,21-04-04-m-059,1,NEU,0.0845,0.012,0.9035,0.0725
ST,21-04-04-m-059,2,NEU,0.0706,0.0054,0.924,0.0651
ST,21-04-04-m-059,3,NEG,0.0024,0.9629,0.0347,-0.9605
ST,21-04-04-m-059,4,POS,0.9663,0.0012,0.0324,0.9651
ST,21-04-04-m-059,5,NEG,0.0028,0.8975,0.0997,-0.8947
ST,21-04-04-m-059,6,NEU,0.0053,0.3981,0.5966,-0.3929
ST,21-04-04-m-059,7,NEU,0.0198,0.2148,0.7655,-0.195
ST,21-04-04-m-059,8,NEU,0.0065,0.2938,0.6997,-0.2874
ST,21-04-04-m-059,9,NEG,0.0022,0.9576,0.0403,-0.9554
ST,21-04-04-m-059,10,POS,0.8548,0.0035,0.1417,0.8513
ST,21-04-04-m-060,0,POS,0.5284,0.0327,0.4388,0.4957
ST,21-04-04-m-060,1,POS,0.9904,0.0016,0.008,0.9888
ST,21-04-04-m-060,2,NEG,0.0038,0.9055,0.0907,-0.9017
ST,21-04-04-m-060,3,NEG,0.0027,0.9756,0.0216,-0.9729
ST,21-04-04-m-060,4,NEG,0.0045,0.8606,0.1349,-0.8562
ST,21-04-04-m-060,5,NEU,0.2649,0.0049,0.7301,0.26
ST,21-04-04-m-060,6,NEU,0.0664,0.0076,0.926,0.0588
ST,21-04-04-m-060,7,POS,0.8585,0.0032,0.1383,0.8553
ST,21-04-04-m-060,8,NEU,0.0606,0.005,0.9344,0.0556
ST,21-04-04-m-060,9,NEU,0.0289,0.0167,0.9544,0.0122
ST,21-04-04-m-060,10,NEU,0.0375,0.0106,0.9519,0.027
ST,21-04-04-m-060,11,NEG,0.0047,0.6383,0.357,-0.6336
ST,21-04-04-m-060,12,NEG,0.0054,0.6896,0.305,-0.6842
ST,21-04-04-m-060,13,NEG,0.006,0.8179,0.1761,-0.8119
ST,21-04-04-m-060,14,NEU,0.0375,0.1234,0.8391,-0.0859
ST,21-04-04-m-060,15,NEG,0.0051,0.5466,0.4483,-0.5415
ST,21-04-04-m-060,16,NEU,0.0069,0.1992,0.7938,-0.1923
ST,21-04-04-m-060,17,NEG,0.007,0.6291,0.3639,-0.6221
ST,21-04-04-m-060,18,POS,0.6752,0.0027,0.3221,0.6725
ST,21-04-04-m-060,19,NEU,0.0586,0.0082,0.9332,0.0503
ST,21-04-04-m-060,20,POS,0.8123,0.0019,0.1859,0.8104
ST,21-04-04-m-060,21,NEU,0.0065,0.2448,0.7487,-0.2383
ST,21-04-04-m-060,22,NEU,0.0673,0.0115,0.9212,0.0559
ST,21-04-04-m-060,23,NEU,0.1472,0.0081,0.8447,0.1392
ST,21-04-04-m-060,24,NEU,0.0099,0.4409,0.5492,-0.431
ST,21-04-04-m-060,25,POS,0.7944,0.0017,0.2039,0.7926
ST,21-04-04-m-060,26,NEU,0.0072,0.0713,0.9215,-0.0641
ST,21-04-04-m-060,27,NEU,0.0239,0.0337,0.9424,-0.0098
ST,21-04-04-m-060,28,NEU,0.0099,0.0167,0.9734,-0.0068
ST,21-04-04-m-060,29,NEU,0.3362,0.0038,0.66,0.3324
ST,21-04-04-m-060,30,NEU,0.0069,0.1174,0.8756,-0.1105
ST,21-04-04-m-060,31,NEU,0.088,0.0035,0.9085,0.0845
ST,21-04-04-m-060,32,NEG,0.004,0.8906,0.1054,-0.8866
ST,21-04-04-m-060,33,POS,0.9041,0.0016,0.0943,0.9024
ST,21-04-04-m-060,34,POS,0.8967,0.0021,0.1011,0.8946
ST,21-04-04-m-060,35,NEU,0.1431,0.0309,0.826,0.1122
ST,21-04-04-m-060,36,NEU,0.0501,0.0351,0.9147,0.015
ST,21-04-04-m-060,37,POS,0.7678,0.0017,0.2304,0.7661
ST,21-04-04-m-060,38,POS,0.9013,0.0015,0.0973,0.8998
ST,21-04-04-m-060,39,POS,0.6785,0.003,0.3185,0.6755
ST,21-04-04-m-060,40,POS,0.9749,0.0017,0.0234,0.9732
ST,21-04-04-m-060,41,NEU,0.4645,0.004,0.5315,0.4605
ST,21-04-04-m-060,42,NEU,0.0058,0.4708,0.5234,-0.4649
ST,21-04-04-m-060,43,NEG,0.0042,0.6514,0.3444,-0.6471
ST,21-04-04-m-060,44,NEU,0.0278,0.0079,0.9643,0.0199
ST,21-04-04-m-060,45,NEG,0.0029,0.8245,0.1726,-0.8217
ST,21-04-04-m-060,46,NEU,0.0249,0.0207,0.9544,0.0042
ST,21-04-04-m-060,47,NEU,0.0589,0.0062,0.9349,0.0526
ST,21-04-04-m-060,48,NEU,0.1183,0.0203,0.8613,0.098
ST,21-04-04-m-060,49,NEG,0.0033,0.8354,0.1613,-0.8321
ST,21-04-04-m-060,50,NEG,0.0042,0.8812,0.1146,-0.8771
ST,21-04-04-m-060,51,NEG,0.0027,0.9685,0.0288,-0.9657
ST,21-04-04-m-060,52,NEG,0.0041,0.9571,0.0388,-0.953
ST,21-04-04-m-060,53,NEU,0.0132,0.4047,0.5821,-0.3914
ST,21-04-04-m-060,54,NEG,0.0024,0.9709,0.0267,-0.9684
ST,21-04-04-m-060,55,NEU,0.0802,0.0088,0.911,0.0714
ST,21-04-04-m-060,56,NEU,0.2121,0.0121,0.7757,0.2
ST,21-04-04-m-060,57,POS,0.9838,0.0017,0.0145,0.982
ST,21-04-04-m-064,0,NEU,0.0493,0.0073,0.9434,0.042
ST,21-04-04-m-064,1,NEG,0.0034,0.9279,0.0686,-0.9245
ST,21-04-04-m-064,2,NEU,0.1817,0.078,0.7403,0.1038
ST,21-04-04-m-064,3,POS,0.7319,0.002,0.2661,0.7299
ST,21-04-04-m-064,4,POS,0.9502,0.0016,0.0482,0.9486
ST,21-04-04-m-064,5,NEU,0.0212,0.269,0.7098,-0.2478
ST,21-04-04-m-064,6,POS,0.8656,0.0021,0.1323,0.8635
ST,21-04-04-m-064,7,NEU,0.034,0.1249,0.8411,-0.0909
ST,21-04-04-m-064,8,POS,0.9128,0.003,0.0842,0.9098
ST,21-04-04-m-064,9,NEU,0.0366,0.0384,0.925,-0.0018
ST,21-04-04-m-064,10,NEU,0.0094,0.1046,0.8861,-0.0952
ST,21-04-04-m-064,11,NEU,0.007,0.4339,0.5591,-0.4268
ST,21-04-04-m-064,12,POS,0.6632,0.0033,0.3335,0.6599
ST,21-04-04-m-064,13,NEU,0.0086,0.0491,0.9423,-0.0405
ST,21-04-04-m-064,14,NEU,0.0972,0.0026,0.9002,0.0946
ST,21-04-04-m-064,15,NEG,0.0032,0.919,0.0778,-0.9158
ST,21-04-04-m-064,16,NEU,0.0646,0.0597,0.8756,0.0049
ST,21-04-04-m-064,17,POS,0.9623,0.0013,0.0364,0.961
ST,21-04-04-m-064,18,POS,0.9072,0.0017,0.091,0.9055
ST,21-04-04-m-064,19,NEU,0.2981,0.0041,0.6978,0.294
ST,21-04-04-m-064,20,NEU,0.1951,0.0045,0.8004,0.1906
ST,21-04-04-m-064,21,NEU,0.4813,0.0083,0.5103,0.473
ST,21-04-04-m-064,22,NEU,0.1666,0.0037,0.8297,0.163
ST,21-04-04-m-064,23,NEU,0.1941,0.0053,0.8007,0.1888
ST,21-04-04-m-064,24,NEU,0.0742,0.053,0.8728,0.0211
ST,21-04-04-m-064,25,NEU,0.0259,0.0044,0.9698,0.0215
ST,21-04-04-m-064,26,NEU,0.0139,0.0328,0.9533,-0.0189
ST,21-04-04-m-064,27,NEU,0.1934,0.0061,0.8005,0.1873
ST,21-04-04-m-064,28,NEU,0.0096,0.2986,0.6919,-0.289
ST,21-04-04-m-064,29,NEU,0.0222,0.3074,0.6704,-0.2851
ST,21-04-04-m-064,30,NEG,0.0036,0.9056,0.0908,-0.9019
ST,21-04-04-m-064,31,NEU,0.0129,0.03,0.9571,-0.0171
ST,21-04-04-m-064,32,NEU,0.041,0.0144,0.9447,0.0266
ST,21-04-04-m-064,33,NEU,0.4463,0.0062,0.5475,0.4401
ST,21-04-04-m-064,34,NEU,0.2168,0.0316,0.7516,0.1852
ST,21-04-04-m-064,35,POS,0.9037,0.0017,0.0946,0.902
ST,21-04-04-m-064,36,NEU,0.0598,0.0032,0.937,0.0566
ST,21-04-04-m-064,37,NEU,0.0744,0.0535,0.8722,0.0209
ST,21-04-04-m-064,38,NEU,0.0213,0.0094,0.9693,0.0119
ST,21-04-04-m-064,39,NEU,0.0111,0.0431,0.9459,-0.032
ST,21-04-04-m-064,40,POS,0.9808,0.0014,0.0178,0.9794
ST,21-04-04-m-064,41,POS,0.7283,0.0065,0.2653,0.7218
ST,21-04-04-m-064,42,NEG,0.0025,0.9343,0.0633,-0.9318
ST,21-04-04-m-064,43,NEU,0.0085,0.4376,0.5538,-0.4291
ST,21-04-04-m-064,44,POS,0.5428,0.0101,0.4471,0.5327
ST,21-04-04-m-064,45,NEU,0.3041,0.0048,0.691,0.2993
ST,21-04-04-m-064,46,POS,0.8327,0.0033,0.164,0.8294
ST,21-04-04-m-064,47,POS,0.9571,0.0023,0.0407,0.9548
ST,21-04-04-m-064,48,NEU,0.0995,0.0151,0.8854,0.0844
ST,21-04-04-m-064,49,NEU,0.015,0.2824,0.7026,-0.2673
ST,21-04-04-m-064,50,POS,0.9545,0.0019,0.0437,0.9526
ST,21-04-04-m-064,51,NEU,0.2317,0.0041,0.7642,0.2276
ST,21-04-04-m-064,52,POS,0.9086,0.0024,0.0891,0.9062
ST,21-04-04-m-064,53,NEG,0.0033,0.952,0.0447,-0.9487
ST,21-04-04-m-064,54,NEG,0.0024,0.9586,0.039,-0.9562
ST,21-04-04-m-064,55,POS,0.9219,0.0018,0.0763,0.9201
ST,21-04-04-m-064,56,NEU,0.0901,0.0084,0.9015,0.0817
ST,21-04-04-m-064,57,NEU,0.0286,0.049,0.9225,-0.0204
ST,21-04-04-m-064,58,NEU,0.0112,0.0397,0.9491,-0.0284
ST,21-04-04-m-064,59,NEU,0.0203,0.0275,0.9522,-0.0073
ST,21-04-04-m-064,60,POS,0.8271,0.0024,0.1705,0.8247
ST,21-04-04-m-064,61,POS,0.7165,0.0018,0.2817,0.7147
ST,21-04-04-m-064,62,NEU,0.0243,0.0052,0.9704,0.0191
ST,21-04-04-m-064,63,POS,0.8409,0.0022,0.1569,0.8387
ST,21-04-04-m-064,64,POS,0.985,0.001,0.014,0.984
ST,21-04-04-m-064,65,NEU,0.0136,0.0912,0.8952,-0.0775
ST,21-04-04-m-064,66,NEU,0.0186,0.0396,0.9418,-0.021
ST,21-04-04-m-064,67,POS,0.9564,0.0012,0.0425,0.9552
ST,21-04-04-m-064,68,NEU,0.0243,0.2092,0.7665,-0.1849
ST,21-04-04-m-064,69,POS,0.9012,0.0016,0.0972,0.8997
ST,21-04-04-m-064,70,NEU,0.1656,0.003,0.8314,0.1626
ST,21-04-04-m-064,71,POS,0.9222,0.0017,0.0761,0.9204
ST,21-04-04-m-064,72,POS,0.967,0.001,0.032,0.966
ST,21-04-04-m-064,73,NEU,0.0531,0.0031,0.9438,0.05
ST,21-04-04-m-064,74,POS,0.752,0.0015,0.2464,0.7505
ST,21-04-04-m-064,75,NEU,0.1593,0.0092,0.8315,0.15
ST,21-04-04-m-064,76,NEU,0.412,0.0044,0.5836,0.4076
ST,21-04-04-m-064,77,POS,0.9857,0.001,0.0132,0.9847
ST,21-04-04-m-064,78,POS,0.9926,0.0023,0.0051,0.9902
ST,21-04-04-m-064,79,POS,0.6786,0.0085,0.3129,0.67
ST,21-04-04-m-064,80,POS,0.9904,0.0013,0.0083,0.9891
ST,21-04-04-m-064,81,NEU,0.0173,0.0188,0.9639,-0.0015
ST,21-04-04-m-064,82,POS,0.8413,0.0034,0.1552,0.8379
ST,21-04-04-m-064,83,POS,0.8809,0.0029,0.1162,0.8779
ST,21-04-04-m-064,84,POS,0.8634,0.0028,0.1338,0.8605
ST,21-04-04-m-064,85,POS,0.5105,0.0024,0.4871,0.508
ST,21-04-04-m-064,86,NEU,0.0989,0.0066,0.8946,0.0923
ST,21-04-04-m-064,87,POS,0.9904,0.0014,0.0083,0.989
ST,21-04-04-m-064,88,NEU,0.2228,0.003,0.7742,0.2198
ST,21-04-04-m-064,89,POS,0.9799,0.0014,0.0187,0.9786
ST,21-04-04-m-064,90,NEU,0.0235,0.2007,0.7757,-0.1772
ST,21-04-04-m-064,91,POS,0.8548,0.0035,0.1417,0.8513
ST,21-04-04-m-066,0,POS,0.961,0.0012,0.0378,0.9598
ST,21-04-04-m-066,1,POS,0.9522,0.001,0.0468,0.9512
ST,21-04-04-m-066,2,NEU,0.0174,0.2733,0.7093,-0.2559
ST,21-04-04-m-066,3,NEU,0.341,0.0031,0.6559,0.338
ST,21-04-04-m-066,4,POS,0.9795,0.0013,0.0192,0.9781
ST,21-04-04-m-066,5,NEU,0.4569,0.0109,0.5322,0.446
ST,21-04-04-m-066,6,POS,0.9859,0.0011,0.013,0.9848
ST,21-04-04-m-066,7,POS,0.9913,0.0015,0.0072,0.9897
ST,21-04-04-m-066,8,POS,0.9724,0.0017,0.0259,0.9708
ST,21-04-04-m-066,9,POS,0.8727,0.0016,0.1257,0.8711
ST,21-04-04-m-066,10,NEU,0.0498,0.0116,0.9386,0.0382
ST,21-04-04-m-066,11,POS,0.5413,0.0068,0.4519,0.5345
ST,21-04-04-m-066,12,POS,0.9716,0.0011,0.0273,0.9705
ST,21-04-04-m-066,13,POS,0.6351,0.0029,0.362,0.6322
ST,21-04-04-m-066,14,NEU,0.0465,0.0038,0.9497,0.0427
ST,21-04-04-m-066,15,POS,0.8464,0.0019,0.1517,0.8445
ST,21-04-04-m-066,16,POS,0.8372,0.0013,0.1615,0.8359
ST,21-04-04-m-066,17,POS,0.7363,0.0029,0.2608,0.7334
ST,21-04-04-m-066,18,NEU,0.0205,0.2699,0.7096,-0.2494
ST,21-04-04-m-066,19,NEU,0.0325,0.0136,0.954,0.0189
ST,21-04-04-m-066,20,NEU,0.3076,0.003,0.6894,0.3046
ST,21-04-04-m-066,21,POS,0.8714,0.0029,0.1257,0.8685
ST,21-04-04-m-066,22,NEU,0.2384,0.0043,0.7573,0.2341
ST,21-04-04-m-066,23,NEG,0.0071,0.7957,0.1972,-0.7886
ST,21-04-04-m-066,24,NEG,0.0045,0.7966,0.1989,-0.7921
ST,21-04-04-m-066,25,POS,0.9781,0.0011,0.0208,0.977
ST,21-04-04-m-066,26,NEU,0.0186,0.0164,0.965,0.0022
ST,21-04-04-m-066,27,NEG,0.0081,0.6422,0.3497,-0.6341
ST,21-04-04-m-066,28,POS,0.965,0.0011,0.0339,0.9639
ST,21-04-04-m-066,29,NEU,0.4625,0.0026,0.5349,0.4599
ST,21-04-04-m-066,30,NEU,0.4418,0.0044,0.5538,0.4374
ST,21-04-04-m-066,31,POS,0.5216,0.0082,0.4702,0.5134
ST,21-04-04-m-066,32,NEU,0.018,0.0072,0.9748,0.0109
ST,21-04-04-m-066,33,POS,0.616,0.0021,0.3819,0.6138
ST,21-04-04-m-066,34,POS,0.949,0.0014,0.0496,0.9477
ST,21-04-04-m-066,35,POS,0.9196,0.0013,0.0791,0.9183
ST,21-04-04-m-066,36,POS,0.8282,0.0041,0.1677,0.8241
ST,21-04-04-m-066,37,NEU,0.0061,0.4357,0.5582,-0.4296
ST,21-04-04-m-066,38,NEU,0.08,0.0098,0.9103,0.0702
ST,21-04-04-m-066,39,NEU,0.2124,0.0032,0.7844,0.2092
ST,21-04-04-m-066,40,POS,0.6303,0.0028,0.3669,0.6276
ST,21-04-04-m-066,41,NEU,0.0281,0.0385,0.9334,-0.0104
ST,21-04-04-m-066,42,POS,0.9442,0.0012,0.0546,0.9431
ST,21-04-04-m-066,43,NEU,0.0416,0.0305,0.9279,0.0111
ST,21-04-04-m-066,44,POS,0.7422,0.0028,0.255,0.7395
ST,21-04-04-m-066,45,POS,0.607,0.003,0.39,0.6041
ST,21-04-04-m-066,46,NEU,0.0087,0.0638,0.9275,-0.0551
ST,21-04-04-m-066,47,POS,0.9637,0.0012,0.0351,0.9626
ST,21-04-04-m-066,48,NEU,0.0112,0.4554,0.5334,-0.4442
ST,21-04-04-m-066,49,NEG,0.006,0.5767,0.4173,-0.5708
ST,21-04-04-m-066,50,NEU,0.1048,0.0093,0.8859,0.0955
ST,21-04-04-m-066,51,NEU,0.2429,0.0074,0.7497,0.2355
ST,21-04-04-m-066,52,NEU,0.0069,0.3883,0.6049,-0.3814
ST,21-04-04-m-066,53,NEU,0.0072,0.0936,0.8992,-0.0864
ST,21-04-04-m-066,54,NEU,0.0166,0.1057,0.8777,-0.0891
ST,21-04-04-m-066,55,NEU,0.3259,0.0042,0.6699,0.3218
ST,21-04-04-m-066,56,NEU,0.0851,0.0024,0.9124,0.0827
ST,21-04-04-m-066,57,POS,0.7778,0.0023,0.22,0.7755
ST,21-04-04-m-066,58,POS,0.8583,0.003,0.1386,0.8553
ST,21-04-04-m-066,59,POS,0.6419,0.0034,0.3547,0.6385
ST,21-07-04-m-005,0,POS,0.9768,0.0019,0.0213,0.9749
ST,21-07-04-m-005,1,NEU,0.0226,0.0085,0.969,0.0141
ST,21-07-04-m-005,2,NEU,0.0314,0.0208,0.9479,0.0106
ST,21-07-04-m-005,3,NEU,0.0353,0.0218,0.9429,0.0135
ST,21-07-04-m-005,4,NEU,0.0319,0.0172,0.9509,0.0147
ST,21-07-04-m-005,5,NEU,0.0714,0.0038,0.9248,0.0676
ST,21-07-04-m-005,6,NEU,0.1545,0.0091,0.8364,0.1454
ST,21-07-04-m-005,7,POS,0.9728,0.0013,0.0259,0.9715
ST,21-07-04-m-005,8,NEU,0.2237,0.0053,0.771,0.2184
ST,21-07-04-m-005,9,POS,0.7687,0.0108,0.2205,0.7578
ST,21-07-04-m-005,10,NEU,0.0564,0.0177,0.9259,0.0387
ST,21-07-04-m-005,11,POS,0.9927,0.002,0.0053,0.9907
ST,21-07-04-m-005,12,POS,0.9892,0.0012,0.0095,0.988
ST,21-07-04-m-005,13,POS,0.9887,0.0011,0.0102,0.9876
ST,21-07-04-m-005,14,POS,0.7017,0.0018,0.2965,0.6999
ST,21-07-04-m-005,15,POS,0.9861,0.0012,0.0127,0.9849
ST,21-07-04-m-005,16,POS,0.9881,0.0015,0.0105,0.9866
ST,21-07-04-m-005,17,NEU,0.035,0.0032,0.9618,0.0319
ST,21-07-04-m-005,18,NEU,0.028,0.0046,0.9674,0.0234
ST,21-07-04-m-005,19,NEU,0.3089,0.0054,0.6857,0.3035
ST,21-07-04-m-005,20,NEU,0.0105,0.3454,0.6441,-0.335
ST,21-07-04-m-005,21,NEG,0.0073,0.5533,0.4395,-0.546
ST,21-07-04-m-005,22,NEU,0.0255,0.0137,0.9609,0.0118
ST,21-07-04-m-005,23,POS,0.9742,0.0014,0.0244,0.9728
ST,21-07-04-m-005,24,NEG,0.0098,0.7525,0.2377,-0.7427
ST,21-07-04-m-005,25,NEU,0.272,0.052,0.676,0.22
ST,21-07-04-m-005,26,NEU,0.1728,0.0366,0.7905,0.1362
ST,21-07-04-m-005,27,NEG,0.0036,0.8937,0.1027,-0.89
ST,21-07-04-m-005,28,POS,0.8912,0.0019,0.1069,0.8894
ST,21-07-04-m-005,29,NEU,0.1519,0.0091,0.8389,0.1428
ST,21-07-04-m-005,30,NEU,0.0617,0.0126,0.9258,0.0491
ST,21-07-04-m-005,31,POS,0.7142,0.0028,0.283,0.7115
ST,21-07-04-m-005,32,NEU,0.138,0.0048,0.8572,0.1331
ST,21-07-04-m-005,33,POS,0.5657,0.0029,0.4314,0.5628
ST,21-07-04-m-005,34,POS,0.8375,0.002,0.1605,0.8355
ST,21-07-04-m-005,35,POS,0.8976,0.0016,0.1007,0.896
ST,21-07-04-m-005,36,POS,0.7508,0.0024,0.2467,0.7484
ST,21-07-04-m-005,37,NEU,0.0257,0.004,0.9704,0.0217
ST,21-07-04-m-005,38,POS,0.8632,0.0018,0.1349,0.8614
ST,21-07-04-m-005,39,POS,0.708,0.0046,0.2874,0.7034
ST,21-07-04-m-005,40,NEU,0.271,0.0039,0.725,0.2671
ST,21-07-04-m-005,41,POS,0.5991,0.0023,0.3986,0.5969
ST,21-07-04-m-005,42,NEU,0.028,0.0045,0.9675,0.0235
ST,21-07-04-m-005,43,NEU,0.271,0.004,0.7251,0.267
ST,21-07-04-m-005,44,NEU,0.1251,0.0058,0.8691,0.1193
ST,21-07-04-m-005,45,POS,0.9817,0.0014,0.017,0.9803
ST,21-07-04-m-005,46,NEU,0.0624,0.0033,0.9343,0.059
ST,21-07-04-m-005,47,POS,0.9731,0.001,0.0258,0.9721
ST,21-07-04-m-005,48,POS,0.7061,0.0292,0.2647,0.6769
ST,21-07-04-m-005,49,POS,0.9164,0.0025,0.0811,0.9139
ST,21-07-04-m-005,50,POS,0.8606,0.0032,0.1361,0.8574
ST,21-07-04-m-005,51,POS,0.9641,0.0012,0.0347,0.9629
ST,21-07-04-m-005,52,POS,0.9903,0.0013,0.0084,0.9891
ST,21-07-04-m-005,53,POS,0.7379,0.0017,0.2605,0.7362
ST,21-07-04-m-005,54,NEU,0.099,0.0023,0.8986,0.0967
ST,21-07-04-m-005,55,POS,0.9648,0.001,0.0342,0.9639
ST,21-07-04-m-005,56,NEU,0.0311,0.0043,0.9647,0.0268
ST,21-07-04-m-005,57,POS,0.9673,0.0012,0.0315,0.9661
ST,21-07-04-m-005,58,POS,0.9835,0.0012,0.0153,0.9823
ST,21-07-04-m-005,59,POS,0.9272,0.0013,0.0715,0.926
ST,21-07-04-m-005,60,NEU,0.0463,0.0048,0.9489,0.0416
ST,21-07-04-m-005,61,POS,0.8962,0.0016,0.1022,0.8946
ST,21-07-04-m-005,62,NEU,0.1873,0.0112,0.8015,0.176
ST,21-07-04-m-005,63,POS,0.8162,0.0025,0.1813,0.8137
ST,21-07-04-m-005,64,POS,0.9893,0.0014,0.0093,0.988
ST,21-07-04-m-005,65,POS,0.962,0.0011,0.0369,0.9609
ST,21-07-04-m-005,66,POS,0.989,0.0015,0.0095,0.9876
ST,21-07-04-m-005,67,NEU,0.031,0.0101,0.9589,0.0208
ST,21-07-04-m-005,68,POS,0.9449,0.0013,0.0538,0.9435
ST,21-07-04-m-005,69,POS,0.7896,0.0027,0.2077,0.7869
ST,21-07-04-m-005,70,POS,0.7813,0.0021,0.2166,0.7791
ST,21-07-04-m-005,71,POS,0.9244,0.0014,0.0742,0.9229
ST,21-07-04-m-005,72,POS,0.6606,0.0025,0.3369,0.6581
ST,21-07-04-m-005,73,NEU,0.0209,0.0125,0.9665,0.0084
ST,21-07-04-m-005,74,NEU,0.013,0.0201,0.9669,-0.0071
ST,21-07-04-m-005,75,NEU,0.4281,0.0032,0.5687,0.4249
ST,21-07-04-m-005,76,NEU,0.3981,0.0024,0.5995,0.3957
ST,21-07-04-m-005,77,NEU,0.0636,0.0075,0.9289,0.0561
ST,21-07-04-m-005,78,NEU,0.1268,0.0025,0.8707,0.1243
ST,21-07-04-m-005,79,POS,0.704,0.0023,0.2936,0.7017
ST,21-07-04-m-005,80,NEU,0.0268,0.0047,0.9685,0.0221
ST,21-07-04-m-005,81,NEU,0.0223,0.008,0.9697,0.0143
ST,21-07-04-m-005,82,POS,0.8606,0.0016,0.1379,0.859
ST,21-07-04-m-005,83,POS,0.7482,0.0023,0.2495,0.7459
ST,21-07-04-m-005,84,POS,0.9297,0.0013,0.069,0.9284
ST,21-07-04-m-005,85,POS,0.8681,0.0015,0.1304,0.8666
ST,21-07-04-m-005,86,POS,0.961,0.0038,0.0352,0.9573
ST,21-07-04-m-005,87,POS,0.9858,0.0014,0.0128,0.9844
ST,21-07-04-m-005,88,POS,0.9829,0.0013,0.0158,0.9815
ST,21-07-04-m-005,89,POS,0.9915,0.0016,0.007,0.9899
ST,21-07-04-m-005,90,NEU,0.022,0.0043,0.9736,0.0177
ST,21-07-04-m-005,91,NEU,0.0309,0.0035,0.9656,0.0274
ST,21-07-04-m-005,92,NEU,0.0174,0.0091,0.9735,0.0083
ST,21-07-04-m-005,93,NEU,0.0333,0.0057,0.9609,0.0276
ST,21-07-04-m-005,94,NEU,0.3415,0.003,0.6555,0.3384
ST,21-07-04-m-005,95,POS,0.6783,0.0019,0.3199,0.6764
ST,21-07-04-m-005,96,POS,0.7989,0.0026,0.1985,0.7962
ST,21-07-04-m-005,97,NEU,0.0179,0.0091,0.973,0.0088
ST,21-07-04-m-005,98,POS,0.7055,0.0028,0.2917,0.7026
ST,21-07-04-m-005,99,NEU,0.237,0.0068,0.7562,0.2302
ST,21-07-04-m-005,100,POS,0.8337,0.002,0.1643,0.8317
ST,21-07-04-m-005,101,POS,0.9912,0.0012,0.0076,0.9899
ST,21-07-04-m-005,102,POS,0.9328,0.001,0.0662,0.9319
ST,21-07-04-m-005,103,POS,0.9867,0.0014,0.0119,0.9853
ST,21-07-04-m-005,104,POS,0.9909,0.0014,0.0077,0.9895
ST,21-07-04-m-005,105,NEU,0.0097,0.1198,0.8705,-0.1101
ST,21-07-04-m-005,106,POS,0.9916,0.0013,0.0071,0.9903
ST,21-07-04-m-005,107,POS,0.9116,0.0022,0.0862,0.9094
ST,21-07-04-m-005,108,POS,0.7124,0.0018,0.2858,0.7106
ST,21-07-04-m-005,109,NEU,0.1697,0.0027,0.8276,0.167
ST,21-07-04-m-005,110,POS,0.9491,0.0011,0.0498,0.9479
ST,21-07-04-m-005,111,POS,0.9827,0.0011,0.0163,0.9816
ST,21-07-04-m-005,112,POS,0.7741,0.0019,0.224,0.7722
ST,21-07-04-m-005,113,NEU,0.0172,0.0072,0.9756,0.01
ST,21-07-04-m-005,114,NEU,0.0871,0.0049,0.908,0.0822
ST,21-07-04-m-005,115,NEU,0.116,0.0022,0.8818,0.1138
ST,21-07-04-m-005,116,NEU,0.0228,0.0063,0.9709,0.0165
ST,21-07-04-m-005,117,NEU,0.1506,0.0029,0.8465,0.1478
ST,21-07-04-m-005,118,POS,0.9144,0.0012,0.0843,0.9132
ST,21-07-04-m-005,119,NEU,0.2143,0.0023,0.7834,0.212
ST,21-07-04-m-005,120,NEU,0.1241,0.0028,0.873,0.1213
ST,21-07-04-m-005,121,POS,0.9403,0.0016,0.0581,0.9387
ST,21-07-04-m-005,122,NEU,0.3403,0.0026,0.6572,0.3377
ST,21-07-04-m-005,123,NEU,0.2039,0.0036,0.7925,0.2003
ST,21-07-04-m-005,124,NEU,0.3006,0.0035,0.6959,0.2972
ST,21-07-04-m-005,125,POS,0.8478,0.0016,0.1506,0.8461
ST,21-07-04-m-005,126,POS,0.5179,0.0064,0.4756,0.5115
ST,21-07-04-m-005,127,NEU,0.0122,0.119,0.8688,-0.1068
ST,21-07-04-m-005,128,NEU,0.251,0.0023,0.7468,0.2487
ST,21-07-04-m-005,129,NEU,0.0276,0.0047,0.9677,0.0229
ST,21-07-04-m-005,130,NEG,0.0062,0.5411,0.4527,-0.5349
ST,21-07-04-m-005,131,POS,0.7661,0.0023,0.2316,0.7638
ST,21-07-04-m-005,132,NEU,0.025,0.0043,0.9706,0.0207
ST,21-07-04-m-005,133,NEU,0.2103,0.0034,0.7863,0.207
ST,21-07-04-m-005,134,POS,0.9869,0.0013,0.0118,0.9857
ST,21-07-04-m-005,135,NEU,0.3193,0.0037,0.677,0.3157
ST,21-07-04-m-005,136,POS,0.9251,0.0015,0.0734,0.9236
ST,21-07-04-m-005,137,POS,0.8538,0.0039,0.1423,0.8498
ST,21-07-04-m-005,138,NEU,0.1567,0.0025,0.8407,0.1542
ST,21-07-04-m-005,139,NEU,0.0464,0.0048,0.9488,0.0416
ST,21-07-04-m-005,140,POS,0.6269,0.0027,0.3704,0.6241
ST,21-07-04-m-005,141,NEU,0.0379,0.003,0.959,0.0349
ST,21-07-04-m-005,142,POS,0.8626,0.0015,0.1358,0.8611
ST,21-07-04-m-005,143,POS,0.9855,0.0015,0.0131,0.984
ST,21-07-04-m-005,144,POS,0.8231,0.0021,0.1748,0.8211
ST,21-07-04-m-005,145,POS,0.9879,0.0012,0.0109,0.9868
ST,21-07-04-m-005,146,POS,0.9713,0.0013,0.0274,0.97
ST,21-07-04-m-005,147,POS,0.9717,0.0016,0.0267,0.9701
ST,21-07-04-m-005,148,POS,0.9788,0.0011,0.0201,0.9777
ST,21-07-04-m-005,149,POS,0.985,0.0013,0.0137,0.9836
ST,21-07-04-m-005,150,POS,0.988,0.0012,0.0108,0.9868
ST,21-07-04-m-005,151,NEU,0.0173,0.007,0.9757,0.0104
ST,21-07-04-m-005,152,POS,0.9859,0.0012,0.0129,0.9846
ST,21-07-04-m-005,153,POS,0.99,0.0015,0.0084,0.9885
ST,21-07-04-m-005,154,POS,0.5938,0.004,0.4021,0.5898
ST,21-07-04-m-005,155,POS,0.9897,0.0015,0.0088,0.9883
ST,21-07-04-m-005,156,NEU,0.1557,0.0461,0.7983,0.1096
ST,21-07-04-m-005,157,NEG,0.0032,0.8819,0.1149,-0.8787
ST,21-07-04-m-005,158,NEU,0.01,0.3453,0.6446,-0.3353
ST,21-07-04-m-005,159,NEU,0.0252,0.3298,0.645,-0.3046
ST,21-07-04-m-005,160,POS,0.8499,0.002,0.148,0.8479
ST,21-07-04-m-005,161,NEU,0.0802,0.0282,0.8916,0.052
ST,21-07-04-m-005,162,NEU,0.1791,0.003,0.818,0.1761
ST,21-07-04-m-005,163,POS,0.9928,0.0019,0.0053,0.9909
ST,21-07-04-m-005,164,POS,0.9614,0.0012,0.0374,0.9602
ST,21-07-04-m-005,165,POS,0.983,0.0019,0.0151,0.9811
ST,21-07-04-m-005,166,POS,0.9837,0.0012,0.0152,0.9825
ST,21-07-04-m-005,167,POS,0.9914,0.0014,0.0071,0.99
ST,21-07-04-m-005,168,POS,0.9697,0.0015,0.0288,0.9681
ST,21-07-04-m-005,169,POS,0.5284,0.0327,0.4388,0.4957
ST,21-07-04-m-009,0,POS,0.9899,0.0013,0.0087,0.9886
ST,21-07-04-m-009,1,POS,0.5864,0.0024,0.4112,0.5839
ST,21-07-04-m-009,2,POS,0.9889,0.0015,0.0096,0.9874
ST,21-07-04-m-009,3,NEU,0.0475,0.0072,0.9453,0.0403
ST,21-07-04-m-009,4,POS,0.6695,0.0064,0.3241,0.6631
ST,21-07-04-m-009,5,NEU,0.1699,0.0053,0.8248,0.1645
ST,21-07-04-m-009,6,POS,0.7878,0.0037,0.2085,0.7841
ST,21-07-04-m-009,7,POS,0.6909,0.0053,0.3039,0.6856
ST,21-07-04-m-009,8,POS,0.9684,0.002,0.0296,0.9664
ST,21-07-04-m-009,9,POS,0.9638,0.0015,0.0347,0.9624
ST,21-07-04-m-009,10,NEU,0.0542,0.0585,0.8872,-0.0043
ST,21-07-04-m-009,11,NEU,0.0096,0.0621,0.9283,-0.0525
ST,21-07-04-m-009,12,NEU,0.141,0.0053,0.8538,0.1357
ST,21-07-04-m-009,13,POS,0.9819,0.0013,0.0167,0.9806
ST,21-07-04-m-009,14,NEG,0.0049,0.621,0.3741,-0.6161
ST,21-07-04-m-009,15,NEU,0.0937,0.0153,0.891,0.0784
ST,21-07-04-m-009,16,NEU,0.0956,0.014,0.8905,0.0816
ST,21-07-04-m-009,17,NEG,0.003,0.8969,0.1001,-0.8939
ST,21-07-04-m-009,18,NEU,0.0079,0.3683,0.6238,-0.3604
ST,21-07-04-m-009,19,POS,0.5284,0.0327,0.4388,0.4957
ST,21-07-04-m-013,0,POS,0.9807,0.0016,0.0177,0.9792
ST,21-07-04-m-013,1,POS,0.9908,0.0014,0.0078,0.9893
ST,21-07-04-m-013,2,POS,0.8172,0.0018,0.181,0.8154
ST,21-07-04-m-013,3,POS,0.5233,0.0034,0.4733,0.5199
ST,21-07-04-m-013,4,POS,0.5799,0.0074,0.4127,0.5725
ST,21-07-04-m-013,5,NEU,0.4886,0.0039,0.5075,0.4847
ST,21-07-04-m-013,6,POS,0.9877,0.0013,0.0111,0.9864
ST,21-07-04-m-013,7,POS,0.6537,0.002,0.3443,0.6517
ST,21-07-04-m-013,8,POS,0.6679,0.0021,0.3299,0.6658
ST,21-07-04-m-013,9,POS,0.9694,0.0013,0.0293,0.968
ST,21-07-04-m-013,10,NEU,0.0844,0.0208,0.8948,0.0636
ST,21-07-04-m-013,11,POS,0.9216,0.0018,0.0767,0.9198
ST,21-07-04-m-013,12,POS,0.9295,0.0015,0.069,0.9281
ST,21-07-04-m-013,13,NEU,0.2666,0.0029,0.7306,0.2637
ST,21-07-04-m-013,14,POS,0.919,0.0012,0.0798,0.9177
ST,21-07-04-m-013,15,NEU,0.0469,0.0521,0.901,-0.0052
ST,21-07-04-m-013,16,POS,0.9875,0.0012,0.0113,0.9863
ST,21-07-04-m-013,17,NEU,0.0239,0.0252,0.9508,-0.0013
ST,21-07-04-m-013,18,POS,0.9927,0.0017,0.0056,0.9909
ST,21-07-04-m-013,19,POS,0.7196,0.0045,0.2758,0.7151
ST,21-07-04-m-013,20,POS,0.9611,0.0021,0.0368,0.959
ST,21-07-04-m-013,21,POS,0.8763,0.0021,0.1216,0.8741
ST,21-07-04-m-013,22,POS,0.8548,0.0035,0.1417,0.8513
ST,21-07-04-m-015,0,POS,0.9708,0.0014,0.0277,0.9694
ST,21-07-04-m-015,1,POS,0.9872,0.0012,0.0116,0.986
ST,21-07-04-m-015,2,POS,0.9701,0.0023,0.0276,0.9677
ST,21-07-04-m-015,3,POS,0.9878,0.0011,0.0111,0.9868
ST,21-07-04-m-015,4,POS,0.8876,0.0012,0.1112,0.8864
ST,21-07-04-m-015,5,POS,0.9449,0.0011,0.054,0.9438
ST,21-07-04-m-015,6,POS,0.9805,0.0013,0.0182,0.9792
ST,21-07-04-m-015,7,NEU,0.0113,0.2462,0.7425,-0.2349
ST,21-07-04-m-015,8,POS,0.9834,0.0012,0.0154,0.9823
ST,21-07-04-m-015,9,POS,0.9662,0.0014,0.0325,0.9648
ST,21-07-04-m-015,10,POS,0.6985,0.0073,0.2941,0.6912
ST,21-07-04-m-015,11,NEU,0.0374,0.0515,0.9111,-0.0142
ST,21-07-04-m-015,12,NEU,0.034,0.0076,0.9584,0.0264
ST,21-07-04-m-015,13,NEU,0.471,0.003,0.526,0.4681
ST,21-07-04-m-015,14,NEU,0.1573,0.0348,0.8079,0.1225
ST,21-07-04-m-015,15,NEU,0.0205,0.1658,0.8136,-0.1453
ST,21-07-04-m-015,16,NEU,0.0139,0.4788,0.5073,-0.4648
ST,21-07-04-m-015,17,NEU,0.0111,0.0228,0.9662,-0.0117
ST,21-07-04-m-015,18,POS,0.8937,0.0016,0.1048,0.8921
ST,21-07-04-m-015,19,NEU,0.0478,0.0122,0.94,0.0355
ST,21-07-04-m-015,20,NEG,0.0032,0.9718,0.0249,-0.9686
ST,21-07-04-m-015,21,NEU,0.0054,0.4679,0.5267,-0.4624
ST,21-07-04-m-015,22,NEG,0.0024,0.9661,0.0315,-0.9637
ST,21-07-04-m-015,23,POS,0.991,0.0016,0.0074,0.9894
ST,21-07-04-m-015,24,NEU,0.0098,0.1188,0.8714,-0.109
ST,21-07-04-m-015,25,POS,0.9883,0.0017,0.01,0.9866
ST,21-07-04-m-015,26,POS,0.9705,0.0011,0.0284,0.9694
ST,21-07-04-m-015,27,NEU,0.4529,0.0036,0.5435,0.4493
ST,21-07-04-m-015,28,NEU,0.0484,0.0058,0.9459,0.0426
ST,21-07-04-m-015,29,POS,0.9594,0.0016,0.039,0.9578
ST,21-07-04-m-015,30,POS,0.9906,0.0015,0.0079,0.9891
ST,21-07-04-m-015,31,NEU,0.4504,0.0023,0.5473,0.4481
ST,21-07-04-m-015,32,NEU,0.0261,0.0359,0.938,-0.0098
ST,21-07-04-m-015,33,POS,0.9433,0.0015,0.0552,0.9418
ST,21-07-04-m-015,34,POS,0.9915,0.0016,0.0068,0.9899
ST,21-07-04-m-015,35,POS,0.9895,0.0018,0.0087,0.9878
ST,21-07-04-m-016,0,POS,0.9908,0.0015,0.0077,0.9894
ST,21-07-04-m-016,1,POS,0.9483,0.0025,0.0492,0.9458
ST,21-07-04-m-016,2,POS,0.9718,0.0014,0.0268,0.9704
ST,21-07-04-m-016,3,POS,0.9649,0.0012,0.0339,0.9637
ST,21-07-04-m-016,4,NEG,0.0031,0.9612,0.0357,-0.958
ST,21-07-04-m-016,5,NEG,0.0025,0.9422,0.0553,-0.9396
ST,21-07-04-m-016,6,NEG,0.0033,0.9081,0.0886,-0.9048
ST,21-07-04-m-016,7,NEG,0.0024,0.9701,0.0275,-0.9677
ST,21-07-04-m-016,8,NEU,0.1754,0.015,0.8096,0.1605
ST,21-07-04-m-016,9,NEG,0.0063,0.5257,0.4679,-0.5194
ST,21-07-04-m-016,10,NEU,0.4637,0.0043,0.532,0.4595
ST,21-07-04-m-016,11,NEU,0.1035,0.2302,0.6662,-0.1267
ST,21-07-04-m-016,12,NEG,0.0127,0.5125,0.4747,-0.4998
ST,21-07-04-m-016,13,POS,0.8548,0.0035,0.1417,0.8513
ST,21-07-04-m-017,0,NEU,0.0257,0.0138,0.9605,0.0119
ST,21-07-04-m-017,1,NEU,0.035,0.0311,0.9339,0.0039
ST,21-07-04-m-017,2,NEU,0.0854,0.0245,0.89,0.0609
ST,21-07-04-m-017,3,NEU,0.0483,0.0189,0.9328,0.0293
ST,21-07-04-m-017,4,NEU,0.0459,0.0166,0.9375,0.0294
ST,21-07-04-m-017,5,POS,0.9887,0.0011,0.0102,0.9876
ST,21-07-04-m-017,6,POS,0.9301,0.0015,0.0685,0.9286
ST,21-07-04-m-017,7,NEU,0.039,0.0564,0.9046,-0.0175
ST,21-07-04-m-017,8,NEU,0.0282,0.205,0.7668,-0.1767
ST,21-07-04-m-017,9,POS,0.623,0.0031,0.3739,0.6199
ST,21-07-04-m-017,10,NEU,0.1609,0.0031,0.8361,0.1578
ST,21-07-04-m-017,11,NEG,0.0041,0.9361,0.0598,-0.932
ST,21-07-04-m-017,12,POS,0.8596,0.0022,0.1382,0.8574
ST,21-07-04-m-017,13,POS,0.8548,0.0035,0.1417,0.8513
ST,21-07-04-m-019,0,POS,0.9588,0.0023,0.0389,0.9565
ST,21-07-04-m-019,1,NEU,0.0384,0.0147,0.9469,0.0238
ST,21-07-04-m-019,2,POS,0.7239,0.0031,0.273,0.7208
ST,21-07-04-m-019,3,NEU,0.29,0.0024,0.7077,0.2876
ST,21-07-04-m-019,4,POS,0.969,0.0011,0.0299,0.9679
ST,21-07-04-m-019,5,NEU,0.1294,0.0054,0.8652,0.124
ST,21-07-04-m-019,6,NEU,0.0176,0.4784,0.504,-0.4608
ST,21-07-04-m-019,7,POS,0.9623,0.0016,0.0361,0.9607
ST,21-07-04-m-019,8,POS,0.586,0.0025,0.4115,0.5835
ST,21-07-04-m-020,0,POS,0.9897,0.0013,0.009,0.9884
ST,21-07-04-m-020,1,POS,0.9319,0.002,0.0661,0.9299
ST,21-07-04-m-020,2,POS,0.5218,0.0031,0.4752,0.5187
ST,21-07-04-m-020,3,NEG,0.0031,0.9339,0.063,-0.9308
ST,21-07-04-m-020,4,NEU,0.0204,0.0319,0.9477,-0.0115
ST,21-07-04-m-020,5,POS,0.9929,0.0019,0.0053,0.991
ST,21-07-04-m-020,6,POS,0.711,0.0018,0.2872,0.7092
ST,21-07-04-m-020,7,NEU,0.0368,0.0173,0.9459,0.0195
ST,21-07-04-m-020,8,NEU,0.2475,0.0089,0.7436,0.2387
ST,21-07-04-m-020,9,NEU,0.0312,0.0104,0.9585,0.0208
ST,21-07-04-m-020,10,NEU,0.0192,0.0517,0.9291,-0.0324
ST,21-07-04-m-020,11,NEG,0.0119,0.5411,0.447,-0.5291
ST,21-07-04-m-020,12,POS,0.8848,0.0025,0.1127,0.8823
ST,21-07-04-m-020,13,NEU,0.0664,0.0099,0.9237,0.0565
ST,21-07-04-m-020,14,POS,0.9885,0.0015,0.0101,0.987
ST,21-07-04-m-020,15,NEU,0.1265,0.0084,0.8651,0.1181
ST,21-07-04-m-020,16,POS,0.7081,0.0039,0.288,0.7042
ST,21-07-04-m-020,17,POS,0.6068,0.002,0.3912,0.6048
ST,21-07-04-m-022,0,POS,0.9366,0.0016,0.0618,0.935
ST,21-07-04-m-022,1,NEU,0.018,0.0411,0.9409,-0.0231
ST,21-07-04-m-022,2,POS,0.9416,0.0015,0.0569,0.9402
ST,21-07-04-m-022,3,POS,0.6097,0.0087,0.3816,0.601
ST,21-07-04-m-022,4,NEU,0.0321,0.2207,0.7472,-0.1885
ST,21-07-04-m-022,5,NEU,0.0206,0.1974,0.782,-0.1767
ST,21-07-04-m-022,6,NEG,0.0028,0.9733,0.0239,-0.9706
ST,21-07-04-m-022,7,NEG,0.0052,0.8565,0.1383,-0.8513
ST,21-07-04-m-022,8,NEG,0.0032,0.9655,0.0313,-0.9623
ST,21-07-04-m-022,9,NEU,0.1099,0.0506,0.8394,0.0593
ST,21-07-04-m-022,10,NEU,0.4182,0.0037,0.5782,0.4145
ST,21-07-04-m-022,11,POS,0.7223,0.0311,0.2466,0.6912
ST,21-07-04-m-022,12,NEG,0.0025,0.9669,0.0306,-0.9643
ST,21-07-04-m-026,0,NEU,0.0566,0.0212,0.9223,0.0354
ST,21-07-04-m-026,1,NEU,0.0533,0.0174,0.9292,0.0359
ST,21-07-04-m-026,2,NEU,0.0479,0.0142,0.9379,0.0338
ST,21-07-04-m-026,3,NEU,0.0371,0.0155,0.9474,0.0215
ST,21-07-04-m-026,4,POS,0.9888,0.0012,0.0099,0.9876
ST,21-07-04-m-026,5,NEU,0.0288,0.0089,0.9623,0.02
ST,21-07-04-m-026,6,POS,0.9779,0.0011,0.021,0.9768
ST,21-07-04-m-026,7,POS,0.9621,0.0011,0.0367,0.961
ST,21-07-04-m-026,8,NEG,0.0038,0.8375,0.1587,-0.8336
ST,21-07-04-m-026,9,NEG,0.0039,0.7936,0.2026,-0.7897
ST,21-07-04-m-026,10,NEU,0.0216,0.0085,0.9699,0.013
ST,21-07-04-m-026,11,NEU,0.0509,0.0224,0.9268,0.0285
ST,21-07-04-m-027,0,NEG,0.0025,0.962,0.0354,-0.9595
ST,21-07-04-m-027,1,NEU,0.2846,0.0031,0.7123,0.2815
ST,21-07-04-m-027,2,NEG,0.0037,0.8831,0.1132,-0.8794
ST,21-07-04-m-027,3,NEU,0.0271,0.0422,0.9307,-0.0151
ST,21-07-04-m-027,4,NEU,0.0218,0.0278,0.9504,-0.006
ST,21-07-04-m-027,5,NEG,0.009,0.616,0.375,-0.6069
ST,21-07-04-m-027,6,NEU,0.3595,0.0032,0.6374,0.3563
ST,21-07-04-m-027,7,NEU,0.0103,0.3534,0.6363,-0.3432
ST,21-07-04-m-027,8,NEU,0.0093,0.2323,0.7584,-0.223
ST,21-07-04-m-027,9,POS,0.8496,0.0017,0.1486,0.8479
ST,21-07-04-m-027,10,NEU,0.111,0.0053,0.8837,0.1057
ST,21-07-04-m-027,11,POS,0.9568,0.0012,0.0421,0.9556
ST,21-07-04-m-027,12,NEU,0.0903,0.0298,0.88,0.0605
ST,21-07-04-m-027,13,NEU,0.0128,0.0329,0.9543,-0.0201
ST,21-07-04-m-027,14,NEU,0.0358,0.0111,0.953,0.0247
ST,21-07-04-m-027,15,NEU,0.0125,0.2146,0.7729,-0.202
ST,21-07-04-m-027,16,NEG,0.0031,0.9515,0.0454,-0.9484
ST,21-07-04-m-027,17,POS,0.9676,0.0013,0.0311,0.9663
ST,21-07-04-m-027,18,POS,0.9723,0.0011,0.0266,0.9711
ST,21-07-04-m-027,19,POS,0.6845,0.0027,0.3127,0.6818
ST,21-07-04-m-027,20,NEU,0.273,0.0075,0.7195,0.2655
ST,21-07-04-m-027,21,POS,0.9378,0.0015,0.0607,0.9364
ST,21-07-04-m-033,0,POS,0.6204,0.0027,0.3769,0.6177
ST,21-07-04-m-033,1,NEU,0.0126,0.0953,0.8921,-0.0827
ST,21-07-04-m-033,2,POS,0.8397,0.0029,0.1573,0.8368
ST,21-07-04-m-033,3,POS,0.9732,0.0016,0.0253,0.9716
ST,21-07-04-m-033,4,POS,0.9815,0.0012,0.0173,0.9803
ST,21-07-04-m-033,5,POS,0.8932,0.0022,0.1046,0.891
ST,21-07-04-m-033,6,POS,0.975,0.0014,0.0236,0.9736
ST,21-07-04-m-033,7,NEU,0.0145,0.1161,0.8694,-0.1016
ST,21-07-04-m-033,8,NEU,0.0364,0.0204,0.9432,0.016
ST,21-07-04-m-033,9,POS,0.9749,0.0014,0.0236,0.9735
ST,21-07-04-m-033,10,POS,0.9643,0.0013,0.0344,0.963
ST,21-07-04-m-033,11,NEU,0.0197,0.2139,0.7664,-0.1942
ST,21-07-04-m-033,12,NEU,0.1741,0.0338,0.7921,0.1403
ST,21-07-04-m-033,13,NEU,0.1465,0.0095,0.8441,0.137
ST,21-07-04-m-033,14,NEU,0.0358,0.0059,0.9583,0.0299
ST,21-07-04-m-033,15,NEU,0.0593,0.0192,0.9215,0.0401
ST,21-07-04-m-033,16,POS,0.7392,0.0027,0.2581,0.7365
ST,21-07-04-m-033,17,POS,0.6621,0.0028,0.3351,0.6593
ST,21-07-04-m-033,18,NEU,0.0206,0.0197,0.9597,0.0009
ST,21-07-04-m-033,19,NEG,0.0051,0.6951,0.2998,-0.69
ST,21-07-04-m-033,20,POS,0.9144,0.0018,0.0837,0.9126
ST,21-07-04-m-033,21,NEU,0.1462,0.0071,0.8467,0.1391
ST,21-07-04-m-033,22,NEU,0.0161,0.0115,0.9723,0.0046
ST,21-07-04-m-033,23,NEU,0.0097,0.024,0.9663,-0.0143
ST,21-07-04-m-033,24,NEU,0.0764,0.0045,0.9192,0.0719
ST,21-07-04-m-033,25,NEU,0.0129,0.0508,0.9363,-0.0379
ST,21-07-04-m-033,26,POS,0.9835,0.0011,0.0154,0.9825
ST,21-07-04-m-033,27,NEU,0.0225,0.0338,0.9437,-0.0114
ST,21-07-04-m-033,28,NEU,0.383,0.0023,0.6147,0.3807
ST,21-07-04-m-033,29,NEU,0.135,0.0029,0.8621,0.1321
ST,21-07-04-m-033,30,NEU,0.1786,0.003,0.8184,0.1756
ST,21-07-04-m-033,31,NEU,0.0473,0.0036,0.9491,0.0436
ST,21-07-04-m-033,32,NEG,0.0055,0.7473,0.2472,-0.7418
ST,21-07-04-m-033,33,NEG,0.0035,0.9357,0.0607,-0.9322
ST,21-07-04-m-033,34,NEU,0.0306,0.0069,0.9624,0.0237
ST,21-07-04-m-033,35,POS,0.9807,0.0015,0.0178,0.9791
ST,21-07-04-m-033,36,POS,0.9684,0.0014,0.0302,0.967
ST,21-07-04-m-033,37,POS,0.9854,0.0013,0.0133,0.9842
ST,21-07-04-m-033,38,NEU,0.0516,0.0029,0.9455,0.0487
ST,21-07-04-m-033,39,NEU,0.1198,0.0445,0.8357,0.0753
ST,21-07-04-m-033,40,POS,0.5609,0.0047,0.4344,0.5562
ST,21-07-04-m-033,41,NEU,0.0327,0.0382,0.9291,-0.0055
ST,21-07-04-m-033,42,NEU,0.0278,0.0521,0.9201,-0.0243
ST,21-07-04-m-033,43,POS,0.7786,0.0018,0.2196,0.7767
ST,21-07-04-m-033,44,NEG,0.0064,0.5705,0.423,-0.5641
ST,21-07-04-m-033,45,POS,0.9373,0.0017,0.061,0.9357
ST,21-07-04-m-033,46,POS,0.9096,0.0015,0.0889,0.9082
ST,21-07-04-m-033,47,NEU,0.0232,0.0285,0.9483,-0.0053
ST,21-07-04-m-033,48,POS,0.862,0.0022,0.1358,0.8598
ST,21-07-04-m-033,49,NEU,0.1742,0.0049,0.8208,0.1693
ST,21-07-04-m-033,50,NEU,0.0168,0.0158,0.9674,0.001
ST,21-07-04-m-033,51,POS,0.9892,0.0015,0.0092,0.9877
ST,21-07-04-m-033,52,NEU,0.0213,0.0061,0.9726,0.0152
ST,21-07-04-m-033,53,NEU,0.1265,0.0708,0.8027,0.0556
ST,21-07-04-m-033,54,NEU,0.1408,0.0029,0.8563,0.1379
ST,21-07-04-m-033,55,NEU,0.3415,0.007,0.6515,0.3345
ST,21-07-04-m-033,56,NEU,0.0506,0.0034,0.9461,0.0472
ST,21-07-04-m-033,57,NEU,0.0176,0.0269,0.9555,-0.0094
ST,21-07-04-m-033,58,POS,0.5549,0.0028,0.4423,0.5522
ST,21-07-04-m-033,59,POS,0.9822,0.0011,0.0166,0.9811
ST,21-07-04-m-033,60,NEU,0.0162,0.0127,0.9712,0.0035
ST,21-07-04-m-033,61,POS,0.8362,0.0016,0.1622,0.8346
ST,21-07-04-m-033,62,POS,0.9364,0.0016,0.062,0.9348
ST,21-07-04-m-033,63,POS,0.8051,0.0032,0.1917,0.8019
ST,21-07-04-m-033,64,NEU,0.144,0.0034,0.8526,0.1407
ST,21-07-04-m-033,65,NEU,0.0505,0.0067,0.9428,0.0438
ST,21-07-04-m-033,66,POS,0.9885,0.0013,0.0102,0.9873
ST,21-07-04-m-033,67,POS,0.572,0.0104,0.4176,0.5616
ST,21-07-04-m-033,68,POS,0.8351,0.0037,0.1612,0.8315
ST,21-07-04-m-033,69,POS,0.9765,0.0012,0.0223,0.9753
ST,21-07-04-m-033,70,NEU,0.0323,0.016,0.9516,0.0163
ST,21-07-04-m-033,71,NEU,0.1245,0.01,0.8655,0.1145
ST,21-07-04-m-033,72,NEG,0.0057,0.7656,0.2286,-0.7599
ST,21-07-04-m-033,73,NEU,0.2169,0.0046,0.7785,0.2123
ST,21-07-04-m-033,74,NEU,0.0313,0.035,0.9337,-0.0038
ST,21-07-04-m-033,75,POS,0.5837,0.0043,0.412,0.5793
ST,21-07-04-m-033,76,NEU,0.0509,0.007,0.9421,0.0439
ST,21-07-04-m-033,77,NEG,0.0058,0.5573,0.4369,-0.5515
ST,21-07-04-m-033,78,POS,0.991,0.0017,0.0073,0.9893
ST,21-07-04-m-033,79,POS,0.9727,0.0011,0.0262,0.9716
ST,21-07-04-m-033,80,NEU,0.0681,0.0045,0.9274,0.0636
ST,21-07-04-m-033,81,NEU,0.3382,0.0035,0.6583,0.3347
ST,21-07-04-m-033,82,POS,0.9271,0.0015,0.0713,0.9256
ST,21-07-04-m-033,83,POS,0.9216,0.0015,0.0769,0.9201
ST,21-07-04-m-033,84,NEU,0.0602,0.0036,0.9362,0.0565
ST,21-07-04-m-033,85,POS,0.9788,0.0015,0.0197,0.9773
ST,21-07-04-m-033,86,POS,0.9852,0.0014,0.0134,0.9838
ST,21-07-04-m-033,87,POS,0.9827,0.0011,0.0162,0.9815
ST,21-07-04-m-033,88,POS,0.9872,0.0011,0.0117,0.986
ST,21-07-04-m-033,89,NEU,0.0714,0.0096,0.9189,0.0618
ST,21-07-04-m-033,90,POS,0.5284,0.0327,0.4388,0.4957
ST,26-02-04-m-008,0,POS,0.6896,0.0056,0.3048,0.6839
ST,26-02-04-m-008,1,NEU,0.0183,0.0718,0.9099,-0.0535
ST,26-02-04-m-008,2,NEG,0.0031,0.9603,0.0366,-0.9572
ST,26-02-04-m-008,3,NEU,0.0431,0.2133,0.7436,-0.1702
ST,26-02-04-m-008,4,POS,0.6301,0.003,0.3669,0.6272
ST,26-02-04-m-008,5,POS,0.8527,0.002,0.1453,0.8507
ST,26-02-04-m-008,6,NEU,0.3483,0.0024,0.6493,0.3459
ST,26-02-04-m-008,7,NEG,0.0175,0.5542,0.4283,-0.5366
ST,26-02-04-m-008,8,NEU,0.0206,0.1006,0.8788,-0.08
ST,26-02-04-m-008,9,NEU,0.4196,0.0023,0.5781,0.4174
ST,26-02-04-m-008,10,NEU,0.1705,0.0029,0.8267,0.1676
ST,26-02-04-m-008,11,NEU,0.0226,0.0048,0.9725,0.0178
ST,26-02-04-m-008,12,POS,0.804,0.0017,0.1943,0.8022
ST,26-02-04-m-008,13,NEU,0.0202,0.0095,0.9703,0.0107
ST,26-02-04-m-008,14,POS,0.7044,0.0029,0.2927,0.7015
ST,26-02-04-m-008,15,POS,0.8343,0.0016,0.1641,0.8327
ST,26-02-04-m-008,16,POS,0.6117,0.0025,0.3858,0.6091
ST,26-02-04-m-008,17,NEU,0.0103,0.1989,0.7908,-0.1885
ST,26-02-04-m-008,18,POS,0.5807,0.0046,0.4147,0.5761
ST,26-02-04-m-008,19,NEU,0.0482,0.0115,0.9403,0.0366
ST,26-02-04-m-008,20,NEU,0.0504,0.0043,0.9453,0.0462
ST,26-02-04-m-008,21,NEU,0.3234,0.0056,0.671,0.3178
ST,26-02-04-m-008,22,NEU,0.0541,0.0066,0.9392,0.0475
ST,26-02-04-m-008,23,NEU,0.0072,0.496,0.4968,-0.4887
ST,26-02-04-m-008,24,NEU,0.0053,0.3683,0.6265,-0.363
ST,26-02-04-m-008,25,POS,0.8818,0.0015,0.1167,0.8803
ST,26-02-04-m-008,26,POS,0.9684,0.0014,0.0302,0.9669
ST,26-02-04-m-008,27,NEU,0.0632,0.0039,0.9329,0.0592
ST,26-02-04-m-008,28,POS,0.8508,0.0016,0.1475,0.8492
ST,26-02-04-m-008,29,POS,0.8146,0.0019,0.1835,0.8128
ST,26-02-04-m-008,30,NEU,0.0721,0.0099,0.9181,0.0622
ST,26-02-04-m-008,31,NEU,0.0366,0.0133,0.9501,0.0233
ST,26-02-04-m-008,32,NEG,0.004,0.7898,0.2063,-0.7858
ST,26-02-04-m-008,33,POS,0.8055,0.0017,0.1928,0.8039
ST,26-02-04-m-008,34,NEU,0.3728,0.0024,0.6249,0.3704
ST,26-02-04-m-008,35,POS,0.8102,0.0021,0.1876,0.8081
ST,26-02-04-m-008,36,POS,0.9909,0.0014,0.0077,0.9895
ST,26-02-04-m-020,0,NEU,0.1653,0.0268,0.8079,0.1385
ST,26-02-04-m-020,1,POS,0.9757,0.0013,0.0231,0.9744
ST,26-02-04-m-020,2,POS,0.9406,0.0015,0.0579,0.9392
ST,26-02-04-m-020,3,NEU,0.0155,0.4056,0.5789,-0.39
ST,26-02-04-m-020,4,POS,0.8835,0.0023,0.1142,0.8811
ST,26-02-04-m-020,5,NEG,0.0032,0.8496,0.1473,-0.8464
ST,26-02-04-m-020,6,NEU,0.0161,0.2186,0.7652,-0.2025
ST,26-02-04-m-020,7,NEG,0.0041,0.8497,0.1461,-0.8456
ST,26-02-04-m-020,8,NEU,0.019,0.0067,0.9743,0.0124
ST,26-02-04-m-020,9,NEU,0.072,0.0042,0.9238,0.0678
ST,26-02-04-m-020,10,NEU,0.0297,0.1124,0.8579,-0.0828
ST,26-02-04-m-020,11,NEG,0.0028,0.8503,0.147,-0.8475
ST,26-02-04-m-020,12,POS,0.8548,0.0035,0.1417,0.8513
ST,26-02-04-m-032,0,NEU,0.1653,0.0268,0.8079,0.1385
ST,26-02-04-m-032,1,POS,0.9925,0.0018,0.0056,0.9907
ST,26-02-04-m-032,2,POS,0.9433,0.0013,0.0554,0.9419
ST,26-02-04-m-032,3,NEU,0.1046,0.0123,0.8831,0.0923
ST,26-02-04-m-032,4,NEU,0.3007,0.0065,0.6928,0.2942
ST,26-02-04-m-032,5,NEU,0.0102,0.0261,0.9637,-0.0159
ST,26-02-04-m-032,6,NEG,0.0031,0.9051,0.0917,-0.902
ST,26-02-04-m-032,7,POS,0.5307,0.0025,0.4667,0.5282
ST,26-02-04-m-032,8,NEU,0.1883,0.0093,0.8023,0.179
ST,26-02-04-m-032,9,NEU,0.0277,0.0481,0.9242,-0.0203
ST,26-02-04-m-032,10,NEU,0.0209,0.0047,0.9744,0.0162
ST,26-02-04-m-032,11,NEU,0.0292,0.0035,0.9673,0.0257
ST,26-02-04-m-032,12,POS,0.7786,0.0015,0.2199,0.7771
ST,26-02-04-m-032,13,POS,0.7713,0.0021,0.2265,0.7692
ST,26-02-04-m-032,14,POS,0.9876,0.0015,0.0109,0.9861
ST,26-02-04-m-032,15,NEU,0.1283,0.0033,0.8684,0.125
ST,26-02-04-m-032,16,POS,0.7217,0.0047,0.2736,0.717
ST,26-02-04-m-032,17,POS,0.8484,0.0019,0.1497,0.8465
ST,26-02-04-m-032,18,POS,0.981,0.0011,0.0179,0.9799
ST,26-02-04-m-032,19,NEU,0.3325,0.0034,0.664,0.3291
ST,26-02-04-m-032,20,POS,0.9882,0.0013,0.0105,0.987
ST,26-02-04-m-032,21,POS,0.9837,0.0011,0.0152,0.9826
ST,26-02-04-m-032,22,POS,0.9925,0.0018,0.0057,0.9908
ST,26-02-04-m-032,23,POS,0.6937,0.0023,0.304,0.6914
ST,26-02-04-m-032,24,POS,0.9916,0.0015,0.0068,0.9901
ST,26-02-04-m-032,25,NEU,0.0641,0.0038,0.9322,0.0603
ST,26-02-04-m-032,26,NEU,0.009,0.3209,0.6701,-0.3119
ST,26-02-04-m-032,27,NEU,0.0109,0.099,0.8901,-0.0881
ST,26-02-04-m-032,28,NEU,0.008,0.0947,0.8974,-0.0867
ST,26-02-04-m-032,29,NEU,0.0308,0.0053,0.9639,0.0254
ST,26-02-04-m-032,30,POS,0.8957,0.0013,0.103,0.8944
ST,26-02-04-m-032,31,POS,0.9797,0.0012,0.019,0.9785
ST,26-02-04-m-040,0,NEU,0.1653,0.0268,0.8079,0.1385
ST,26-02-04-m-040,1,NEU,0.0502,0.0177,0.9321,0.0325
ST,26-02-04-m-040,2,NEU,0.0588,0.0064,0.9348,0.0524
ST,26-02-04-m-040,3,NEG,0.0022,0.9617,0.0361,-0.9595
ST,26-02-04-m-040,4,NEU,0.0249,0.0166,0.9586,0.0083
ST,26-02-04-m-040,5,NEU,0.0061,0.3782,0.6156,-0.3721
ST,26-02-04-m-040,6,NEU,0.013,0.1367,0.8503,-0.1237
ST,26-02-04-m-040,7,NEU,0.0064,0.1854,0.8082,-0.1789
ST,26-02-04-m-040,8,NEG,0.0032,0.8039,0.193,-0.8007
ST,26-02-04-m-040,9,NEU,0.025,0.0201,0.9549,0.0048
ST,26-02-04-m-042,0,POS,0.5284,0.0327,0.4388,0.4957
ST,26-02-04-m-042,1,POS,0.6528,0.0021,0.3451,0.6507
ST,26-02-04-m-042,2,POS,0.5728,0.0041,0.4231,0.5688
ST,26-02-04-m-042,3,NEU,0.0108,0.0457,0.9435,-0.0349
ST,26-02-04-m-042,4,NEU,0.454,0.0021,0.544,0.4519
ST,26-02-04-m-042,5,NEU,0.0163,0.0271,0.9566,-0.0108
ST,26-02-04-m-042,6,NEU,0.0383,0.0091,0.9527,0.0292
ST,26-02-04-m-042,7,POS,0.8139,0.0025,0.1836,0.8114
ST,26-02-04-m-042,8,NEG,0.0028,0.9637,0.0335,-0.961
ST,26-02-04-m-042,9,NEG,0.0025,0.9491,0.0484,-0.9466
ST,26-02-04-m-042,10,NEU,0.0057,0.4359,0.5584,-0.4301
ST,26-02-04-m-042,11,NEG,0.0037,0.8611,0.1352,-0.8574
ST,26-02-04-m-042,12,NEG,0.0024,0.9585,0.0391,-0.9561
ST,26-02-04-m-042,13,NEG,0.004,0.8093,0.1867,-0.8053
ST,26-02-04-m-042,14,NEU,0.3779,0.0038,0.6183,0.3741
ST,26-02-04-m-042,15,NEG,0.0034,0.7457,0.2508,-0.7423
ST,26-02-04-m-042,16,NEU,0.0056,0.4316,0.5629,-0.426
ST,26-02-04-m-042,17,NEU,0.0077,0.4632,0.5291,-0.4555
ST,26-02-04-m-042,18,NEU,0.0212,0.0361,0.9428,-0.0149
ST,30-03-04-p-168,0,POS,0.6009,0.0025,0.3966,0.5984
ST,30-03-04-p-168,1,NEU,0.008,0.4327,0.5594,-0.4247
ST,30-03-04-p-168,2,NEG,0.0027,0.9635,0.0339,-0.9608
ST,30-03-04-p-168,3,NEG,0.0039,0.8908,0.1053,-0.8869
ST,30-03-04-p-168,4,NEG,0.0064,0.6206,0.373,-0.6141
ST,30-03-04-p-168,5,NEG,0.0026,0.8658,0.1316,-0.8632
ST,30-03-04-p-168,6,NEU,0.0198,0.0468,0.9335,-0.027
ST,30-03-04-p-168,7,NEG,0.0063,0.696,0.2978,-0.6897
ST,30-03-04-p-168,8,NEG,0.0036,0.8502,0.1462,-0.8467
ST,30-03-04-p-168,9,NEG,0.0026,0.9729,0.0245,-0.9703
ST,30-03-04-p-168,10,POS,0.9534,0.0013,0.0453,0.9521
ST,30-03-04-p-168,11,POS,0.9453,0.0014,0.0533,0.944
ST,30-03-04-p-168,12,NEU,0.0246,0.036,0.9395,-0.0114
ST,30-03-04-p-168,13,POS,0.5526,0.0026,0.4449,0.55
ST,30-03-04-p-168,14,POS,0.6759,0.0019,0.3221,0.674
ST,30-03-04-p-168,15,POS,0.518,0.0095,0.4725,0.5084
ST,30-03-04-p-168,16,NEU,0.1538,0.0026,0.8436,0.1512
ST,30-03-04-p-168,17,NEU,0.1771,0.003,0.82,0.1741
ST,30-03-04-p-168,18,POS,0.8227,0.0024,0.1749,0.8202
ST,30-03-04-p-168,19,NEU,0.4402,0.0026,0.5571,0.4376
ST,30-03-04-p-168,20,POS,0.9757,0.0012,0.0231,0.9746
ST,30-03-04-p-168,21,POS,0.7219,0.0017,0.2764,0.7203
ST,30-03-04-p-168,22,POS,0.5717,0.003,0.4254,0.5687
ST,30-03-04-p-168,23,POS,0.9775,0.0013,0.0212,0.9763
ST,30-03-04-p-168,24,NEU,0.0613,0.003,0.9357,0.0582
ST,30-03-04-p-168,25,POS,0.6391,0.0019,0.359,0.6371
ST,30-03-04-p-168,26,NEU,0.4788,0.0022,0.519,0.4766
ST,30-03-04-p-168,27,POS,0.8577,0.0015,0.1408,0.8563
ST,30-03-04-p-168,28,POS,0.9719,0.0017,0.0264,0.9702
ST,30-03-04-p-168,29,NEU,0.0917,0.0034,0.9049,0.0884
ST,30-03-04-p-168,30,POS,0.7521,0.0018,0.2461,0.7503
ST,30-03-04-p-168,31,POS,0.8019,0.0031,0.195,0.7989
ST,30-03-04-p-168,32,POS,0.6069,0.003,0.3901,0.6039
ST,30-03-04-p-168,33,POS,0.8984,0.0016,0.1001,0.8968
ST,30-03-04-p-168,34,POS,0.8837,0.0012,0.1152,0.8825
ST,30-03-04-p-168,35,NEU,0.0694,0.003,0.9276,0.0664
ST,30-03-04-p-168,36,POS,0.688,0.0026,0.3094,0.6854
ST,30-03-04-p-168,37,NEG,0.0107,0.6337,0.3556,-0.6231
ST,30-03-04-p-168,38,POS,0.9358,0.0014,0.0628,0.9344
ST,30-03-04-p-168,39,POS,0.9102,0.0018,0.088,0.9084
ST,30-03-04-p-168,40,NEU,0.1633,0.0084,0.8283,0.1549
ST,30-03-04-p-168,41,NEU,0.0394,0.0071,0.9536,0.0323
ST,30-03-04-p-168,42,NEU,0.106,0.0025,0.8915,0.1035
ST,30-03-04-p-168,43,NEU,0.0699,0.0027,0.9275,0.0672
ST,30-03-04-p-168,44,NEU,0.0921,0.0028,0.9051,0.0894
ST,30-03-04-p-168,45,NEU,0.4242,0.0044,0.5714,0.4198
ST,30-03-04-p-168,46,NEU,0.0277,0.0072,0.9651,0.0205
ST,30-03-04-p-168,47,NEU,0.0177,0.0104,0.9719,0.0073
ST,30-03-04-p-168,48,NEG,0.0042,0.7844,0.2114,-0.7801
ST,30-03-04-p-168,49,NEU,0.3293,0.0022,0.6685,0.3271
ST,30-03-04-p-168,50,POS,0.5971,0.0026,0.4003,0.5945
ST,30-03-04-p-168,51,NEU,0.1821,0.002,0.816,0.1801
ST,30-03-04-p-168,52,NEG,0.0027,0.9045,0.0927,-0.9018
ST,30-03-04-p-168,53,NEU,0.0357,0.0033,0.961,0.0324
ST,30-03-04-p-168,54,POS,0.8728,0.002,0.1252,0.8708
ST,30-03-04-p-168,55,NEU,0.0433,0.0028,0.9538,0.0405
ST,30-03-04-p-168,56,NEU,0.0721,0.0036,0.9243,0.0685
ST,30-03-04-p-168,57,NEG,0.004,0.8474,0.1486,-0.8434
ST,30-03-04-p-168,58,POS,0.5356,0.0035,0.4608,0.5321
ST,30-03-04-p-168,59,POS,0.8888,0.0015,0.1097,0.8873
ST,30-03-04-p-168,60,NEG,0.0024,0.9349,0.0627,-0.9325
ST,30-03-04-p-168,61,NEU,0.016,0.2054,0.7786,-0.1894
ST,30-03-04-p-168,62,POS,0.9607,0.0013,0.0379,0.9594
ST,30-03-04-p-168,63,POS,0.849,0.0022,0.1488,0.8468
ST,30-03-04-p-168,64,POS,0.9579,0.0014,0.0408,0.9565
ST,30-03-04-p-168,65,POS,0.9807,0.0016,0.0177,0.9792
ST,30-03-04-p-169,0,NEU,0.1653,0.0268,0.8079,0.1385
ST,30-03-04-p-169,1,POS,0.9659,0.0014,0.0327,0.9645
ST,30-03-04-p-169,2,NEU,0.4328,0.0029,0.5643,0.4299
ST,30-03-04-p-169,3,NEU,0.0107,0.0472,0.9421,-0.0365
ST,30-03-04-p-169,4,NEU,0.2856,0.0023,0.7121,0.2833
ST,30-03-04-p-169,5,NEU,0.0144,0.3083,0.6772,-0.2939
ST,30-03-04-p-169,6,NEU,0.2422,0.0026,0.7552,0.2396
ST,30-03-04-p-169,7,POS,0.842,0.0016,0.1564,0.8404
ST,30-03-04-p-169,8,POS,0.8738,0.0014,0.1248,0.8723
ST,30-03-04-p-169,9,NEU,0.4468,0.0029,0.5503,0.444
ST,30-03-04-p-169,10,NEU,0.0315,0.0047,0.9638,0.0268
ST,30-03-04-p-169,11,NEU,0.2996,0.0084,0.692,0.2912
ST,30-03-04-p-169,12,NEU,0.0113,0.1569,0.8318,-0.1455
ST,30-03-04-p-169,13,NEU,0.0297,0.2713,0.699,-0.2416
ST,30-03-04-p-169,14,NEU,0.021,0.1112,0.8678,-0.0902
ST,30-03-04-p-169,15,POS,0.8449,0.0034,0.1517,0.8415
ST,30-03-04-p-169,16,POS,0.6182,0.0031,0.3787,0.6152
ST,30-03-04-p-169,17,NEG,0.0065,0.8379,0.1556,-0.8314
ST,30-03-04-p-169,18,NEG,0.0033,0.9109,0.0858,-0.9076
ST,30-03-04-p-169,19,NEU,0.1815,0.0151,0.8034,0.1665
ST,30-03-04-p-169,20,NEU,0.0146,0.1678,0.8176,-0.1533
ST,30-03-04-p-169,21,NEU,0.0118,0.0461,0.9421,-0.0344
ST,30-03-04-p-169,22,NEG,0.004,0.9057,0.0903,-0.9017
ST,30-03-04-p-169,23,NEG,0.0035,0.9675,0.029,-0.9639
ST,30-03-04-p-169,24,NEG,0.0026,0.925,0.0724,-0.9224
ST,30-03-04-p-169,25,NEG,0.0032,0.9733,0.0235,-0.97
ST,30-03-04-p-169,26,NEG,0.003,0.9624,0.0346,-0.9594
ST,30-03-04-p-169,27,NEU,0.0158,0.0201,0.9641,-0.0043
ST,30-03-04-p-169,28,NEG,0.0028,0.9616,0.0356,-0.9588
ST,30-03-04-p-169,29,NEU,0.0707,0.0095,0.9198,0.0613
ST,30-03-04-p-169,30,NEU,0.0172,0.1137,0.8692,-0.0965
ST,30-03-04-p-169,31,NEU,0.0505,0.044,0.9055,0.0065
ST,30-03-04-p-169,32,NEG,0.0035,0.8682,0.1283,-0.8648
ST,30-03-04-p-169,33,NEG,0.0054,0.7884,0.2063,-0.783
ST,30-03-04-p-169,34,NEU,0.3317,0.0076,0.6607,0.3241
ST,30-03-04-p-169,35,POS,0.982,0.0011,0.0169,0.9808
ST,30-03-04-p-169,36,POS,0.8782,0.0016,0.1202,0.8766
ST,30-03-04-p-169,37,POS,0.9909,0.0015,0.0076,0.9894
ST,30-03-04-p-169,38,POS,0.7868,0.0032,0.21,0.7836
ST,30-03-04-p-169,39,NEG,0.0051,0.5338,0.4611,-0.5288
ST,30-03-04-p-169,40,NEU,0.0095,0.3468,0.6437,-0.3372
ST,30-03-04-p-169,41,NEU,0.1324,0.0043,0.8633,0.128
ST,30-03-04-p-169,42,NEU,0.056,0.0046,0.9394,0.0514
ST,30-03-04-p-169,43,NEU,0.092,0.0051,0.9029,0.0869
ST,30-03-04-p-169,44,POS,0.8985,0.0021,0.0994,0.8964
ST,30-03-04-p-169,45,POS,0.631,0.0024,0.3665,0.6286
ST,30-03-04-p-169,46,NEU,0.0329,0.0052,0.9618,0.0277
ST,30-03-04-p-169,47,NEU,0.0445,0.0947,0.8607,-0.0502
ST,30-03-04-p-169,48,NEU,0.0109,0.0373,0.9518,-0.0264
ST,30-03-04-p-169,49,NEU,0.0181,0.0097,0.9722,0.0084
ST,30-03-04-p-169,50,POS,0.8891,0.0018,0.1091,0.8872
ST,30-03-04-p-169,51,NEG,0.0023,0.9648,0.0329,-0.9625
ST,30-03-04-p-169,52,NEU,0.4906,0.007,0.5024,0.4836
ST,30-03-04-p-169,53,NEU,0.0055,0.4922,0.5022,-0.4867
ST,30-03-04-p-169,54,NEU,0.0442,0.0255,0.9304,0.0187
ST,30-03-04-p-169,55,NEG,0.0107,0.6699,0.3194,-0.6592
ST,30-03-04-p-169,56,POS,0.9774,0.0011,0.0215,0.9763
ST,30-03-04-p-170,0,POS,0.9173,0.0011,0.0816,0.9162
ST,30-03-04-p-170,1,NEU,0.0275,0.0045,0.968,0.023
ST,30-03-04-p-170,2,NEU,0.0161,0.0053,0.9787,0.0108
ST,30-03-04-p-170,3,POS,0.9784,0.0012,0.0204,0.9771
ST,30-03-04-p-170,4,NEG,0.0031,0.8483,0.1486,-0.8451
ST,30-03-04-p-170,5,POS,0.984,0.0011,0.0149,0.9829
ST,30-03-04-p-170,6,POS,0.8476,0.0019,0.1505,0.8457
ST,30-03-04-p-170,7,NEU,0.0361,0.0035,0.9604,0.0326
ST,30-03-04-p-185,0,POS,0.8216,0.0034,0.175,0.8182
ST,30-03-04-p-185,1,POS,0.7204,0.0062,0.2734,0.7143
ST,30-03-04-p-185,2,NEG,0.0028,0.9452,0.052,-0.9424
ST,30-03-04-p-185,3,NEG,0.0024,0.9592,0.0384,-0.9568
ST,30-03-04-p-185,4,NEG,0.0083,0.5449,0.4469,-0.5366
ST,30-03-04-p-185,5,NEU,0.0131,0.0484,0.9385,-0.0352
ST,30-03-04-p-185,6,NEU,0.0079,0.3697,0.6224,-0.3618
ST,30-03-04-p-185,7,NEG,0.0024,0.9609,0.0367,-0.9585
ST,30-03-04-p-185,8,NEG,0.0059,0.6841,0.31,-0.6783
ST,30-03-04-p-185,9,NEG,0.0031,0.891,0.1058,-0.8879
ST,30-03-04-p-185,10,NEG,0.0024,0.9738,0.0238,-0.9714
ST,30-03-04-p-185,11,NEG,0.0025,0.9521,0.0454,-0.9496
ST,30-03-04-p-185,12,NEG,0.003,0.9308,0.0662,-0.9277
ST,30-03-04-p-185,13,NEG,0.0032,0.8557,0.1411,-0.8526
ST,30-03-04-p-185,14,POS,0.8548,0.0035,0.1417,0.8513
ST,30-03-04-p-186,0,NEG,0.0052,0.8317,0.163,-0.8265
ST,30-03-04-p-186,1,NEU,0.0163,0.1188,0.865,-0.1025
ST,30-03-04-p-186,2,NEG,0.0079,0.6281,0.364,-0.6202
ST,30-03-04-p-186,3,NEG,0.003,0.9733,0.0237,-0.9702
ST,30-03-04-p-186,4,NEU,0.014,0.0365,0.9495,-0.0225
ST,30-03-04-p-186,5,NEU,0.0106,0.2409,0.7484,-0.2303
ST,30-03-04-p-186,6,NEU,0.4728,0.0345,0.4927,0.4382
ST,30-03-04-p-186,7,POS,0.8169,0.0021,0.181,0.8148
ST,30-03-04-p-186,8,NEG,0.0024,0.9047,0.0929,-0.9022
ST,30-03-04-p-186,9,NEG,0.0032,0.8695,0.1273,-0.8663
ST,30-03-04-p-186,10,POS,0.9477,0.0018,0.0505,0.946
ST,30-03-04-p-186,11,NEU,0.1986,0.0152,0.7862,0.1834
ST,30-03-04-p-186,12,POS,0.8548,0.0035,0.1417,0.8513
ST,30-03-04-p-191,0,POS,0.8216,0.0034,0.175,0.8182
ST,30-03-04-p-191,1,NEG,0.0024,0.9355,0.0621,-0.9332
ST,30-03-04-p-191,2,NEU,0.0135,0.4823,0.5043,-0.4688
ST,30-03-04-p-191,3,NEU,0.0508,0.0038,0.9453,0.047
ST,30-03-04-p-191,4,NEU,0.0155,0.0911,0.8934,-0.0756
ST,30-03-04-p-191,5,POS,0.6281,0.0023,0.3696,0.6257
ST,30-03-04-p-191,6,NEG,0.003,0.8665,0.1305,-0.8635
ST,30-03-04-p-191,7,NEU,0.0667,0.0024,0.9309,0.0643
ST,30-03-04-p-191,8,NEU,0.0741,0.005,0.9209,0.0691
ST,30-03-04-p-191,9,NEU,0.0159,0.0231,0.961,-0.0071
ST,30-03-04-p-191,10,NEU,0.0467,0.0107,0.9426,0.0359
ST,30-03-04-p-191,11,POS,0.9203,0.0019,0.0778,0.9184
ST,30-03-04-p-191,12,NEU,0.0124,0.4129,0.5747,-0.4004
ST,30-03-04-p-191,13,NEG,0.0052,0.809,0.1858,-0.8038
ST,30-03-04-p-191,14,NEU,0.0597,0.0734,0.867,-0.0137
ST,30-03-04-p-191,15,POS,0.6056,0.0063,0.3881,0.5994
ST,30-03-04-p-191,16,POS,0.7635,0.0037,0.2328,0.7599
ST,30-03-04-p-191,17,NEU,0.0103,0.0729,0.9168,-0.0626
ST,30-03-04-p-191,18,NEU,0.0211,0.0207,0.9581,0.0004
ST,30-03-04-p-191,19,POS,0.9838,0.0017,0.0145,0.982
ST,30-03-04-p-194,0,POS,0.9768,0.0019,0.0213,0.9749
ST,30-03-04-p-194,1,NEU,0.0336,0.0043,0.962,0.0293
ST,30-03-04-p-194,2,NEU,0.0242,0.0082,0.9676,0.0161
ST,30-03-04-p-194,3,POS,0.9553,0.0014,0.0433,0.9539
ST,30-03-04-p-194,4,NEU,0.1839,0.0127,0.8034,0.1713
ST,30-03-04-p-194,5,NEU,0.037,0.0228,0.9402,0.0142
ST,30-03-04-p-194,6,NEG,0.0032,0.8983,0.0985,-0.8951
ST,30-03-04-p-194,7,POS,0.8552,0.0027,0.1421,0.8524
ST,30-03-04-p-194,8,NEU,0.0305,0.0089,0.9607,0.0216
ST,30-03-04-p-194,9,NEG,0.0032,0.892,0.1049,-0.8888
ST,30-03-04-p-194,10,NEG,0.0031,0.9508,0.0461,-0.9477
ST,30-03-04-p-194,11,NEU,0.0089,0.229,0.7621,-0.2201
ST,30-03-04-p-194,12,NEU,0.0467,0.1516,0.8017,-0.1048
ST,30-03-04-p-194,13,POS,0.9768,0.0019,0.0213,0.9749
ST,30-03-04-p-198,0,POS,0.8548,0.0035,0.1417,0.8513
ST,30-03-04-p-198,1,NEG,0.0025,0.9406,0.0569,-0.938
ST,30-03-04-p-198,2,NEG,0.0207,0.5262,0.453,-0.5055
ST,30-03-04-p-198,3,NEG,0.007,0.557,0.4361,-0.55
ST,30-03-04-p-198,4,NEG,0.0027,0.9621,0.0353,-0.9594
ST,30-03-04-p-198,5,NEG,0.0023,0.9629,0.0348,-0.9606
ST,30-03-04-p-198,6,NEG,0.0026,0.9753,0.0222,-0.9727
ST,30-03-04-p-198,7,NEG,0.0134,0.524,0.4626,-0.5106
ST,30-03-04-p-198,8,NEU,0.0119,0.3667,0.6215,-0.3548
ST,30-03-04-p-198,9,NEG,0.0039,0.8893,0.1068,-0.8854
ST,30-03-04-p-198,10,NEU,0.0195,0.0255,0.955,-0.0061
ST,30-03-04-p-198,11,NEG,0.0027,0.9219,0.0754,-0.9191
ST,30-03-04-p-200,0,POS,0.5284,0.0327,0.4388,0.4957
ST,30-03-04-p-200,1,NEU,0.0334,0.0115,0.9551,0.0219
ST,30-03-04-p-200,2,POS,0.9795,0.0012,0.0193,0.9783
ST,30-03-04-p-200,3,POS,0.9569,0.0013,0.0418,0.9555
ST,30-03-04-p-200,4,POS,0.612,0.0028,0.3852,0.6092
ST,30-03-04-p-200,5,NEU,0.2785,0.0055,0.716,0.273
ST,30-03-04-p-200,6,POS,0.8861,0.0015,0.1123,0.8846
ST,30-03-04-p-200,7,NEU,0.0429,0.0105,0.9466,0.0325
ST,30-03-04-p-200,8,NEG,0.0035,0.9451,0.0514,-0.9416
ST,30-03-04-p-200,9,NEU,0.3336,0.0046,0.6617,0.329
ST,30-03-04-p-200,10,NEU,0.2237,0.0063,0.7699,0.2174
ST,30-03-04-p-200,11,NEU,0.2418,0.0033,0.755,0.2385
ST,30-03-04-p-200,12,NEU,0.0068,0.2765,0.7166,-0.2697
ST,30-03-04-p-200,13,NEU,0.3467,0.0059,0.6474,0.3409
ST,30-03-04-p-200,14,NEU,0.2073,0.0024,0.7903,0.2049
ST,30-03-04-p-200,15,POS,0.8691,0.0016,0.1294,0.8675
ST,30-03-04-p-200,16,POS,0.9903,0.0014,0.0083,0.9889
ST,30-03-04-p-200,17,POS,0.9807,0.0016,0.0177,0.9792
ST,30-03-04-p-206,0,POS,0.9807,0.0016,0.0177,0.9792
ST,30-03-04-p-206,1,NEU,0.03,0.0149,0.9551,0.015
ST,30-03-04-p-206,2,NEG,0.0042,0.8726,0.1232,-0.8684
ST,30-03-04-p-206,3,NEG,0.0027,0.9735,0.0237,-0.9708
ST,30-03-04-p-206,4,NEG,0.0024,0.9668,0.0308,-0.9644
ST,30-03-04-p-206,5,NEU,0.0087,0.225,0.7663,-0.2162
ST,30-03-04-p-206,6,POS,0.6476,0.0062,0.3462,0.6413
ST,30-03-04-p-206,7,POS,0.9422,0.0022,0.0556,0.94
ST,30-03-04-p-206,8,NEU,0.0666,0.2096,0.7239,-0.143
ST,30-03-04-p-206,9,NEG,0.0062,0.7644,0.2294,-0.7582
ST,30-03-04-p-206,10,POS,0.9459,0.0014,0.0527,0.9446
ST,30-03-04-p-206,11,POS,0.8776,0.0017,0.1206,0.8759
ST,30-03-04-p-206,12,POS,0.9257,0.0013,0.073,0.9244
ST,30-03-04-p-206,13,NEU,0.1532,0.0041,0.8427,0.1492
ST,30-03-04-p-206,14,NEU,0.1097,0.003,0.8873,0.1067
ST,30-03-04-p-206,15,NEG,0.0036,0.8815,0.1149,-0.8779
ST,30-03-04-p-206,16,NEU,0.0407,0.1071,0.8521,-0.0664
ST,30-03-04-p-206,17,NEG,0.0025,0.9335,0.064,-0.9309
ST,30-03-04-p-206,18,NEU,0.2986,0.0035,0.6979,0.2951
ST,30-03-04-p-206,19,POS,0.7263,0.0031,0.2706,0.7232
ST,30-03-04-p-206,20,NEU,0.0115,0.0219,0.9666,-0.0104
ST,30-03-04-p-206,21,NEU,0.0096,0.0768,0.9136,-0.0672
ST,30-03-04-p-206,22,NEU,0.021,0.0048,0.9742,0.0162
ST,30-03-04-p-206,23,NEU,0.0582,0.0031,0.9387,0.0551
ST,30-03-04-p-206,24,POS,0.5917,0.0029,0.4054,0.5888
ST,30-03-04-p-206,25,NEG,0.0045,0.7962,0.1993,-0.7917
ST,30-03-04-p-206,26,NEG,0.0029,0.9637,0.0333,-0.9608
ST,30-03-04-p-206,27,NEU,0.2105,0.0052,0.7843,0.2053
ST,30-03-04-p-206,28,NEU,0.1161,0.005,0.8789,0.111
ST,30-03-04-p-206,29,POS,0.8133,0.009,0.1777,0.8043
ST,30-03-04-p-206,30,POS,0.9322,0.0027,0.0651,0.9295
ST,30-03-04-p-206,31,NEU,0.1736,0.0149,0.8116,0.1587
ST,30-03-04-p-206,32,NEU,0.0932,0.0048,0.902,0.0884
ST,30-03-04-p-206,33,NEU,0.3461,0.0052,0.6487,0.3409
ST,30-03-04-p-206,34,POS,0.758,0.0018,0.2402,0.7562
ST,30-03-04-p-206,35,NEU,0.1416,0.0027,0.8557,0.1389
ST,30-03-04-p-206,36,POS,0.8579,0.0016,0.1405,0.8563
ST,30-03-04-p-206,37,NEU,0.1012,0.0038,0.8951,0.0974
ST,30-03-04-p-206,38,POS,0.8447,0.0019,0.1534,0.8429
ST,30-03-04-p-206,39,POS,0.5743,0.0021,0.4236,0.5722
ST,30-03-04-p-206,40,NEU,0.0292,0.0291,0.9416,0.0001
ST,30-03-04-p-206,41,NEU,0.2925,0.0022,0.7052,0.2903
ST,30-03-04-p-206,42,NEU,0.2393,0.0048,0.7558,0.2345
ST,30-03-04-p-206,43,NEU,0.0246,0.0329,0.9426,-0.0083
ST,30-03-04-p-206,44,POS,0.7191,0.0022,0.2788,0.7169
ST,30-03-04-p-206,45,NEU,0.0645,0.0038,0.9317,0.0607
ST,30-03-04-p-206,46,NEG,0.0026,0.937,0.0603,-0.9344
ST,30-03-04-p-206,47,NEU,0.013,0.1012,0.8858,-0.0882
ST,30-03-04-p-206,48,NEG,0.0042,0.8577,0.1381,-0.8536
ST,30-03-04-p-206,49,NEG,0.0059,0.7348,0.2593,-0.729
ST,30-03-04-p-206,50,NEU,0.0158,0.0084,0.9758,0.0074
ST,30-03-04-p-206,51,POS,0.8405,0.002,0.1575,0.8385
ST,30-03-04-p-206,52,POS,0.6114,0.0029,0.3857,0.6085
ST,30-03-04-p-206,53,POS,0.9402,0.0012,0.0586,0.939
ST,30-03-04-p-206,54,NEU,0.0353,0.005,0.9597,0.0304
ST,30-03-04-p-206,55,POS,0.9838,0.0017,0.0145,0.982
ST,30-03-04-p-207,0,NEU,0.1653,0.0268,0.8079,0.1385
ST,30-03-04-p-207,1,POS,0.9925,0.0021,0.0054,0.9903
ST,30-03-04-p-207,2,NEU,0.0086,0.2956,0.6958,-0.287
ST,30-03-04-p-207,3,NEG,0.0032,0.9782,0.0186,-0.9749
ST,30-03-04-p-207,4,NEG,0.0029,0.9691,0.028,-0.9661
ST,30-03-04-p-207,5,NEU,0.0083,0.2539,0.7378,-0.2456
ST,30-03-04-p-207,6,NEU,0.0248,0.0195,0.9557,0.0053
ST,30-03-04-p-207,7,NEG,0.0237,0.6617,0.3146,-0.638
ST,30-03-04-p-207,8,NEU,0.0136,0.2201,0.7663,-0.2065
ST,30-03-04-p-207,9,NEG,0.0037,0.8109,0.1854,-0.8073
ST,30-03-04-p-207,10,NEU,0.0368,0.0036,0.9596,0.0332
ST,30-03-04-p-207,11,NEG,0.0034,0.9783,0.0183,-0.975
ST,30-03-04-p-207,12,NEG,0.0056,0.6931,0.3013,-0.6875
ST,30-03-04-p-207,13,NEU,0.0176,0.0331,0.9493,-0.0155
ST,30-03-04-p-207,14,NEG,0.003,0.9145,0.0825,-0.9115
ST,30-03-04-p-207,15,NEG,0.0041,0.7526,0.2434,-0.7485
ST,30-03-04-p-207,16,NEU,0.0293,0.0332,0.9376,-0.0039
ST,30-03-04-p-207,17,POS,0.8317,0.0015,0.1668,0.8303
ST,30-03-04-p-207,18,POS,0.7867,0.0037,0.2096,0.7829
ST,30-03-04-p-207,19,NEU,0.0297,0.1389,0.8314,-0.1092
ST,30-03-04-p-207,20,NEU,0.0163,0.008,0.9756,0.0083
ST,30-03-04-p-207,21,NEU,0.0228,0.053,0.9242,-0.0303
ST,30-03-04-p-207,22,NEG,0.0035,0.8424,0.1541,-0.8389
ST,30-03-04-p-207,23,NEG,0.0028,0.9665,0.0307,-0.9637
ST,30-03-04-p-207,24,NEU,0.3995,0.0079,0.5925,0.3916
ST,30-03-04-p-207,25,NEU,0.3175,0.0029,0.6795,0.3146
ST,30-03-04-p-207,26,NEU,0.0143,0.0421,0.9436,-0.0278
ST,30-03-04-p-207,27,POS,0.6405,0.0028,0.3567,0.6377
ST,30-03-04-p-207,28,NEU,0.1238,0.0057,0.8704,0.1181
ST,30-03-04-p-207,29,NEG,0.0031,0.869,0.1279,-0.8659
ST,30-03-04-p-207,30,NEG,0.0067,0.5264,0.4669,-0.5197
ST,30-03-04-p-207,31,NEU,0.0055,0.3124,0.6821,-0.3069
ST,30-03-04-p-207,32,NEG,0.004,0.8076,0.1884,-0.8036
ST,30-03-04-p-207,33,NEU,0.1043,0.0071,0.8885,0.0972
ST,30-03-04-p-207,34,NEU,0.3977,0.0044,0.5979,0.3933
ST,30-03-04-p-207,35,NEG,0.0027,0.9531,0.0442,-0.9504
ST,30-03-04-p-207,36,NEG,0.0032,0.9735,0.0233,-0.9704
ST,30-03-04-p-207,37,POS,0.9443,0.0013,0.0544,0.9429
ST,30-03-04-p-207,38,NEG,0.0032,0.9521,0.0447,-0.9489
ST,30-03-04-p-207,39,NEU,0.2213,0.0039,0.7748,0.2175
ST,30-03-04-p-207,40,POS,0.9719,0.001,0.0271,0.971
ST,30-03-04-p-207,41,NEU,0.052,0.0112,0.9368,0.0408
ST,30-03-04-p-207,42,NEG,0.0067,0.6982,0.2951,-0.6915
ST,30-03-04-p-207,43,NEU,0.0124,0.0201,0.9675,-0.0076
ST,30-03-04-p-207,44,NEG,0.0024,0.9618,0.0357,-0.9594
ST,30-03-04-p-207,45,NEG,0.0068,0.5162,0.477,-0.5094
ST,30-03-04-p-207,46,NEU,0.015,0.4408,0.5441,-0.4258
ST,30-03-04-p-207,47,NEU,0.086,0.006,0.908,0.08
ST,30-03-04-p-207,48,NEU,0.1329,0.1182,0.7488,0.0147
ST,30-03-04-p-207,49,NEG,0.0026,0.8871,0.1103,-0.8845
ST,30-03-04-p-207,50,NEG,0.0028,0.9461,0.0512,-0.9433
ST,30-03-04-p-207,51,NEU,0.0056,0.3582,0.6362,-0.3527
ST,30-03-04-p-207,52,NEU,0.1259,0.1737,0.7004,-0.0477
ST,30-03-04-p-207,53,POS,0.7364,0.0027,0.2609,0.7336
ST,30-03-04-p-207,54,NEU,0.0369,0.005,0.9582,0.0319
ST,30-03-04-p-207,55,NEG,0.0031,0.829,0.1679,-0.8259
ST,30-03-04-p-207,56,NEG,0.0038,0.9063,0.0899,-0.9024
ST,30-03-04-p-207,57,POS,0.8186,0.0033,0.1782,0.8153
ST,31-03-04-m-009,0,POS,0.9714,0.0011,0.0276,0.9703
ST,31-03-04-m-009,1,POS,0.9926,0.0019,0.0055,0.9907
ST,31-03-04-m-009,2,POS,0.9101,0.0014,0.0884,0.9087
ST,31-03-04-m-009,3,POS,0.9883,0.0013,0.0104,0.987
ST,31-03-04-m-009,4,POS,0.9601,0.0015,0.0384,0.9586
ST,31-03-04-m-009,5,POS,0.9758,0.0014,0.0228,0.9744
ST,31-03-04-m-009,6,NEU,0.0907,0.0359,0.8734,0.0549
ST,31-03-04-m-009,7,POS,0.9877,0.0011,0.0112,0.9866
ST,31-03-04-m-009,8,NEU,0.2332,0.0027,0.7641,0.2305
ST,31-03-04-m-009,9,POS,0.9714,0.0014,0.0273,0.97
ST,31-03-04-m-009,10,NEU,0.0988,0.0059,0.8953,0.0929
ST,31-03-04-m-009,11,NEU,0.1999,0.0025,0.7975,0.1974
ST,31-03-04-m-009,12,POS,0.7206,0.0025,0.2769,0.7181
ST,31-03-04-m-009,13,NEU,0.0283,0.005,0.9667,0.0233
ST,31-03-04-m-009,14,NEG,0.0025,0.9681,0.0294,-0.9656
ST,31-03-04-m-009,15,NEU,0.4364,0.0121,0.5516,0.4243
ST,31-03-04-m-009,16,NEG,0.0291,0.4916,0.4793,-0.4625
ST,31-03-04-m-009,17,NEU,0.0219,0.11,0.8681,-0.0881
ST,31-03-04-m-009,18,NEU,0.1847,0.0088,0.8065,0.1759
ST,31-03-04-m-009,19,NEU,0.4617,0.0043,0.534,0.4574
ST,31-03-04-m-009,20,POS,0.5972,0.0027,0.4001,0.5944
ST,31-03-04-m-009,21,POS,0.9172,0.004,0.0788,0.9131
ST,31-03-04-m-009,22,NEU,0.0565,0.0036,0.9399,0.0528
ST,31-03-04-m-009,23,NEU,0.1305,0.0156,0.8539,0.1149
ST,31-03-04-m-009,24,POS,0.9112,0.0015,0.0874,0.9097
ST,31-03-04-m-009,25,NEU,0.0723,0.0066,0.9211,0.0657
ST,31-03-04-m-009,26,NEU,0.0104,0.0139,0.9757,-0.0035
ST,31-03-04-m-009,27,NEU,0.3314,0.0037,0.6649,0.3277
ST,31-03-04-m-009,28,NEU,0.3733,0.005,0.6217,0.3683
ST,31-03-04-m-009,29,NEU,0.0464,0.0687,0.8849,-0.0222
ST,31-03-04-m-009,30,POS,0.9512,0.0018,0.047,0.9493
ST,31-03-04-m-009,31,POS,0.9855,0.0019,0.0126,0.9835
ST,31-03-04-m-009,32,POS,0.9739,0.0012,0.0249,0.9727
ST,31-03-04-m-009,33,NEG,0.0032,0.9612,0.0356,-0.958
ST,31-03-04-m-009,34,NEU,0.2757,0.0339,0.6904,0.2418
ST,31-03-04-m-009,35,POS,0.9916,0.0016,0.0068,0.9899
ST,31-03-04-m-009,36,NEU,0.0219,0.0047,0.9734,0.0172
ST,31-03-04-m-009,37,NEU,0.0144,0.0072,0.9783,0.0072
ST,31-03-04-m-009,38,NEU,0.0814,0.0026,0.916,0.0789
ST,31-03-04-m-009,39,POS,0.7393,0.002,0.2587,0.7372
ST,31-03-04-m-009,40,NEU,0.0126,0.0525,0.9349,-0.0399
ST,31-03-04-m-009,41,NEU,0.0216,0.0394,0.939,-0.0178
ST,31-03-04-m-009,42,NEU,0.0223,0.2851,0.6926,-0.2628
ST,31-03-04-m-009,43,NEU,0.3634,0.0045,0.6321,0.3589
ST,31-03-04-m-009,44,POS,0.961,0.0012,0.0378,0.9598
ST,31-03-04-m-009,45,NEU,0.2162,0.0223,0.7615,0.194
ST,31-03-04-m-009,46,NEG,0.0028,0.8495,0.1477,-0.8467
ST,31-03-04-m-009,47,NEU,0.0371,0.0104,0.9526,0.0267
ST,31-03-04-m-009,48,POS,0.9521,0.0014,0.0466,0.9507
ST,31-03-04-m-009,49,POS,0.9819,0.0013,0.0168,0.9806
ST,31-03-04-m-009,50,POS,0.9923,0.0017,0.006,0.9906
ST,31-03-04-m-009,51,POS,0.5433,0.0029,0.4537,0.5404
ST,31-03-04-m-009,52,NEU,0.1788,0.0028,0.8184,0.176
ST,31-03-04-m-009,53,NEU,0.011,0.1374,0.8515,-0.1264
ST,31-03-04-m-009,54,POS,0.5776,0.0025,0.4199,0.5751
ST,31-03-04-m-009,55,NEG,0.0044,0.9586,0.0369,-0.9542
ST,31-03-04-m-009,56,POS,0.5733,0.0037,0.423,0.5696
ST,31-03-04-m-009,57,NEU,0.0294,0.0052,0.9653,0.0242
ST,31-03-04-m-009,58,NEU,0.4151,0.0043,0.5806,0.4108
ST,31-03-04-m-009,59,NEU,0.4218,0.013,0.5652,0.4088
ST,31-03-04-m-009,60,POS,0.6034,0.0025,0.3941,0.6009
ST,31-03-04-m-009,61,NEU,0.0162,0.0804,0.9034,-0.0642
ST,31-03-04-m-009,62,NEU,0.0696,0.0096,0.9207,0.06
ST,31-03-04-m-009,63,NEU,0.2494,0.0086,0.742,0.2408
ST,31-03-04-m-009,64,NEU,0.046,0.0069,0.9471,0.0392
ST,31-03-04-m-009,65,NEG,0.0178,0.6542,0.328,-0.6364
ST,31-03-04-m-009,66,NEU,0.2466,0.0046,0.7488,0.2421
ST,31-03-04-m-009,67,NEU,0.0862,0.0047,0.9091,0.0815
ST,31-03-04-m-009,68,NEU,0.0106,0.0399,0.9495,-0.0293
ST,31-03-04-m-009,69,NEU,0.4356,0.0025,0.5619,0.4331
ST,31-03-04-m-009,70,NEU,0.0119,0.0308,0.9572,-0.0189
ST,31-03-04-m-009,71,POS,0.9486,0.0015,0.0499,0.9472
ST,31-03-04-m-009,72,NEU,0.0155,0.0366,0.9479,-0.0211
ST,31-03-04-m-009,73,NEU,0.0311,0.0044,0.9645,0.0266
ST,31-03-04-m-009,74,NEU,0.388,0.0031,0.6089,0.3849
ST,31-03-04-m-009,75,NEU,0.0106,0.0402,0.9492,-0.0296
ST,31-03-04-m-009,76,POS,0.8926,0.0018,0.1056,0.8908
ST,31-03-04-m-009,77,POS,0.9319,0.0018,0.0663,0.9301
ST,31-03-04-m-009,78,NEU,0.0487,0.1767,0.7746,-0.128
ST,31-03-04-m-009,79,NEU,0.1479,0.0077,0.8444,0.1402
ST,31-03-04-m-009,80,POS,0.9578,0.0017,0.0405,0.9561
ST,31-03-04-m-009,81,POS,0.9893,0.0014,0.0093,0.9879
ST,31-03-04-m-009,82,NEU,0.1957,0.0028,0.8015,0.1929
ST,31-03-04-m-009,83,POS,0.9851,0.0011,0.0138,0.9839
ST,31-03-04-m-009,84,POS,0.9913,0.0014,0.0073,0.9899
ST,31-03-04-m-009,85,NEU,0.1139,0.0037,0.8823,0.1102
ST,31-03-04-m-009,86,POS,0.5208,0.0096,0.4696,0.5112
ST,31-03-04-m-009,87,NEU,0.497,0.0036,0.4995,0.4934
ST,31-03-04-m-009,88,POS,0.7497,0.0027,0.2475,0.747
ST,31-03-04-m-009,89,NEU,0.3702,0.0055,0.6243,0.3647
ST,31-03-04-m-009,90,POS,0.9528,0.0012,0.046,0.9517
ST,31-03-04-m-009,91,POS,0.9703,0.0012,0.0286,0.9691
ST,31-03-04-m-009,92,POS,0.556,0.0032,0.4408,0.5528
ST,31-03-04-m-009,93,POS,0.9924,0.0015,0.006,0.9909
ST,31-03-04-m-009,94,NEG,0.0074,0.6525,0.3401,-0.6451
ST,31-03-04-m-009,95,POS,0.9694,0.0011,0.0294,0.9683
ST,31-03-04-m-009,96,POS,0.7837,0.0017,0.2146,0.7819
ST,31-03-04-m-009,97,POS,0.9799,0.0011,0.0191,0.9788
ST,31-03-04-m-009,98,POS,0.9663,0.0013,0.0324,0.9651
ST,31-03-04-m-009,99,NEU,0.0719,0.0057,0.9223,0.0662
ST,31-03-04-m-009,100,POS,0.8532,0.0023,0.1445,0.8509
ST,31-03-04-m-009,101,NEU,0.3313,0.0025,0.6663,0.3288
ST,31-03-04-m-009,102,POS,0.8622,0.0015,0.1363,0.8607
ST,31-03-04-m-009,103,POS,0.8256,0.0023,0.1721,0.8233
ST,31-03-04-m-009,104,NEU,0.3638,0.0114,0.6248,0.3524
ST,31-03-04-m-009,105,NEU,0.2528,0.0069,0.7403,0.2459
ST,31-03-04-m-009,106,POS,0.9488,0.0012,0.05,0.9476
ST,31-03-04-m-009,107,POS,0.841,0.0019,0.1572,0.8391
ST,31-03-04-m-009,108,NEU,0.4264,0.0021,0.5715,0.4243
ST,31-03-04-m-009,109,NEU,0.045,0.0031,0.9519,0.0419
ST,31-03-04-m-009,110,NEU,0.4533,0.0186,0.5281,0.4347
ST,31-03-04-m-009,111,POS,0.7952,0.0019,0.2029,0.7933
ST,31-03-04-m-009,112,POS,0.5001,0.0056,0.4942,0.4945
ST,31-03-04-m-009,113,NEU,0.3999,0.0028,0.5974,0.3971
ST,31-03-04-m-009,114,POS,0.6628,0.0045,0.3327,0.6582
ST,31-03-04-m-009,115,NEU,0.0887,0.0097,0.9016,0.079
ST,31-03-04-m-009,116,POS,0.9326,0.0014,0.066,0.9312
ST,31-03-04-m-009,117,POS,0.9323,0.0019,0.0658,0.9303
ST,31-03-04-m-009,118,POS,0.9396,0.0021,0.0583,0.9375
ST,31-03-04-m-009,119,NEU,0.2761,0.0023,0.7216,0.2737
ST,31-03-04-m-009,120,NEU,0.272,0.002,0.726,0.2701
ST,31-03-04-m-009,121,POS,0.8264,0.0016,0.1721,0.8248
ST,31-03-04-m-009,122,POS,0.7999,0.0018,0.1984,0.7981
ST,31-03-04-m-009,123,POS,0.9614,0.0013,0.0373,0.9602
ST,31-03-04-m-009,124,NEU,0.49,0.0024,0.5076,0.4875
ST,31-03-04-m-009,125,POS,0.9789,0.001,0.0201,0.9778
ST,31-03-04-m-009,126,NEG,0.0038,0.8224,0.1738,-0.8186
ST,31-03-04-m-009,127,POS,0.8342,0.0022,0.1636,0.832
ST,31-03-04-m-009,128,NEU,0.1616,0.0028,0.8356,0.1588
ST,31-03-04-m-009,129,POS,0.9431,0.0015,0.0554,0.9416
ST,31-03-04-m-009,130,NEU,0.0139,0.0343,0.9518,-0.0203
ST,31-03-04-m-009,131,POS,0.6641,0.0021,0.3338,0.662
ST,31-03-04-m-009,132,POS,0.6324,0.0049,0.3627,0.6275
ST,31-03-04-m-009,133,NEU,0.0493,0.003,0.9477,0.0463
ST,31-03-04-m-009,134,NEU,0.3809,0.0021,0.617,0.3788
ST,31-03-04-m-009,135,POS,0.9686,0.0012,0.0302,0.9673
ST,31-03-04-m-009,136,NEU,0.0362,0.0035,0.9604,0.0327
ST,31-03-04-m-009,137,NEU,0.0269,0.0039,0.9692,0.023
ST,31-03-04-m-009,138,NEU,0.0314,0.0071,0.9614,0.0243
ST,31-03-04-m-009,139,NEG,0.0038,0.7839,0.2123,-0.7801
ST,31-03-04-m-009,140,NEU,0.0184,0.0285,0.9531,-0.0101
ST,31-03-04-m-009,141,NEU,0.0151,0.042,0.9429,-0.0268
ST,31-03-04-m-009,142,POS,0.9437,0.0015,0.0548,0.9421
ST,31-03-04-m-009,143,POS,0.9039,0.0013,0.0948,0.9025
ST,31-03-04-m-009,144,NEU,0.0059,0.414,0.5801,-0.4081
ST,31-03-04-m-009,145,NEU,0.1012,0.0041,0.8947,0.0971
ST,31-03-04-m-009,146,NEU,0.2168,0.0036,0.7796,0.2132
ST,31-03-04-m-009,147,POS,0.8769,0.0013,0.1218,0.8757
ST,31-03-04-m-009,148,POS,0.746,0.0023,0.2516,0.7437
ST,31-03-04-m-009,149,NEU,0.4939,0.002,0.5041,0.4919
ST,31-03-04-m-009,150,NEU,0.0359,0.0037,0.9604,0.0321
ST,31-03-04-m-009,151,POS,0.6841,0.0024,0.3135,0.6816
ST,31-03-04-m-009,152,POS,0.684,0.002,0.314,0.682
ST,31-03-04-m-009,153,POS,0.6826,0.0025,0.3149,0.6801
ST,31-03-04-m-009,154,POS,0.9353,0.0011,0.0636,0.9342
ST,31-03-04-m-009,155,POS,0.965,0.0011,0.0339,0.9639
ST,31-03-04-m-009,156,POS,0.9518,0.0017,0.0466,0.9501
ST,31-03-04-m-009,157,NEU,0.0767,0.1906,0.7327,-0.1138
ST,31-03-04-m-009,158,POS,0.9922,0.0017,0.0061,0.9906
ST,31-03-04-m-009,159,POS,0.9765,0.0013,0.0222,0.9752
ST,31-03-04-m-009,160,POS,0.8548,0.0035,0.1417,0.8513
ST,31-03-04-m-013,0,POS,0.9698,0.0012,0.029,0.9686
ST,31-03-04-m-013,1,POS,0.9906,0.0016,0.0078,0.989
ST,31-03-04-m-013,2,NEU,0.1359,0.0172,0.8469,0.1188
ST,31-03-04-m-013,3,POS,0.9747,0.001,0.0243,0.9737
ST,31-03-04-m-013,4,POS,0.8764,0.0015,0.1221,0.8749
ST,31-03-04-m-013,5,POS,0.911,0.0012,0.0878,0.9098
ST,31-03-04-m-013,6,NEU,0.0439,0.2847,0.6715,-0.2408
ST,31-03-04-m-013,7,NEG,0.0044,0.8541,0.1415,-0.8496
ST,31-03-04-m-013,8,NEU,0.0893,0.0044,0.9063,0.0849
ST,31-03-04-m-013,9,NEU,0.4123,0.0065,0.5812,0.4057
ST,31-03-04-m-013,10,NEU,0.0307,0.1393,0.83,-0.1087
ST,31-03-04-m-013,11,NEU,0.1305,0.0033,0.8663,0.1272
ST,31-03-04-m-013,12,NEU,0.035,0.0777,0.8873,-0.0426
ST,31-03-04-m-013,13,NEU,0.3187,0.0096,0.6717,0.3091
ST,31-03-04-m-013,14,POS,0.9381,0.002,0.0599,0.9361
ST,31-03-04-m-013,15,NEU,0.2415,0.0029,0.7556,0.2386
ST,31-03-04-m-013,16,NEG,0.0031,0.9334,0.0635,-0.9303
ST,31-03-04-m-013,17,NEG,0.004,0.8192,0.1767,-0.8152
ST,31-03-04-m-013,18,POS,0.8046,0.0019,0.1935,0.8027
ST,31-03-04-m-013,19,NEG,0.0054,0.7436,0.251,-0.7382
ST,31-03-04-m-013,20,NEU,0.2772,0.0045,0.7183,0.2726
ST,31-03-04-m-013,21,NEU,0.0755,0.007,0.9175,0.0685
ST,31-03-04-m-013,22,NEU,0.0231,0.0449,0.932,-0.0218
ST,31-03-04-m-013,23,NEU,0.0386,0.0142,0.9471,0.0244
ST,31-03-04-m-013,24,NEU,0.0427,0.0066,0.9507,0.036
ST,31-03-04-m-013,25,POS,0.7015,0.0181,0.2803,0.6834
ST,31-03-04-m-013,26,NEG,0.0029,0.8983,0.0988,-0.8955
ST,31-03-04-m-013,27,NEG,0.004,0.8926,0.1034,-0.8886
ST,31-03-04-m-013,28,NEU,0.0097,0.263,0.7273,-0.2533
ST,31-03-04-m-013,29,NEG,0.0049,0.6338,0.3613,-0.6289
ST,31-03-04-m-013,30,POS,0.986,0.0011,0.0129,0.9849
ST,31-03-04-m-013,31,NEG,0.0039,0.754,0.2421,-0.7502
ST,31-03-04-m-013,32,POS,0.7485,0.0023,0.2492,0.7461
ST,31-03-04-m-013,33,NEG,0.0035,0.8363,0.1602,-0.8328
ST,31-03-04-m-013,34,NEU,0.0258,0.0215,0.9528,0.0043
ST,31-03-04-m-013,35,NEU,0.0576,0.0062,0.9362,0.0513
ST,31-03-04-m-013,36,NEU,0.0139,0.081,0.9051,-0.0671
ST,31-03-04-m-013,37,NEG,0.012,0.6248,0.3633,-0.6128
ST,31-03-04-m-013,38,POS,0.9268,0.0015,0.0718,0.9253
ST,31-03-04-m-013,39,POS,0.7932,0.0026,0.2042,0.7905
ST,31-03-04-m-016,0,NEU,0.0278,0.0076,0.9646,0.0201
ST,31-03-04-m-016,1,POS,0.9771,0.0012,0.0218,0.9759
ST,31-03-04-m-016,2,POS,0.9903,0.0013,0.0084,0.989
ST,31-03-04-m-016,3,POS,0.5544,0.002,0.4436,0.5524
ST,31-03-04-m-016,4,NEU,0.026,0.0333,0.9407,-0.0073
ST,31-03-04-m-016,5,POS,0.6398,0.0028,0.3574,0.637
ST,31-03-04-m-016,6,POS,0.9791,0.0013,0.0196,0.9778
ST,31-03-04-m-016,7,NEU,0.4002,0.0047,0.5952,0.3955
ST,31-03-04-m-016,8,NEU,0.1191,0.0538,0.8271,0.0654
ST,31-03-04-m-016,9,NEU,0.0847,0.0115,0.9038,0.0732
ST,31-03-04-m-016,10,NEU,0.0087,0.147,0.8443,-0.1383
ST,31-03-04-m-016,11,NEU,0.0294,0.0406,0.93,-0.0113
ST,31-03-04-m-016,12,NEU,0.2815,0.0027,0.7158,0.2788
ST,31-03-04-m-016,13,NEG,0.0065,0.6128,0.3808,-0.6063
ST,31-03-04-m-016,14,NEU,0.0099,0.0168,0.9734,-0.0069
ST,31-03-04-m-016,15,NEG,0.0034,0.8526,0.144,-0.8492
ST,31-03-04-m-016,16,POS,0.8382,0.0022,0.1596,0.836
ST,31-03-04-m-016,17,NEU,0.0199,0.0122,0.9679,0.0077
ST,31-03-04-m-016,18,NEU,0.0107,0.4652,0.5241,-0.4545
ST,31-03-04-m-016,19,POS,0.5957,0.003,0.4013,0.5927
ST,31-03-04-m-016,20,NEU,0.0088,0.4905,0.5007,-0.4817
ST,31-03-04-m-016,21,NEG,0.0062,0.6519,0.3419,-0.6457
ST,31-03-04-m-016,22,POS,0.9463,0.0013,0.0524,0.9451
ST,31-03-04-m-016,23,NEG,0.0027,0.9324,0.0649,-0.9297
ST,31-03-04-m-016,24,POS,0.9767,0.0012,0.0221,0.9755
ST,31-03-04-m-016,25,POS,0.9861,0.0012,0.0127,0.985
ST,31-03-04-m-016,26,POS,0.6966,0.005,0.2984,0.6916
ST,31-03-04-m-016,27,NEG,0.0028,0.9736,0.0236,-0.9708
ST,31-03-04-m-016,28,NEG,0.0031,0.9596,0.0373,-0.9566
ST,31-03-04-m-016,29,NEG,0.0034,0.9749,0.0218,-0.9715
ST,31-03-04-m-016,30,NEG,0.0036,0.9563,0.0401,-0.9527
ST,31-03-04-m-016,31,NEG,0.0037,0.9412,0.0551,-0.9376
ST,31-03-04-m-016,32,NEG,0.0027,0.958,0.0393,-0.9553
ST,31-03-04-m-016,33,NEU,0.0303,0.0059,0.9638,0.0245
ST,31-03-04-m-016,34,NEG,0.0034,0.8749,0.1218,-0.8715
ST,31-03-04-m-016,35,NEG,0.0037,0.9076,0.0887,-0.9039
ST,31-03-04-m-016,36,POS,0.8955,0.0052,0.0994,0.8903
ST,31-03-04-m-016,37,POS,0.8548,0.0035,0.1417,0.8513
ST,31-03-04-m-019,0,POS,0.9904,0.0017,0.0079,0.9888
ST,31-03-04-m-019,1,NEG,0.0035,0.952,0.0445,-0.9484
ST,31-03-04-m-019,2,POS,0.9574,0.0014,0.0412,0.9561
ST,31-03-04-m-019,3,NEU,0.3243,0.0231,0.6526,0.3012
ST,31-03-04-m-019,4,POS,0.8777,0.002,0.1203,0.8756
ST,31-03-04-m-019,5,NEG,0.0043,0.7969,0.1988,-0.7926
ST,31-03-04-m-019,6,NEU,0.0278,0.1343,0.8379,-0.1065
ST,31-03-04-m-019,7,NEU,0.256,0.0155,0.7285,0.2406
ST,31-03-04-m-019,8,NEG,0.0035,0.939,0.0575,-0.9356
ST,31-03-04-m-019,9,NEU,0.1095,0.0618,0.8287,0.0477
ST,31-03-04-m-019,10,NEU,0.4509,0.0126,0.5365,0.4382
ST,31-03-04-m-019,11,NEG,0.0029,0.9648,0.0323,-0.9619
ST,31-03-04-m-019,12,NEU,0.1639,0.064,0.7721,0.0999
ST,31-03-04-m-019,13,NEU,0.0147,0.1539,0.8314,-0.1392
ST,31-03-04-m-019,14,NEG,0.0025,0.9612,0.0363,-0.9588
ST,31-03-04-m-019,15,NEU,0.0896,0.0083,0.9021,0.0813
ST,31-03-04-m-019,16,NEU,0.2367,0.0091,0.7542,0.2276
ST,31-03-04-m-019,17,NEU,0.2775,0.008,0.7144,0.2695
ST,31-03-04-m-019,18,NEU,0.0208,0.3033,0.6759,-0.2825
ST,31-03-04-m-019,19,POS,0.7654,0.0023,0.2323,0.7631
ST,31-03-04-m-019,20,NEU,0.0191,0.0058,0.9752,0.0133
ST,31-03-04-m-019,21,NEU,0.0056,0.237,0.7574,-0.2314
ST,31-03-04-m-019,22,NEU,0.0156,0.36,0.6244,-0.3445
ST,31-03-04-m-019,23,POS,0.5892,0.0194,0.3914,0.5698
ST,31-03-04-m-019,24,NEG,0.0095,0.6305,0.3601,-0.621
ST,31-03-04-m-019,25,NEU,0.0325,0.0161,0.9514,0.0164
ST,31-03-04-m-019,26,NEG,0.0051,0.7127,0.2822,-0.7077
ST,31-03-04-m-019,27,NEG,0.0028,0.9359,0.0613,-0.9331
ST,31-03-04-m-019,28,NEU,0.065,0.0053,0.9297,0.0596
ST,31-03-04-m-019,29,NEU,0.0793,0.0196,0.9011,0.0597
ST,31-03-04-m-019,30,POS,0.8313,0.0025,0.1662,0.8289
ST,31-03-04-m-019,31,NEU,0.088,0.0097,0.9023,0.0783
ST,31-03-04-m-019,32,NEU,0.0725,0.0026,0.9249,0.0699
ST,31-03-04-m-019,33,POS,0.9865,0.0012,0.0123,0.9853
ST,31-03-04-m-019,34,POS,0.9897,0.0016,0.0087,0.9882
ST,31-03-04-m-019,35,POS,0.9838,0.0017,0.0145,0.982
ST,31-03-04-m-031,0,POS,0.6896,0.0056,0.3048,0.6839
ST,31-03-04-m-031,1,NEU,0.0357,0.0034,0.9609,0.0323
ST,31-03-04-m-031,2,NEU,0.3205,0.005,0.6745,0.3156
ST,31-03-04-m-031,3,NEG,0.0027,0.9412,0.0561,-0.9385
ST,31-03-04-m-031,4,NEG,0.003,0.9524,0.0447,-0.9494
ST,31-03-04-m-031,5,NEU,0.0144,0.1346,0.851,-0.1202
ST,31-03-04-m-031,6,NEG,0.0064,0.83,0.1636,-0.8235
ST,31-03-04-m-031,7,POS,0.6869,0.0039,0.3092,0.683
ST,31-03-04-m-031,8,NEG,0.007,0.5506,0.4424,-0.5437
ST,31-03-04-m-031,9,NEU,0.0165,0.0131,0.9704,0.0034
ST,31-03-04-m-031,10,NEG,0.0059,0.8557,0.1383,-0.8498
ST,31-03-04-m-033,0,POS,0.6896,0.0056,0.3048,0.6839
ST,31-03-04-m-033,1,POS,0.5057,0.0087,0.4856,0.497
ST,31-03-04-m-033,2,POS,0.9805,0.0011,0.0184,0.9794
ST,31-03-04-m-033,3,NEU,0.2593,0.0064,0.7344,0.2529
ST,31-03-04-m-033,4,NEG,0.003,0.9503,0.0467,-0.9473
ST,31-03-04-m-033,5,NEG,0.0025,0.9706,0.0269,-0.9681
ST,31-03-04-m-033,6,NEG,0.0051,0.8719,0.123,-0.8669
ST,31-03-04-m-033,7,NEU,0.2212,0.0034,0.7754,0.2178
ST,31-03-04-m-033,8,NEU,0.033,0.0084,0.9586,0.0245
ST,31-03-04-m-033,9,NEU,0.0172,0.035,0.9479,-0.0178
ST,31-03-04-m-033,10,NEU,0.009,0.039,0.952,-0.03
ST,31-03-04-m-033,11,NEU,0.0619,0.0109,0.9272,0.051
ST,31-03-04-m-033,12,NEU,0.0208,0.0126,0.9666,0.0082
ST,31-03-04-m-033,13,NEU,0.0461,0.0099,0.944,0.0362
ST,31-03-04-m-033,14,NEU,0.0756,0.014,0.9103,0.0616
ST,31-03-04-m-033,15,NEU,0.0123,0.0614,0.9262,-0.0491
ST,31-03-04-m-033,16,NEU,0.029,0.1877,0.7833,-0.1587
ST,31-03-04-m-033,17,NEU,0.0625,0.0174,0.9201,0.0452
ST,31-03-04-m-033,18,NEU,0.0178,0.022,0.9602,-0.0042
ST,31-03-04-m-033,19,POS,0.9528,0.0016,0.0456,0.9512
ST,31-03-04-m-033,20,NEG,0.0035,0.9455,0.051,-0.942
ST,31-03-04-m-033,21,NEU,0.091,0.0256,0.8834,0.0654
ST,31-03-04-m-034,0,NEU,0.051,0.0226,0.9264,0.0284
ST,31-03-04-m-034,1,POS,0.99,0.0015,0.0085,0.9885
ST,31-03-04-m-034,2,NEU,0.2872,0.0039,0.7089,0.2832
ST,31-03-04-m-034,3,NEU,0.0213,0.015,0.9637,0.0063
ST,31-03-04-m-034,4,NEU,0.0496,0.007,0.9433,0.0426
ST,31-03-04-m-034,5,NEG,0.0026,0.9222,0.0753,-0.9196
ST,31-03-04-m-034,6,NEU,0.076,0.0052,0.9187,0.0708
ST,31-03-04-m-034,7,NEU,0.0084,0.0466,0.945,-0.0382
ST,31-03-04-m-034,8,NEU,0.2654,0.0074,0.7272,0.258
ST,31-03-04-m-034,9,NEU,0.0487,0.015,0.9363,0.0336
ST,31-03-04-m-034,10,NEG,0.0045,0.8855,0.11,-0.881
ST,31-03-04-m-034,11,NEG,0.0029,0.9128,0.0843,-0.9098
ST,31-03-04-m-034,12,NEG,0.0087,0.519,0.4723,-0.5103
ST,31-03-04-m-034,13,NEU,0.0286,0.0748,0.8966,-0.0462
ST,31-03-04-m-034,14,NEU,0.0079,0.443,0.5491,-0.4351
ST,31-03-04-m-034,15,NEU,0.008,0.4157,0.5763,-0.4077
ST,31-03-04-m-034,16,NEU,0.0275,0.1179,0.8545,-0.0904
ST,31-03-04-m-034,17,NEG,0.0053,0.8214,0.1733,-0.8161
ST,31-03-04-m-034,18,POS,0.8548,0.0035,0.1417,0.8513
ST,31-03-04-m-043,0,POS,0.8548,0.0035,0.1417,0.8513
ST,31-03-04-m-043,1,POS,0.9813,0.0012,0.0175,0.9801
ST,31-03-04-m-043,2,NEU,0.0363,0.0049,0.9588,0.0314
ST,31-03-04-m-043,3,NEU,0.0195,0.0124,0.9681,0.0071
ST,31-03-04-m-043,4,NEU,0.017,0.1097,0.8733,-0.0927
ST,31-03-04-m-043,5,NEU,0.0514,0.0071,0.9416,0.0443
ST,31-03-04-m-043,6,NEU,0.0864,0.0062,0.9074,0.0802
ST,31-03-04-m-043,7,NEG,0.0052,0.779,0.2158,-0.7738
ST,31-03-04-m-043,8,NEU,0.0078,0.3044,0.6878,-0.2967
ST,31-03-04-m-043,9,NEG,0.0026,0.9653,0.0321,-0.9626
ST,31-03-04-m-043,10,NEU,0.0076,0.3612,0.6312,-0.3536
ST,31-03-04-m-043,11,NEU,0.027,0.1167,0.8563,-0.0897
ST,31-03-04-m-043,12,NEU,0.158,0.0032,0.8388,0.1548
ST,31-03-04-m-043,13,POS,0.9159,0.0036,0.0805,0.9122
ST,31-03-04-m-043,14,NEG,0.0029,0.9382,0.059,-0.9353
ST,31-03-04-m-043,15,NEU,0.0179,0.088,0.8941,-0.0701
ST,31-03-04-m-043,16,NEG,0.0027,0.9235,0.0738,-0.9208
ST,31-03-04-m-043,17,NEU,0.0141,0.1544,0.8315,-0.1403
ST,31-03-04-m-043,18,NEG,0.0059,0.6749,0.3192,-0.669
ST,31-03-04-m-043,19,NEG,0.0065,0.8996,0.0939,-0.8931
ST,31-03-04-m-043,20,NEU,0.0463,0.1052,0.8486,-0.0589
ST,31-03-04-m-043,21,NEG,0.0035,0.9545,0.0421,-0.951
ST,31-03-04-m-043,22,NEU,0.0347,0.0512,0.9141,-0.0166
ST,31-03-04-m-043,23,NEU,0.0435,0.0571,0.8995,-0.0136
ST,31-03-04-m-043,24,NEU,0.0159,0.0159,0.9682,0.0001
ST,31-03-04-m-043,25,NEU,0.0097,0.0765,0.9137,-0.0668
ST,31-03-04-m-043,26,NEG,0.01,0.6962,0.2938,-0.6862
ST,31-03-04-m-043,27,NEU,0.39,0.0029,0.6071,0.3871
ST,31-03-04-m-043,28,POS,0.5284,0.0327,0.4388,0.4957
ST,31-03-04-m-048,0,NEU,0.1653,0.0268,0.8079,0.1385
ST,31-03-04-m-048,1,NEU,0.0869,0.0908,0.8223,-0.004
ST,31-03-04-m-048,2,NEG,0.0028,0.9219,0.0753,-0.9191
ST,31-03-04-m-048,3,NEG,0.0098,0.5532,0.437,-0.5433
ST,31-03-04-m-048,4,NEU,0.0684,0.0249,0.9067,0.0436
ST,31-03-04-m-048,5,NEU,0.3658,0.0282,0.606,0.3377
ST,31-03-04-m-048,6,NEG,0.0025,0.9515,0.0461,-0.949
ST,31-03-04-m-048,7,NEG,0.0025,0.9481,0.0494,-0.9456
ST,31-03-04-m-048,8,NEU,0.0094,0.1895,0.8012,-0.1801
ST,31-03-04-m-048,9,NEU,0.0068,0.3607,0.6324,-0.3539
ST,31-03-04-m-048,10,NEU,0.0304,0.0194,0.9502,0.011
ST,31-03-04-m-048,11,NEU,0.0467,0.1626,0.7907,-0.1159
ST,31-03-04-m-048,12,NEG,0.0073,0.7478,0.2449,-0.7406
ST,31-03-04-m-048,13,NEG,0.0028,0.9646,0.0326,-0.9617
ST,31-03-04-m-048,14,POS,0.8977,0.0059,0.0964,0.8918
ST,31-03-04-m-048,15,POS,0.8548,0.0035,0.1417,0.8513
ST,31-03-04-m-051,0,POS,0.9561,0.0019,0.042,0.9542
ST,31-03-04-m-051,1,POS,0.9884,0.0014,0.0102,0.987
ST,31-03-04-m-051,2,NEU,0.0323,0.0061,0.9615,0.0262
ST,31-03-04-m-051,3,NEU,0.0548,0.0042,0.941,0.0506
ST,31-03-04-m-051,4,NEU,0.0067,0.1489,0.8444,-0.1422
ST,31-03-04-m-051,5,POS,0.5615,0.0114,0.4271,0.5502
ST,31-03-04-m-051,6,POS,0.6533,0.0032,0.3434,0.6501
ST,31-03-04-m-051,7,NEU,0.4953,0.005,0.4997,0.4904
ST,31-03-04-m-051,8,NEG,0.0048,0.6084,0.3869,-0.6036
ST,31-03-04-m-051,9,NEG,0.0046,0.7788,0.2166,-0.7743
ST,31-03-04-m-051,10,NEU,0.0326,0.0543,0.9131,-0.0217
ST,31-03-04-m-051,11,NEU,0.0314,0.0093,0.9593,0.0221
ST,31-03-04-m-051,12,NEU,0.009,0.0925,0.8985,-0.0835
ST,31-03-04-m-051,13,NEU,0.014,0.0808,0.9052,-0.0668
ST,31-03-04-m-051,14,NEG,0.0056,0.5456,0.4488,-0.5401
ST,31-03-04-m-051,15,NEU,0.0645,0.126,0.8095,-0.0615
ST,31-03-04-m-051,16,NEU,0.0208,0.0452,0.934,-0.0244
ST,31-03-04-m-051,17,POS,0.8709,0.0019,0.1272,0.869
ST,31-03-04-m-051,18,NEU,0.0473,0.0155,0.9372,0.0318
ST,31-03-04-m-051,19,NEG,0.0024,0.906,0.0915,-0.9036
ST,31-03-04-m-051,20,NEU,0.4749,0.0118,0.5133,0.463
ST,31-03-04-m-051,21,NEU,0.2215,0.0038,0.7747,0.2176
ST,31-03-04-m-051,22,POS,0.9722,0.0014,0.0264,0.9709
ST,31-03-04-m-051,23,NEU,0.2841,0.0058,0.7102,0.2783
ST,31-03-04-m-051,24,NEU,0.0703,0.0029,0.9268,0.0674
ST,31-03-04-m-051,25,POS,0.9186,0.001,0.0804,0.9176
ST,31-03-04-m-051,26,POS,0.6306,0.002,0.3675,0.6286
ST,31-03-04-m-051,27,NEU,0.0058,0.2698,0.7244,-0.264
ST,31-03-04-m-051,28,NEU,0.0743,0.003,0.9227,0.0713
ST,31-03-04-m-051,29,POS,0.7693,0.002,0.2287,0.7674
ST,31-03-04-m-051,30,POS,0.9327,0.0014,0.0659,0.9313
ST,31-03-04-m-051,31,NEU,0.0181,0.0094,0.9725,0.0086
ST,31-03-04-m-051,32,NEU,0.0169,0.0073,0.9759,0.0096
ST,31-03-04-m-051,33,POS,0.992,0.0018,0.0062,0.9903
ST,31-03-04-m-051,34,POS,0.879,0.0017,0.1193,0.8773
ST,31-03-04-m-051,35,NEU,0.0077,0.1764,0.8158,-0.1687
ST,31-03-04-m-051,36,NEG,0.0045,0.8747,0.1208,-0.8703
ST,31-03-04-m-051,37,NEG,0.0057,0.9302,0.0641,-0.9246
ST,31-03-04-m-051,38,NEU,0.036,0.0233,0.9407,0.0127
ST,31-03-04-m-051,39,NEU,0.0567,0.0059,0.9374,0.0508
ST,31-03-04-m-051,40,NEU,0.0092,0.2227,0.7681,-0.2134
ST,31-03-04-m-051,41,NEG,0.0062,0.6328,0.3611,-0.6266
ST,31-03-04-m-051,42,POS,0.8313,0.0021,0.1667,0.8292
ST,31-03-04-m-051,43,NEU,0.2265,0.0057,0.7678,0.2209
ST,31-03-04-m-051,44,NEU,0.0881,0.0241,0.8878,0.064
ST,31-03-04-m-051,45,NEU,0.1331,0.0033,0.8636,0.1299
ST,31-03-04-m-051,46,NEU,0.0165,0.1169,0.8666,-0.1004
ST,31-03-04-m-051,47,POS,0.5467,0.0023,0.451,0.5444
ST,31-03-04-m-051,48,NEU,0.2953,0.0286,0.6762,0.2667
ST,31-03-04-m-051,49,NEU,0.0085,0.0643,0.9272,-0.0558
ST,31-03-04-m-051,50,NEU,0.0167,0.0086,0.9747,0.0081
ST,31-03-04-m-051,51,NEU,0.4729,0.0113,0.5158,0.4615
ST,31-03-04-m-051,52,NEU,0.0164,0.0104,0.9732,0.006
ST,31-03-04-m-051,53,NEU,0.024,0.0063,0.9697,0.0177
ST,31-03-04-m-051,54,NEU,0.0175,0.0082,0.9743,0.0092
ST,31-03-04-m-051,55,NEU,0.0111,0.0167,0.9722,-0.0057
ST,31-03-04-m-051,56,NEG,0.0036,0.7764,0.22,-0.7728
ST,31-03-04-m-051,57,NEU,0.0191,0.0084,0.9725,0.0107
ST,31-03-04-m-051,58,NEU,0.0332,0.0056,0.9612,0.0275
ST,31-03-04-m-051,59,NEU,0.0084,0.3504,0.6412,-0.3419
ST,31-03-04-m-051,60,NEU,0.0386,0.0053,0.9561,0.0333
ST,31-03-04-m-051,61,NEU,0.0945,0.003,0.9025,0.0915
ST,31-03-04-m-051,62,NEU,0.032,0.0122,0.9557,0.0198
ST,31-03-04-m-051,63,NEU,0.0724,0.012,0.9156,0.0605
ST,31-03-04-m-051,64,NEU,0.3822,0.0046,0.6132,0.3776
ST,31-03-04-m-051,65,POS,0.941,0.0022,0.0568,0.9388
ST,31-03-04-m-051,66,NEU,0.0908,0.011,0.8982,0.0798
ST,31-03-04-m-051,67,NEU,0.2925,0.0326,0.6749,0.2599
ST,31-03-04-m-051,68,NEG,0.005,0.8017,0.1933,-0.7967
ST,31-03-04-m-051,69,NEU,0.2042,0.0024,0.7934,0.2018
ST,31-03-04-m-051,70,POS,0.7672,0.0023,0.2304,0.7649
ST,31-03-04-m-051,71,POS,0.5417,0.036,0.4223,0.5056
ST,31-03-04-m-051,72,POS,0.842,0.0016,0.1564,0.8404
ST,31-03-04-m-051,73,NEU,0.2931,0.0022,0.7047,0.2908
ST,31-03-04-m-051,74,POS,0.927,0.0016,0.0715,0.9254
ST,31-03-04-m-051,75,NEU,0.0918,0.0045,0.9038,0.0873
ST,31-03-04-m-051,76,NEU,0.0221,0.1151,0.8628,-0.0931
ST,31-03-04-m-051,77,NEU,0.152,0.0075,0.8406,0.1445
ST,31-03-04-m-051,78,NEU,0.2621,0.0022,0.7357,0.2598
ST,31-03-04-m-051,79,NEU,0.0101,0.2319,0.758,-0.2218
ST,31-03-04-m-051,80,NEU,0.1482,0.0098,0.842,0.1385
ST,31-03-04-m-051,81,POS,0.5528,0.0036,0.4435,0.5492
ST,31-03-04-m-051,82,POS,0.9823,0.0012,0.0165,0.9811
ST,31-03-04-m-051,83,POS,0.89,0.002,0.108,0.888
ST,31-03-04-m-051,84,POS,0.8594,0.003,0.1376,0.8564
ST,31-03-04-m-051,85,NEU,0.1353,0.0025,0.8622,0.1328
ST,31-03-04-m-051,86,NEU,0.4843,0.0037,0.512,0.4806
ST,31-03-04-m-051,87,POS,0.9403,0.0015,0.0582,0.9388
ST,31-03-04-m-051,88,NEU,0.0473,0.0076,0.9452,0.0397
ST,31-03-04-m-051,89,NEU,0.057,0.0029,0.9401,0.0541
ST,31-03-04-m-051,90,POS,0.7621,0.0019,0.236,0.7602
ST,31-03-04-m-051,91,POS,0.9175,0.0014,0.081,0.9161
ST,31-03-04-m-051,92,POS,0.6529,0.0035,0.3436,0.6494
ST,31-03-04-m-051,93,NEU,0.1143,0.0023,0.8834,0.1119
ST,31-03-04-m-051,94,NEU,0.0816,0.0031,0.9153,0.0786
ST,31-03-04-m-051,95,NEU,0.3367,0.0022,0.6611,0.3346
ST,31-03-04-m-051,96,POS,0.9446,0.0014,0.0539,0.9432
ST,31-03-04-m-051,97,POS,0.6709,0.0028,0.3263,0.6682
ST,31-03-04-m-051,98,NEU,0.0803,0.0043,0.9155,0.076
ST,31-03-04-m-051,99,NEU,0.4178,0.0042,0.578,0.4137
ST,31-03-04-m-051,100,NEU,0.4304,0.002,0.5677,0.4284
ST,31-03-04-m-051,101,NEU,0.2325,0.003,0.7645,0.2295
ST,31-03-04-m-051,102,NEU,0.0109,0.0852,0.9039,-0.0743
ST,31-03-04-m-051,103,NEU,0.3044,0.0043,0.6913,0.3
ST,31-03-04-m-051,104,NEU,0.0285,0.0055,0.9661,0.023
ST,31-03-04-m-051,105,NEU,0.1582,0.0038,0.8379,0.1544
ST,31-03-04-m-051,106,POS,0.6091,0.0108,0.3801,0.5983
ST,31-03-04-m-051,107,POS,0.5673,0.0023,0.4304,0.565
ST,31-03-04-m-051,108,POS,0.9536,0.0012,0.0452,0.9524
ST,31-03-04-m-051,109,POS,0.9605,0.0013,0.0382,0.9592
ST,31-03-04-m-051,110,POS,0.9913,0.0016,0.0071,0.9896
ST,31-03-04-m-051,111,NEU,0.1572,0.0022,0.8405,0.155
ST,31-03-04-m-051,112,NEU,0.1762,0.0033,0.8205,0.1729
ST,31-03-04-m-051,113,POS,0.8291,0.0018,0.169,0.8273
ST,31-03-04-m-051,114,POS,0.5284,0.0327,0.4388,0.4957
TT,10-03-04-m-005,0,POS,0.9059,0.013,0.0812,0.8929
TT,10-03-04-m-005,1,POS,0.9409,0.0033,0.0558,0.9376
TT,10-03-04-m-005,2,NEU,0.232,0.0496,0.7184,0.1823
TT,10-03-04-m-005,3,NEU,0.2815,0.0351,0.6834,0.2465
TT,10-03-04-m-005,4,POS,0.5355,0.0619,0.4026,0.4736
TT,10-03-04-m-005,5,NEU,0.0402,0.098,0.8618,-0.0577
TT,10-03-04-m-005,6,POS,0.9414,0.0044,0.0542,0.937
TT,10-03-04-m-005,7,NEU,0.2309,0.0877,0.6814,0.1432
TT,10-03-04-m-005,8,NEU,0.0654,0.0604,0.8742,0.0051
TT,10-03-04-m-005,9,NEU,0.0437,0.0597,0.8966,-0.016
TT,10-03-04-m-005,10,NEU,0.0662,0.0347,0.8991,0.0315
TT,10-03-04-m-005,11,NEU,0.1539,0.0596,0.7865,0.0942
TT,10-03-04-m-005,12,NEU,0.106,0.0615,0.8324,0.0445
TT,10-03-04-m-005,13,NEG,0.009,0.5897,0.4013,-0.5807
TT,10-03-04-m-005,14,NEU,0.094,0.0252,0.8808,0.0688
TT,10-03-04-m-005,15,NEU,0.1685,0.0364,0.7951,0.132
TT,10-03-04-m-005,16,NEU,0.136,0.0194,0.8445,0.1166
TT,10-03-04-m-005,17,NEU,0.1531,0.0662,0.7808,0.0869
TT,10-03-04-m-005,18,NEU,0.3218,0.0494,0.6288,0.2725
TT,10-03-04-m-005,19,NEU,0.4667,0.0259,0.5074,0.4408
TT,10-03-04-m-005,20,POS,0.9647,0.0032,0.0322,0.9615
TT,10-03-04-m-005,21,POS,0.4952,0.0163,0.4886,0.4789
TT,10-03-04-m-005,22,NEU,0.2062,0.1655,0.6284,0.0407
TT,10-03-04-m-005,23,POS,0.8352,0.0143,0.1506,0.8209
TT,10-03-04-m-005,24,POS,0.5706,0.0336,0.3959,0.537
TT,10-03-04-m-005,25,POS,0.977,0.0029,0.0201,0.9741
TT,10-03-04-m-005,26,POS,0.7338,0.0171,0.2491,0.7167
TT,10-03-04-m-005,27,POS,0.7975,0.0117,0.1908,0.7858
TT,10-03-04-m-005,28,NEG,0.004,0.9384,0.0576,-0.9344
TT,10-03-04-m-005,29,NEU,0.0788,0.1238,0.7974,-0.045
TT,10-03-04-m-005,30,NEU,0.4843,0.0156,0.5001,0.4687
TT,10-03-04-m-005,31,NEU,0.2196,0.0826,0.6978,0.137
TT,10-03-04-m-005,32,NEU,0.3592,0.052,0.5888,0.3072
TT,10-03-04-m-005,33,POS,0.6249,0.0184,0.3567,0.6066
TT,10-03-04-m-005,34,NEU,0.036,0.4639,0.5001,-0.4278
TT,10-03-04-m-005,35,NEU,0.0296,0.0696,0.9009,-0.04
TT,10-03-04-m-005,36,NEU,0.0646,0.2417,0.6938,-0.1771
TT,10-03-04-m-005,37,POS,0.5058,0.0299,0.4643,0.476
TT,10-03-04-m-005,38,NEU,0.1938,0.1252,0.681,0.0686
TT,10-03-04-m-005,39,NEU,0.0679,0.1597,0.7724,-0.0918
TT,10-03-04-m-005,40,NEU,0.0327,0.06,0.9073,-0.0272
TT,10-03-04-m-005,41,POS,0.4925,0.0352,0.4723,0.4574
TT,10-03-04-m-005,42,POS,0.7635,0.0174,0.2191,0.7461
TT,10-03-04-m-005,43,NEU,0.031,0.259,0.71,-0.228
TT,10-03-04-m-005,44,NEU,0.4231,0.0926,0.4844,0.3305
TT,10-03-04-m-005,45,NEG,0.0307,0.6599,0.3094,-0.6292
TT,10-03-04-m-005,46,NEG,0.0275,0.5973,0.3752,-0.5697
TT,10-03-04-m-005,47,NEG,0.0095,0.854,0.1365,-0.8445
TT,10-03-04-m-005,48,NEG,0.0072,0.8888,0.104,-0.8816
TT,10-03-04-m-005,49,NEU,0.025,0.219,0.7559,-0.194
TT,10-03-04-m-005,50,NEG,0.0137,0.7644,0.2219,-0.7507
TT,10-03-04-m-005,51,POS,0.5061,0.0655,0.4284,0.4406
TT,10-03-04-m-005,52,POS,0.682,0.0222,0.2957,0.6598
TT,10-03-04-m-005,53,POS,0.7616,0.023,0.2154,0.7386
TT,10-03-04-m-005,54,POS,0.8033,0.0085,0.1882,0.7948
TT,10-03-04-m-005,55,POS,0.6574,0.0255,0.3171,0.632
TT,10-03-04-m-005,56,POS,0.5199,0.0192,0.461,0.5007
TT,10-03-04-m-005,57,POS,0.7943,0.0119,0.1937,0.7824
TT,10-03-04-m-005,58,POS,0.5677,0.0142,0.4181,0.5535
TT,10-03-04-m-005,59,NEU,0.335,0.1689,0.4961,0.1662
TT,10-03-04-m-006,0,POS,0.6499,0.0651,0.285,0.5849
TT,10-03-04-m-006,1,NEU,0.1917,0.1544,0.6539,0.0373
TT,10-03-04-m-006,2,NEG,0.0218,0.6423,0.3359,-0.6205
TT,10-03-04-m-006,3,POS,0.6201,0.0306,0.3493,0.5895
TT,10-03-04-m-006,4,NEU,0.4357,0.0512,0.5131,0.3845
TT,10-03-04-m-006,5,NEU,0.4173,0.0729,0.5098,0.3443
TT,10-03-04-m-006,6,NEG,0.0496,0.5096,0.4408,-0.46
TT,10-03-04-m-006,7,POS,0.5859,0.0219,0.3921,0.564
TT,10-03-04-m-006,8,POS,0.5131,0.0874,0.3994,0.4257
TT,10-03-04-m-006,9,NEU,0.07,0.2941,0.636,-0.2241
TT,10-03-04-m-006,10,POS,0.8826,0.0195,0.0979,0.8632
TT,10-03-04-m-006,11,POS,0.7687,0.0137,0.2176,0.7551
TT,10-03-04-m-006,12,NEU,0.3077,0.0469,0.6454,0.2607
TT,10-03-04-m-006,13,NEU,0.1515,0.1382,0.7103,0.0132
TT,10-03-04-m-006,14,NEG,0.0129,0.7104,0.2766,-0.6975
TT,10-03-04-m-006,15,NEG,0.0041,0.9426,0.0534,-0.9385
TT,10-03-04-m-006,16,NEG,0.0157,0.6003,0.384,-0.5846
TT,10-03-04-m-006,17,NEU,0.22,0.063,0.717,0.157
TT,10-03-04-m-006,18,NEG,0.0568,0.4778,0.4654,-0.4211
TT,10-03-04-m-006,19,NEU,0.0536,0.2102,0.7362,-0.1565
TT,10-03-04-m-006,20,NEG,0.0125,0.8666,0.121,-0.8541
TT,10-03-04-m-006,21,NEG,0.0044,0.9297,0.0659,-0.9253
TT,10-03-04-m-006,22,NEG,0.0056,0.9047,0.0897,-0.8991
TT,10-03-04-m-006,23,NEG,0.0041,0.9421,0.0538,-0.938
TT,10-03-04-m-006,24,NEG,0.0444,0.5371,0.4186,-0.4927
TT,10-03-04-m-006,25,NEU,0.0955,0.216,0.6885,-0.1205
TT,10-03-04-m-006,26,POS,0.4945,0.0152,0.4904,0.4793
TT,10-03-04-m-006,27,NEG,0.0263,0.5006,0.4731,-0.4743
TT,10-03-04-m-006,28,NEG,0.0042,0.8892,0.1066,-0.8849
TT,10-03-04-m-006,29,NEU,0.1182,0.064,0.8178,0.0541
TT,10-03-04-m-006,30,NEU,0.2389,0.0677,0.6934,0.1712
TT,10-03-04-m-006,31,NEU,0.0202,0.4093,0.5704,-0.3891
TT,10-03-04-m-006,32,NEG,0.0083,0.7787,0.213,-0.7705
TT,10-03-04-m-006,33,NEU,0.2064,0.0389,0.7546,0.1675
TT,10-03-04-m-006,34,NEG,0.0354,0.611,0.3536,-0.5755
TT,10-03-04-m-006,35,NEU,0.0594,0.4134,0.5272,-0.354
TT,10-03-04-m-006,36,NEU,0.0293,0.4595,0.5113,-0.4302
TT,10-03-04-m-006,37,NEU,0.1726,0.0316,0.7958,0.141
TT,10-03-04-m-006,38,NEU,0.3193,0.0259,0.6548,0.2935
TT,10-03-04-m-006,39,NEG,0.011,0.7776,0.2113,-0.7666
TT,10-03-04-m-006,40,NEU,0.127,0.119,0.754,0.008
TT,10-03-04-m-006,41,NEU,0.2732,0.0409,0.6859,0.2323
TT,10-03-04-m-006,42,NEU,0.2776,0.0758,0.6466,0.2018
TT,10-03-04-m-006,43,NEG,0.0136,0.7647,0.2216,-0.7511
TT,10-03-04-m-006,44,NEU,0.1368,0.0552,0.808,0.0815
TT,10-03-04-m-006,45,POS,0.9435,0.0057,0.0508,0.9378
TT,10-03-04-m-006,46,NEU,0.335,0.1689,0.4961,0.1662
TT,11-02-04-m-045,0,POS,0.6499,0.0651,0.285,0.5849
TT,11-02-04-m-045,1,NEU,0.1236,0.1918,0.6846,-0.0682
TT,11-02-04-m-045,2,NEG,0.0115,0.8483,0.1403,-0.8368
TT,11-02-04-m-045,3,POS,0.5501,0.041,0.4089,0.5091
TT,11-02-04-m-045,4,NEU,0.0542,0.1518,0.794,-0.0976
TT,11-02-04-m-045,5,NEU,0.1192,0.0374,0.8434,0.0818
TT,11-02-04-m-045,6,NEG,0.0036,0.935,0.0614,-0.9314
TT,11-02-04-m-045,7,NEU,0.352,0.1364,0.5116,0.2155
TT,11-02-04-m-045,8,NEG,0.0042,0.9646,0.0312,-0.9604
TT,11-02-04-m-045,9,NEU,0.0178,0.4266,0.5556,-0.4088
TT,11-02-04-m-045,10,NEU,0.1269,0.0991,0.774,0.0277
TT,11-02-04-m-045,11,NEU,0.0319,0.4776,0.4906,-0.4457
TT,11-02-04-m-045,12,NEU,0.2011,0.2778,0.5211,-0.0767
TT,11-02-04-m-045,13,NEU,0.0361,0.2275,0.7364,-0.1914
TT,11-02-04-m-045,14,NEU,0.0715,0.064,0.8645,0.0075
TT,11-02-04-m-045,15,NEU,0.2455,0.0373,0.7172,0.2082
TT,11-02-04-m-045,16,NEU,0.3273,0.1092,0.5635,0.2181
TT,11-02-04-m-046,0,POS,0.7846,0.0362,0.1792,0.7484
TT,11-02-04-m-046,1,NEU,0.07,0.0138,0.9162,0.0561
TT,11-02-04-m-046,2,POS,0.4755,0.0611,0.4634,0.4143
TT,11-02-04-m-046,3,NEU,0.0842,0.2248,0.6911,-0.1406
TT,11-02-04-m-046,4,NEU,0.2898,0.0405,0.6697,0.2494
TT,11-02-04-m-046,5,NEU,0.2078,0.2128,0.5794,-0.0051
TT,11-02-04-m-046,6,NEU,0.4085,0.0973,0.4943,0.3112
TT,11-02-04-m-046,7,NEU,0.2904,0.0643,0.6454,0.2261
TT,11-02-04-m-046,8,NEG,0.0035,0.9589,0.0376,-0.9554
TT,11-02-04-m-046,9,NEU,0.2842,0.0852,0.6306,0.1989
TT,11-02-04-m-046,10,NEU,0.2153,0.1412,0.6434,0.0741
TT,11-02-04-m-046,11,POS,0.7265,0.0136,0.26,0.7129
TT,11-02-04-m-046,12,NEU,0.105,0.1582,0.7368,-0.0532
TT,11-02-04-m-046,13,NEU,0.1028,0.1525,0.7447,-0.0497
TT,11-02-04-m-046,14,NEU,0.2349,0.1153,0.6499,0.1196
TT,11-02-04-m-046,15,NEU,0.0695,0.1134,0.8171,-0.0439
TT,11-02-04-m-046,16,NEU,0.0993,0.2083,0.6923,-0.109
TT,11-02-04-m-046,17,NEU,0.3002,0.037,0.6628,0.2632
TT,11-02-04-m-046,18,NEU,0.0773,0.0756,0.8471,0.0018
TT,11-02-04-m-046,19,NEU,0.0484,0.3615,0.5901,-0.313
TT,11-02-04-m-046,20,NEU,0.0165,0.4367,0.5468,-0.4202
TT,11-02-04-m-046,21,POS,0.5574,0.0663,0.3762,0.4911
TT,11-02-04-m-046,22,NEU,0.1797,0.1041,0.7162,0.0756
TT,11-02-04-m-046,23,NEU,0.2431,0.1207,0.6363,0.1224
TT,11-02-04-m-046,24,NEU,0.2425,0.0915,0.6659,0.151
TT,11-02-04-m-046,25,NEU,0.0575,0.3403,0.6022,-0.2828
TT,11-02-04-m-046,26,NEU,0.3172,0.0888,0.594,0.2284
TT,11-02-04-m-046,27,POS,0.8045,0.0163,0.1791,0.7882
TT,11-02-04-m-046,28,NEU,0.4076,0.1042,0.4882,0.3033
TT,11-02-04-m-046,29,POS,0.5636,0.053,0.3834,0.5106
TT,11-02-04-m-046,30,POS,0.6513,0.0865,0.2622,0.5648
TT,11-02-04-m-046,31,NEU,0.3872,0.0784,0.5343,0.3088
TT,11-02-04-m-046,32,POS,0.6338,0.0246,0.3415,0.6092
TT,11-02-04-m-046,33,NEG,0.0146,0.7013,0.2842,-0.6867
TT,11-02-04-m-046,34,NEU,0.0664,0.0884,0.8452,-0.0221
TT,11-02-04-m-046,35,NEU,0.0178,0.3994,0.5829,-0.3816
TT,11-02-04-m-046,36,NEU,0.1272,0.0932,0.7796,0.034
TT,11-02-04-m-046,37,POS,0.5745,0.0347,0.3908,0.5398
TT,11-02-04-m-046,38,NEU,0.1416,0.0364,0.822,0.1052
TT,11-02-04-m-046,39,NEU,0.2212,0.0451,0.7337,0.1762
TT,11-02-04-m-047,0,POS,0.7846,0.0362,0.1792,0.7484
TT,11-02-04-m-047,1,POS,0.928,0.0083,0.0637,0.9197
TT,11-02-04-m-047,2,NEU,0.0381,0.1959,0.766,-0.1578
TT,11-02-04-m-047,3,NEU,0.3267,0.1432,0.5301,0.1834
TT,11-02-04-m-047,4,NEG,0.011,0.9108,0.0782,-0.8998
TT,11-02-04-m-047,5,NEG,0.0077,0.9076,0.0848,-0.8999
TT,11-02-04-m-047,6,NEU,0.0338,0.2084,0.7579,-0.1746
TT,11-02-04-m-047,7,NEU,0.0414,0.3856,0.5731,-0.3442
TT,11-02-04-m-047,8,NEU,0.0455,0.1542,0.8003,-0.1088
TT,11-02-04-m-047,9,NEG,0.0041,0.9477,0.0483,-0.9436
TT,11-02-04-m-047,10,POS,0.6598,0.0406,0.2996,0.6193
TT,11-02-04-m-047,11,NEG,0.0116,0.9147,0.0738,-0.9031
TT,11-02-04-m-047,12,NEU,0.0785,0.3597,0.5618,-0.2811
TT,11-02-04-m-047,13,NEG,0.0111,0.7872,0.2017,-0.7761
TT,11-02-04-m-047,14,POS,0.4628,0.0803,0.4569,0.3825
TT,11-02-04-m-047,15,NEU,0.3302,0.0335,0.6363,0.2966
TT,11-02-04-m-047,16,NEU,0.0985,0.1873,0.7142,-0.0888
TT,11-02-04-m-047,17,NEU,0.0529,0.2588,0.6883,-0.2058
TT,11-02-04-m-047,18,NEU,0.2985,0.1191,0.5824,0.1794
TT,11-02-04-m-047,19,NEU,0.1301,0.1568,0.7131,-0.0268
TT,11-02-04-m-047,20,NEU,0.1305,0.162,0.7076,-0.0315
TT,11-02-04-m-047,21,NEU,0.1914,0.0826,0.7261,0.1088
TT,11-02-04-m-047,22,POS,0.8276,0.0087,0.1637,0.8189
TT,11-02-04-m-047,23,NEU,0.2579,0.0861,0.656,0.1718
TT,11-02-04-m-047,24,POS,0.483,0.0462,0.4708,0.4367
TT,11-02-04-m-047,25,POS,0.6425,0.0969,0.2606,0.5456
TT,11-02-04-m-047,26,NEU,0.2511,0.0366,0.7123,0.2145
TT,11-02-04-m-047,27,NEG,0.0129,0.8772,0.1099,-0.8643
TT,11-02-04-m-047,28,NEU,0.3567,0.0411,0.6021,0.3156
TT,11-02-04-m-047,29,POS,0.8151,0.0147,0.1702,0.8004
TT,11-02-04-m-047,30,NEU,0.0763,0.0393,0.8844,0.0369
TT,11-02-04-m-047,31,NEU,0.1638,0.0986,0.7376,0.0652
TT,11-02-04-m-047,32,NEU,0.0909,0.0612,0.848,0.0297
TT,11-02-04-m-047,33,POS,0.4813,0.05,0.4687,0.4313
TT,11-02-04-m-047,34,NEU,0.1333,0.1947,0.672,-0.0614
TT,11-02-04-m-047,35,NEU,0.1651,0.187,0.6479,-0.0219
TT,11-02-04-m-047,36,NEU,0.2345,0.1147,0.6508,0.1198
TT,11-02-04-m-047,37,NEU,0.0261,0.1441,0.8298,-0.1181
TT,11-02-04-m-047,38,POS,0.7807,0.0115,0.2077,0.7692
TT,11-02-04-m-047,39,POS,0.702,0.0213,0.2767,0.6807
TT,11-02-04-m-047,40,NEG,0.095,0.4622,0.4428,-0.3671
TT,11-02-04-m-047,41,NEU,0.1762,0.0651,0.7587,0.1112
TT,11-02-04-m-047,42,POS,0.541,0.0594,0.3997,0.4816
TT,11-02-04-m-047,43,NEU,0.4031,0.0942,0.5027,0.3089
TT,11-02-04-m-047,44,POS,0.5648,0.0177,0.4175,0.5471
TT,11-02-04-m-047,45,POS,0.9643,0.0041,0.0316,0.9602
TT,11-02-04-m-051,0,POS,0.7846,0.0362,0.1792,0.7484
TT,11-02-04-m-051,1,POS,0.4958,0.038,0.4662,0.4578
TT,11-02-04-m-051,2,NEG,0.0258,0.6163,0.3579,-0.5904
TT,11-02-04-m-051,3,NEU,0.3524,0.1289,0.5187,0.2235
TT,11-02-04-m-051,4,NEU,0.1093,0.0674,0.8233,0.0419
TT,11-02-04-m-051,5,NEU,0.0426,0.3597,0.5977,-0.3172
TT,11-02-04-m-051,6,NEU,0.0281,0.3398,0.632,-0.3117
TT,11-02-04-m-051,7,NEU,0.05,0.1215,0.8285,-0.0716
TT,11-02-04-m-051,8,NEU,0.0329,0.3704,0.5966,-0.3375
TT,11-02-04-m-051,9,NEU,0.0736,0.1216,0.8049,-0.048
TT,11-02-04-m-051,10,POS,0.5413,0.1069,0.3518,0.4345
TT,11-02-04-m-051,11,NEU,0.1761,0.1199,0.704,0.0563
TT,11-02-04-m-051,12,NEU,0.1886,0.1544,0.657,0.0342
TT,11-02-04-m-051,13,NEU,0.335,0.1689,0.4961,0.1662
TT,11-02-04-m-053,0,POS,0.7846,0.0362,0.1792,0.7484
TT,11-02-04-m-053,1,NEG,0.0191,0.7705,0.2104,-0.7514
TT,11-02-04-m-053,2,NEG,0.0043,0.9176,0.0781,-0.9134
TT,11-02-04-m-053,3,NEG,0.0026,0.9808,0.0166,-0.9782
TT,11-02-04-m-053,4,NEG,0.0191,0.8825,0.0983,-0.8634
TT,11-02-04-m-053,5,NEU,0.0806,0.2827,0.6367,-0.2022
TT,11-02-04-m-053,6,NEG,0.0188,0.8238,0.1574,-0.805
TT,11-02-04-m-053,7,NEG,0.0064,0.9167,0.0769,-0.9103
TT,11-02-04-m-053,8,NEG,0.0218,0.5165,0.4617,-0.4948
TT,11-02-04-m-053,9,NEG,0.0115,0.805,0.1835,-0.7935
TT,11-02-04-m-053,10,NEG,0.0245,0.7228,0.2527,-0.6984
TT,11-02-04-p-121,0,POS,0.7846,0.0362,0.1792,0.7484
TT,11-02-04-p-121,1,NEG,0.0425,0.6461,0.3113,-0.6036
TT,11-02-04-p-121,2,POS,0.6294,0.0302,0.3404,0.5992
TT,11-02-04-p-121,3,NEU,0.3052,0.0335,0.6614,0.2717
TT,11-02-04-p-121,4,POS,0.5014,0.0299,0.4687,0.4715
TT,11-02-04-p-121,5,NEU,0.0899,0.1669,0.7432,-0.0771
TT,11-02-04-p-121,6,NEU,0.263,0.0214,0.7156,0.2415
TT,11-02-04-p-121,7,POS,0.5426,0.0196,0.4378,0.5231
TT,11-02-04-p-121,8,NEU,0.0835,0.1031,0.8134,-0.0196
TT,11-02-04-p-121,9,POS,0.5955,0.0204,0.3841,0.5752
TT,11-02-04-p-121,10,POS,0.4955,0.0447,0.4597,0.4508
TT,11-02-04-p-121,11,POS,0.9666,0.003,0.0304,0.9635
TT,11-02-04-p-121,12,NEU,0.157,0.0838,0.7592,0.0732
TT,11-02-04-p-121,13,POS,0.8452,0.0062,0.1486,0.839
TT,11-02-04-p-121,14,NEU,0.2425,0.0272,0.7303,0.2153
TT,11-02-04-p-121,15,POS,0.61,0.0671,0.3229,0.5429
TT,11-02-04-p-121,16,NEU,0.2835,0.1265,0.5901,0.157
TT,11-02-04-p-121,17,NEG,0.0099,0.8713,0.1188,-0.8615
TT,11-02-04-p-121,18,NEG,0.0098,0.9066,0.0835,-0.8968
TT,11-02-04-p-121,19,NEG,0.0238,0.8865,0.0897,-0.8627
TT,11-02-04-p-121,20,NEG,0.0311,0.5865,0.3825,-0.5554
TT,11-02-04-p-121,21,NEU,0.0498,0.3317,0.6185,-0.2819
TT,11-02-04-p-121,22,NEU,0.0419,0.154,0.8042,-0.1121
TT,11-02-04-p-121,23,NEG,0.0373,0.5036,0.4591,-0.4664
TT,11-02-04-p-121,24,NEU,0.0326,0.2729,0.6945,-0.2403
TT,11-02-04-p-121,25,NEG,0.0079,0.9027,0.0894,-0.8948
TT,11-02-04-p-121,26,NEU,0.0447,0.3671,0.5882,-0.3224
TT,11-02-04-p-121,27,NEU,0.2514,0.0829,0.6656,0.1685
TT,11-02-04-p-121,28,NEU,0.0581,0.363,0.5788,-0.3049
TT,11-02-04-p-121,29,NEU,0.0352,0.212,0.7528,-0.1768
TT,11-02-04-p-121,30,NEU,0.0549,0.0702,0.8749,-0.0153
TT,11-02-04-p-121,31,NEU,0.044,0.0671,0.8889,-0.023
TT,11-02-04-p-121,32,NEU,0.0471,0.0576,0.8953,-0.0104
TT,11-02-04-p-121,33,NEU,0.0446,0.3372,0.6182,-0.2926
TT,11-02-04-p-121,34,NEU,0.0652,0.0456,0.8892,0.0195
TT,11-02-04-p-121,35,POS,0.854,0.0047,0.1413,0.8492
TT,11-02-04-p-121,36,POS,0.8596,0.0125,0.1279,0.8472
TT,11-02-04-p-121,37,NEU,0.0335,0.3289,0.6376,-0.2954
TT,11-02-04-p-121,38,POS,0.9245,0.0092,0.0664,0.9153
TT,11-02-04-p-121,39,POS,0.5098,0.0311,0.4591,0.4787
TT,11-02-04-p-121,40,NEU,0.3507,0.1522,0.4971,0.1986
TT,11-02-04-p-121,41,NEU,0.0393,0.413,0.5477,-0.3738
TT,11-02-04-p-121,42,NEU,0.2105,0.0544,0.7351,0.1561
TT,11-02-04-p-121,43,NEU,0.26,0.0352,0.7048,0.2248
TT,11-02-04-p-121,44,NEU,0.2663,0.0283,0.7054,0.238
TT,11-02-04-p-121,45,POS,0.5734,0.0125,0.4141,0.5608
TT,11-02-04-p-121,46,NEU,0.3351,0.0436,0.6213,0.2916
TT,11-02-04-p-121,47,NEU,0.4035,0.1301,0.4664,0.2734
TT,11-02-04-p-121,48,NEU,0.4041,0.0369,0.5589,0.3672
TT,11-02-04-p-121,49,NEU,0.2834,0.081,0.6356,0.2024
TT,11-02-04-p-121,50,POS,0.7955,0.0216,0.183,0.7739
TT,11-02-04-p-121,51,NEU,0.335,0.1689,0.4961,0.1662
TT,11-02-04-p-124,0,NEG,0.0043,0.9634,0.0323,-0.959
TT,11-02-04-p-124,1,NEG,0.022,0.8112,0.1668,-0.7893
TT,11-02-04-p-124,2,POS,0.7324,0.0207,0.2468,0.7117
TT,11-02-04-p-124,3,POS,0.5988,0.1516,0.2496,0.4472
TT,11-02-04-p-124,4,NEG,0.0101,0.8777,0.1121,-0.8676
TT,11-02-04-p-124,5,NEU,0.09,0.2478,0.6621,-0.1578
TT,11-02-04-p-124,6,NEG,0.0057,0.9335,0.0608,-0.9278
TT,11-02-04-p-124,7,NEG,0.0487,0.6845,0.2668,-0.6358
TT,11-02-04-p-124,8,NEG,0.0069,0.9202,0.0729,-0.9133
TT,11-02-04-p-124,9,NEG,0.0075,0.9359,0.0567,-0.9284
TT,11-02-04-p-124,10,NEU,0.0914,0.2178,0.6909,-0.1264
TT,11-02-04-p-124,11,NEU,0.0614,0.4048,0.5337,-0.3434
TT,11-02-04-p-124,12,NEG,0.0255,0.49,0.4845,-0.4645
TT,11-02-04-p-124,13,NEU,0.1887,0.1997,0.6116,-0.011
TT,11-02-04-p-129,0,NEU,0.1968,0.2661,0.5371,-0.0692
TT,11-02-04-p-129,1,NEU,0.1917,0.1544,0.6539,0.0373
TT,11-02-04-p-129,2,NEU,0.3127,0.2169,0.4704,0.0958
TT,11-02-04-p-129,3,NEG,0.0232,0.8714,0.1054,-0.8482
TT,11-02-04-p-129,4,NEG,0.0041,0.9764,0.0196,-0.9723
TT,11-02-04-p-129,5,NEG,0.0109,0.7352,0.2539,-0.7243
TT,11-02-04-p-129,6,NEG,0.0047,0.9628,0.0325,-0.9581
TT,11-02-04-p-129,7,NEU,0.089,0.1143,0.7967,-0.0253
TT,11-02-04-p-129,8,NEG,0.0293,0.5815,0.3892,-0.5522
TT,11-02-04-p-129,9,NEG,0.0139,0.6887,0.2974,-0.6749
TT,11-02-04-p-129,10,NEG,0.0052,0.9617,0.0331,-0.9564
TT,11-02-04-p-129,11,NEU,0.0259,0.4806,0.4935,-0.4547
TT,11-02-04-p-129,12,NEG,0.0477,0.6769,0.2754,-0.6292
TT,11-02-04-p-129,13,NEU,0.0634,0.0825,0.854,-0.0191
TT,11-02-04-p-129,14,NEG,0.0133,0.8822,0.1045,-0.869
TT,11-02-04-p-129,15,NEG,0.0064,0.8983,0.0953,-0.8919
TT,11-02-04-p-129,16,NEG,0.0055,0.9615,0.033,-0.956
TT,11-02-04-p-129,17,NEG,0.0196,0.525,0.4553,-0.5054
TT,11-02-04-p-129,18,NEU,0.2031,0.248,0.549,-0.0449
TT,11-02-04-p-132,0,POS,0.7328,0.0441,0.2231,0.6887
TT,11-02-04-p-132,1,NEG,0.003,0.9802,0.0168,-0.9772
TT,11-02-04-p-132,2,NEG,0.0264,0.782,0.1916,-0.7557
TT,11-02-04-p-132,3,NEG,0.0063,0.9579,0.0359,-0.9516
TT,11-02-04-p-132,4,NEG,0.0165,0.7686,0.2149,-0.7521
TT,11-02-04-p-132,5,NEG,0.0141,0.7249,0.2609,-0.7108
TT,11-02-04-p-132,6,NEU,0.1607,0.2957,0.5436,-0.1349
TT,11-02-04-p-132,7,NEU,0.182,0.3351,0.4829,-0.1531
TT,11-02-04-p-132,8,NEG,0.0025,0.9754,0.0221,-0.9729
TT,11-02-04-p-132,9,NEG,0.0053,0.9521,0.0426,-0.9467
TT,11-02-04-p-132,10,NEG,0.0254,0.7226,0.252,-0.6972
TT,11-02-04-p-132,11,NEU,0.437,0.0143,0.5487,0.4228
TT,11-02-04-p-132,12,NEG,0.0039,0.9681,0.028,-0.9642
TT,11-02-04-p-132,13,NEG,0.0122,0.8046,0.1832,-0.7924
TT,11-02-04-p-132,14,NEG,0.0102,0.7495,0.2403,-0.7393
TT,11-02-04-p-132,15,NEG,0.0032,0.9734,0.0233,-0.9702
TT,11-02-04-p-132,16,NEU,0.0908,0.108,0.8012,-0.0173
TT,11-02-04-p-140,0,POS,0.7846,0.0362,0.1792,0.7484
TT,11-02-04-p-140,1,POS,0.8918,0.0104,0.0978,0.8814
TT,11-02-04-p-140,2,POS,0.4902,0.0309,0.4789,0.4594
TT,11-02-04-p-140,3,NEU,0.0831,0.1496,0.7674,-0.0665
TT,11-02-04-p-140,4,NEG,0.0281,0.539,0.433,-0.5109
TT,11-02-04-p-140,5,NEU,0.1218,0.0538,0.8244,0.0681
TT,11-02-04-p-140,6,NEG,0.0125,0.882,0.1055,-0.8695
TT,11-02-04-p-140,7,NEU,0.1791,0.0886,0.7323,0.0905
TT,11-02-04-p-140,8,NEG,0.0061,0.9115,0.0824,-0.9054
TT,11-02-04-p-140,9,NEG,0.0044,0.9495,0.0461,-0.9451
TT,11-02-04-p-140,10,NEG,0.004,0.9745,0.0215,-0.9706
TT,11-02-04-p-140,11,NEG,0.0076,0.9176,0.0747,-0.91
TT,11-02-04-p-140,12,NEU,0.3593,0.0436,0.5971,0.3157
TT,11-02-04-p-140,13,NEG,0.0126,0.7564,0.2311,-0.7438
TT,11-02-04-p-140,14,NEG,0.0248,0.7484,0.2267,-0.7236
TT,11-02-04-p-140,15,NEG,0.0137,0.8912,0.0951,-0.8774
TT,11-02-04-p-140,16,NEG,0.0034,0.977,0.0196,-0.9737
TT,11-02-04-p-140,17,POS,0.6413,0.028,0.3306,0.6133
TT,11-02-04-p-140,18,POS,0.6729,0.0226,0.3045,0.6502
TT,11-02-04-p-140,19,NEU,0.1753,0.382,0.4427,-0.2067
TT,11-02-04-p-140,20,NEU,0.2567,0.0311,0.7122,0.2256
TT,11-02-04-p-140,21,POS,0.6989,0.0116,0.2895,0.6873
TT,11-02-04-p-140,22,POS,0.5852,0.0485,0.3663,0.5368
TT,11-02-04-p-140,23,NEU,0.2734,0.1133,0.6134,0.1601
TT,11-02-04-p-140,24,NEU,0.1667,0.0606,0.7727,0.106
TT,11-02-04-p-140,25,POS,0.7846,0.0362,0.1792,0.7484
TT,12-02-04-m-006,0,NEU,0.1968,0.2661,0.5371,-0.0692
TT,12-02-04-m-006,1,POS,0.7925,0.0233,0.1841,0.7692
TT,12-02-04-m-006,2,POS,0.9285,0.0079,0.0636,0.9206
TT,12-02-04-m-006,3,POS,0.9372,0.004,0.0588,0.9332
TT,12-02-04-m-006,4,POS,0.9256,0.0051,0.0693,0.9205
TT,12-02-04-m-006,5,NEU,0.1403,0.4021,0.4576,-0.2618
TT,12-02-04-m-006,6,NEU,0.1228,0.2255,0.6517,-0.1027
TT,12-02-04-m-006,7,NEU,0.1026,0.2672,0.6303,-0.1646
TT,12-02-04-m-006,8,NEG,0.0045,0.9393,0.0562,-0.9348
TT,12-02-04-m-006,9,NEG,0.0239,0.6795,0.2967,-0.6556
TT,12-02-04-m-006,10,NEG,0.0032,0.9799,0.0169,-0.9768
TT,12-02-04-m-006,11,NEG,0.0344,0.5904,0.3751,-0.556
TT,12-02-04-m-006,12,NEU,0.281,0.1031,0.6159,0.1779
TT,12-02-04-m-006,13,NEU,0.0666,0.174,0.7594,-0.1074
TT,12-02-04-m-006,14,POS,0.6276,0.0141,0.3582,0.6135
TT,12-02-04-m-006,15,NEU,0.0898,0.1159,0.7943,-0.026
TT,12-02-04-m-006,16,POS,0.6528,0.0198,0.3275,0.633
TT,12-02-04-m-006,17,NEU,0.3539,0.037,0.6091,0.3169
TT,12-02-04-m-006,18,NEU,0.123,0.1878,0.6892,-0.0648
TT,12-02-04-m-006,19,NEU,0.0404,0.3809,0.5787,-0.3406
TT,12-02-04-m-006,20,POS,0.8909,0.0078,0.1013,0.8831
TT,12-02-04-m-006,21,NEU,0.2731,0.0583,0.6686,0.2147
TT,12-02-04-m-006,22,NEU,0.0708,0.0712,0.858,-0.0003
TT,12-02-04-m-006,23,NEU,0.0423,0.165,0.7927,-0.1227
TT,12-02-04-m-006,24,POS,0.5422,0.0369,0.4209,0.5053
TT,12-02-04-m-006,25,NEU,0.4092,0.0803,0.5105,0.3289
TT,12-02-04-m-006,26,POS,0.4925,0.0628,0.4447,0.4297
TT,12-02-04-m-006,27,NEG,0.0071,0.9147,0.0782,-0.9076
TT,12-02-04-m-006,28,NEG,0.0089,0.9293,0.0618,-0.9203
TT,12-02-04-m-006,29,NEU,0.3996,0.1673,0.4331,0.2323
TT,12-02-04-m-006,30,POS,0.9546,0.0042,0.0412,0.9505
TT,12-02-04-m-006,31,POS,0.7787,0.0246,0.1967,0.7541
TT,12-02-04-m-006,32,NEG,0.0616,0.6534,0.285,-0.5917
TT,12-02-04-m-006,33,NEU,0.1352,0.0674,0.7973,0.0678
TT,12-02-04-m-006,34,NEU,0.4309,0.0245,0.5446,0.4064
TT,12-02-04-m-006,35,NEU,0.3479,0.0607,0.5914,0.2873
TT,12-02-04-m-006,36,NEU,0.441,0.0282,0.5308,0.4128
TT,12-02-04-m-006,37,NEG,0.0312,0.7181,0.2507,-0.6869
TT,12-02-04-m-006,38,NEG,0.1322,0.5962,0.2716,-0.464
TT,12-02-04-m-006,39,POS,0.6281,0.0158,0.356,0.6123
TT,12-02-04-m-006,40,NEU,0.3726,0.1721,0.4554,0.2005
TT,12-02-04-m-016,0,POS,0.8009,0.0321,0.1669,0.7688
TT,12-02-04-m-016,1,POS,0.9647,0.0036,0.0317,0.961
TT,12-02-04-m-016,2,NEG,0.0039,0.9569,0.0392,-0.9529
TT,12-02-04-m-016,3,NEG,0.0153,0.8561,0.1286,-0.8408
TT,12-02-04-m-016,4,NEG,0.0102,0.8463,0.1435,-0.8361
TT,12-02-04-m-016,5,NEG,0.0125,0.9013,0.0862,-0.8888
TT,12-02-04-m-016,6,NEG,0.0055,0.9329,0.0617,-0.9274
TT,12-02-04-m-016,7,NEG,0.0095,0.7459,0.2446,-0.7364
TT,12-02-04-m-016,8,NEG,0.012,0.8581,0.13,-0.8461
TT,12-02-04-m-016,9,NEG,0.0032,0.9616,0.0352,-0.9584
TT,12-02-04-m-019,0,NEU,0.3826,0.0306,0.5869,0.352
TT,12-02-04-m-019,1,NEU,0.1972,0.0484,0.7544,0.1489
TT,12-02-04-m-019,2,NEU,0.1375,0.0788,0.7838,0.0587
TT,12-02-04-m-019,3,NEG,0.0165,0.7199,0.2637,-0.7034
TT,12-02-04-m-019,4,NEU,0.0574,0.1912,0.7514,-0.1337
TT,12-02-04-m-019,5,NEG,0.0334,0.6752,0.2914,-0.6418
TT,12-02-04-m-019,6,NEG,0.0183,0.8475,0.1342,-0.8292
TT,12-02-04-m-019,7,NEG,0.0068,0.9324,0.0607,-0.9256
TT,12-02-04-m-019,8,NEG,0.0108,0.8579,0.1313,-0.847
TT,12-02-04-m-019,9,NEG,0.0058,0.9511,0.0432,-0.9453
TT,12-02-04-m-019,10,NEU,0.0511,0.1041,0.8448,-0.053
TT,12-02-04-m-019,11,POS,0.7019,0.0316,0.2665,0.6703
TT,12-02-04-m-019,12,NEU,0.0527,0.2984,0.6489,-0.2458
TT,12-02-04-m-019,13,NEG,0.0105,0.8495,0.14,-0.8389
TT,12-02-04-m-019,14,NEG,0.0057,0.9408,0.0535,-0.9351
TT,12-02-04-m-019,15,NEG,0.0069,0.9251,0.0681,-0.9182
TT,12-02-04-m-019,16,NEU,0.3333,0.0571,0.6096,0.2761
TT,12-02-04-m-019,17,NEU,0.3045,0.0411,0.6544,0.2634
TT,12-02-04-m-019,18,NEU,0.1192,0.3773,0.5035,-0.2581
TT,12-02-04-m-019,19,NEU,0.1202,0.2622,0.6176,-0.142
TT,12-02-04-m-019,20,NEU,0.335,0.1689,0.4961,0.1662
TT,12-02-04-m-019,21,NEG,0.0284,0.7767,0.1949,-0.7482
TT,12-02-04-m-020,0,NEU,0.2584,0.1878,0.5537,0.0706
TT,12-02-04-m-020,1,NEG,0.0216,0.7579,0.2204,-0.7363
TT,12-02-04-m-020,2,NEU,0.3963,0.147,0.4567,0.2493
TT,12-02-04-m-020,3,POS,0.6297,0.0354,0.3349,0.5943
TT,12-02-04-m-020,4,NEG,0.0082,0.9031,0.0886,-0.8949
TT,12-02-04-m-020,5,NEG,0.0022,0.9843,0.0135,-0.9821
TT,12-02-04-m-020,6,NEG,0.0044,0.9525,0.0431,-0.9481
TT,12-02-04-m-020,7,NEG,0.0072,0.922,0.0709,-0.9148
TT,12-02-04-m-020,8,NEU,0.3653,0.0853,0.5494,0.28
TT,12-02-04-m-020,9,POS,0.9581,0.0061,0.0358,0.952
TT,12-02-04-m-020,10,NEU,0.0326,0.3392,0.6282,-0.3066
TT,12-02-04-m-020,11,NEU,0.3776,0.048,0.5744,0.3295
TT,12-02-04-m-020,12,NEG,0.0038,0.9668,0.0294,-0.9631
TT,12-02-04-m-020,13,NEU,0.335,0.1689,0.4961,0.1662
TT,12-02-04-m-021,0,POS,0.7527,0.0462,0.2011,0.7065
TT,12-02-04-m-021,1,POS,0.4874,0.0855,0.4271,0.402
TT,12-02-04-m-021,2,POS,0.4469,0.1318,0.4213,0.3152
TT,12-02-04-m-021,3,NEU,0.0626,0.3547,0.5827,-0.2921
TT,12-02-04-m-021,4,NEU,0.021,0.3311,0.6479,-0.3101
TT,12-02-04-m-021,5,NEU,0.3588,0.048,0.5933,0.3108
TT,12-02-04-m-021,6,NEG,0.0068,0.9143,0.0788,-0.9075
TT,12-02-04-m-021,7,NEG,0.0068,0.9009,0.0923,-0.8941
TT,12-02-04-m-021,8,NEG,0.0036,0.9564,0.04,-0.9528
TT,12-02-04-m-021,9,POS,0.5822,0.0511,0.3667,0.5312
TT,12-02-04-m-021,10,NEU,0.0479,0.3626,0.5895,-0.3147
TT,12-02-04-m-021,11,NEG,0.0127,0.6778,0.3094,-0.6651
TT,12-02-04-m-021,12,NEG,0.0145,0.71,0.2755,-0.6955
TT,12-02-04-m-021,13,NEG,0.0164,0.797,0.1865,-0.7806
TT,12-02-04-m-021,14,NEU,0.1644,0.1422,0.6934,0.0222
TT,12-02-04-m-021,15,NEU,0.3223,0.0875,0.5902,0.2348
TT,12-02-04-m-021,16,POS,0.7527,0.0462,0.2011,0.7065
TT,12-02-04-m-025,0,POS,0.9059,0.013,0.0812,0.8929
TT,12-02-04-m-025,1,NEG,0.0023,0.958,0.0397,-0.9556
TT,12-02-04-m-025,2,NEG,0.0172,0.7792,0.2036,-0.762
TT,12-02-04-m-025,3,POS,0.7696,0.011,0.2195,0.7586
TT,12-02-04-m-025,4,NEG,0.0035,0.9477,0.0488,-0.9443
TT,12-02-04-m-025,5,NEG,0.0128,0.8004,0.1869,-0.7876
TT,12-02-04-m-025,6,NEU,0.0598,0.3407,0.5995,-0.2808
TT,12-02-04-m-025,7,NEG,0.0048,0.9516,0.0436,-0.9467
TT,12-02-04-m-025,8,NEG,0.0127,0.7395,0.2477,-0.7268
TT,12-02-04-m-025,9,NEG,0.0302,0.5242,0.4456,-0.4941
TT,12-02-04-m-025,10,NEG,0.0172,0.6056,0.3771,-0.5884
TT,12-02-04-m-025,11,NEU,0.1515,0.2003,0.6482,-0.0488
TT,12-02-04-m-025,12,NEG,0.0063,0.9303,0.0634,-0.924
TT,12-02-04-m-025,13,NEG,0.0032,0.9509,0.0459,-0.9477
TT,12-02-04-m-025,14,NEU,0.028,0.3571,0.6149,-0.329
TT,12-02-04-m-025,15,NEU,0.1651,0.2747,0.5602,-0.1096
TT,12-02-04-m-025,16,NEG,0.0036,0.9289,0.0675,-0.9254
TT,12-02-04-m-027,0,POS,0.7846,0.0362,0.1792,0.7484
TT,12-02-04-m-027,1,POS,0.9534,0.0059,0.0407,0.9474
TT,12-02-04-m-027,2,POS,0.8988,0.0067,0.0945,0.8921
TT,12-02-04-m-027,3,POS,0.9439,0.0036,0.0525,0.9402
TT,12-02-04-m-027,4,POS,0.6196,0.0429,0.3375,0.5768
TT,12-02-04-m-027,5,NEG,0.0211,0.7738,0.2051,-0.7528
TT,12-02-04-m-027,6,NEU,0.1046,0.0534,0.842,0.0511
TT,12-02-04-m-027,7,NEU,0.0787,0.1508,0.7705,-0.0721
TT,12-02-04-m-027,8,NEU,0.0701,0.0716,0.8584,-0.0015
TT,12-02-04-m-027,9,NEG,0.005,0.9586,0.0365,-0.9536
TT,12-02-04-m-027,10,NEU,0.2778,0.2576,0.4646,0.0202
TT,12-02-04-m-027,11,NEU,0.1632,0.1731,0.6637,-0.0099
TT,12-02-04-m-027,12,NEU,0.0292,0.4168,0.554,-0.3876
TT,12-02-04-m-027,13,NEU,0.1179,0.204,0.6782,-0.0861
TT,12-02-04-m-027,14,POS,0.7603,0.0312,0.2085,0.729
TT,12-02-04-m-031,0,POS,0.9033,0.0185,0.0781,0.8848
TT,12-02-04-m-031,1,POS,0.8552,0.0194,0.1254,0.8358
TT,12-02-04-m-031,2,NEU,0.1337,0.1423,0.724,-0.0086
TT,12-02-04-m-031,3,POS,0.4968,0.0381,0.4652,0.4587
TT,12-02-04-m-031,4,NEU,0.1646,0.2815,0.5539,-0.1168
TT,12-02-04-m-031,5,NEU,0.1286,0.2723,0.5991,-0.1436
TT,12-02-04-m-031,6,POS,0.6192,0.0149,0.3659,0.6044
TT,12-02-04-m-031,7,NEU,0.1402,0.2254,0.6345,-0.0852
TT,12-02-04-m-031,8,NEG,0.3679,0.406,0.2262,-0.0381
TT,12-02-04-m-031,9,POS,0.9671,0.0036,0.0293,0.9635
TT,12-02-04-m-031,10,NEG,0.0173,0.8257,0.157,-0.8084
TT,12-02-04-m-031,11,NEU,0.09,0.0647,0.8453,0.0253
TT,12-02-04-m-031,12,NEU,0.2168,0.0723,0.7109,0.1445
TT,12-02-04-m-031,13,POS,0.6459,0.0247,0.3294,0.6212
TT,12-02-04-m-031,14,POS,0.6509,0.0589,0.2902,0.5921
TT,12-02-04-m-031,15,POS,0.966,0.0034,0.0306,0.9626
TT,12-02-04-m-031,16,POS,0.8795,0.0156,0.1049,0.8639
TT,12-02-04-m-031,17,NEU,0.3481,0.0514,0.6005,0.2967
TT,12-02-04-m-031,18,NEU,0.354,0.0347,0.6113,0.3193
TT,12-02-04-m-031,19,NEU,0.113,0.1029,0.7841,0.0101
TT,12-02-04-m-031,20,NEU,0.019,0.3815,0.5995,-0.3624
TT,12-02-04-m-031,21,NEU,0.2671,0.031,0.702,0.2361
TT,12-02-04-m-031,22,POS,0.5815,0.0532,0.3653,0.5283
TT,12-02-04-m-031,23,POS,0.6459,0.0412,0.3129,0.6048
TT,12-02-04-m-031,24,NEU,0.2868,0.0425,0.6707,0.2443
TT,12-02-04-m-031,25,NEU,0.0347,0.3917,0.5737,-0.357
TT,12-02-04-m-031,26,NEG,0.0193,0.517,0.4636,-0.4977
TT,12-02-04-m-031,27,NEU,0.4411,0.028,0.5309,0.4132
TT,12-02-04-m-031,28,NEU,0.0959,0.0242,0.8799,0.0717
TT,12-02-04-m-031,29,POS,0.716,0.0323,0.2517,0.6836
TT,12-02-04-m-031,30,NEU,0.3068,0.0272,0.666,0.2796
TT,12-02-04-m-031,31,NEU,0.3824,0.0477,0.57,0.3347
TT,12-02-04-m-031,32,POS,0.8819,0.0079,0.1102,0.874
TT,12-02-04-m-031,33,POS,0.9112,0.0099,0.0789,0.9013
TT,12-02-04-m-031,34,NEU,0.0908,0.1236,0.7855,-0.0328
TT,12-02-04-m-031,35,NEU,0.054,0.1044,0.8416,-0.0504
TT,12-02-04-m-031,36,NEU,0.1695,0.1529,0.6776,0.0167
TT,12-02-04-m-031,37,NEU,0.0939,0.2915,0.6146,-0.1976
TT,12-02-04-m-031,38,POS,0.5788,0.0412,0.38,0.5376
TT,12-02-04-m-031,39,NEU,0.3991,0.0662,0.5347,0.333
TT,12-02-04-m-031,40,NEU,0.3393,0.0557,0.6051,0.2836
TT,12-02-04-m-031,41,NEG,0.0202,0.7772,0.2026,-0.7571
TT,12-02-04-m-031,42,POS,0.7721,0.0152,0.2127,0.757
TT,12-02-04-m-031,43,POS,0.5112,0.0288,0.4601,0.4824
TT,12-02-04-m-031,44,POS,0.737,0.0165,0.2464,0.7205
TT,12-02-04-m-031,45,POS,0.7071,0.0299,0.263,0.6772
TT,12-02-04-m-031,46,POS,0.9476,0.0046,0.0479,0.943
TT,12-02-04-m-031,47,NEU,0.335,0.1689,0.4961,0.1662
TT,12-02-04-m-037,0,POS,0.6499,0.0651,0.285,0.5849
TT,12-02-04-m-037,1,NEU,0.1907,0.1761,0.6332,0.0146
TT,12-02-04-m-037,2,POS,0.7898,0.0137,0.1965,0.7761
TT,12-02-04-m-037,3,POS,0.957,0.003,0.04,0.9539
TT,12-02-04-m-037,4,NEU,0.0388,0.0783,0.8829,-0.0396
TT,12-02-04-m-037,5,NEU,0.2613,0.0235,0.7151,0.2378
TT,12-02-04-m-037,6,NEU,0.3001,0.0608,0.6392,0.2393
TT,12-02-04-m-037,7,NEU,0.0905,0.0375,0.872,0.0531
TT,12-02-04-m-037,8,NEU,0.3022,0.0706,0.6272,0.2316
TT,12-02-04-m-037,9,NEU,0.1744,0.0318,0.7938,0.1425
TT,12-02-04-m-037,10,NEG,0.0036,0.9027,0.0937,-0.8991
TT,12-02-04-m-037,11,POS,0.6201,0.0806,0.2993,0.5396
TT,12-02-04-m-037,12,NEU,0.0578,0.0965,0.8456,-0.0387
TT,12-02-04-m-037,13,NEU,0.1619,0.0715,0.7666,0.0904
TT,12-02-04-m-037,14,NEU,0.3333,0.0303,0.6364,0.303
TT,12-02-04-m-037,15,POS,0.6001,0.0165,0.3834,0.5835
TT,12-02-04-m-037,16,NEU,0.1714,0.1487,0.6799,0.0227
TT,12-02-04-m-037,17,NEG,0.0702,0.5609,0.3689,-0.4907
TT,12-02-04-m-037,18,NEG,0.005,0.887,0.108,-0.882
TT,12-02-04-m-037,19,NEU,0.1531,0.2837,0.5632,-0.1307
TT,12-02-04-m-037,20,NEU,0.1605,0.1719,0.6676,-0.0114
TT,12-02-04-m-037,21,POS,0.4934,0.0581,0.4485,0.4354
TT,12-02-04-m-037,22,NEG,0.0184,0.7473,0.2343,-0.7289
TT,12-02-04-m-037,23,NEU,0.0534,0.1823,0.7644,-0.1289
TT,12-02-04-m-044,0,NEU,0.3525,0.1647,0.4828,0.1877
TT,12-02-04-m-044,1,POS,0.7812,0.03,0.1888,0.7513
TT,12-02-04-m-044,2,NEU,0.2935,0.0463,0.6602,0.2471
TT,12-02-04-m-044,3,NEU,0.059,0.0755,0.8655,-0.0166
TT,12-02-04-m-044,4,NEU,0.4498,0.0515,0.4986,0.3983
TT,12-02-04-m-044,5,NEU,0.2047,0.0956,0.6997,0.109
TT,12-02-04-m-044,6,NEU,0.4578,0.03,0.5122,0.4277
TT,12-02-04-m-044,7,POS,0.7703,0.0325,0.1972,0.7378
TT,12-02-04-m-044,8,NEU,0.2539,0.1369,0.6091,0.117
TT,12-02-04-m-044,9,NEU,0.0638,0.2594,0.6768,-0.1955
TT,12-02-04-m-044,10,NEG,0.0041,0.8867,0.1092,-0.8826
TT,12-02-04-m-044,11,NEG,0.0155,0.6104,0.3741,-0.5949
TT,12-02-04-m-044,12,NEU,0.0896,0.3399,0.5705,-0.2503
TT,12-02-04-m-044,13,NEU,0.0812,0.4557,0.4631,-0.3745
TT,12-02-04-m-044,14,NEU,0.3004,0.0642,0.6354,0.2362
TT,12-02-04-m-044,15,POS,0.4909,0.0684,0.4407,0.4225
TT,12-02-04-m-044,16,NEU,0.4042,0.1152,0.4806,0.2891
TT,12-02-04-m-044,17,POS,0.7047,0.0178,0.2775,0.6869
TT,12-02-04-m-044,18,NEG,0.0483,0.5734,0.3784,-0.5251
TT,12-02-04-m-044,19,POS,0.6998,0.0148,0.2854,0.685
TT,12-02-04-m-044,20,NEU,0.0465,0.3819,0.5716,-0.3354
TT,12-02-04-m-044,21,NEU,0.1081,0.0875,0.8045,0.0206
TT,12-02-04-m-044,22,NEG,0.0035,0.964,0.0325,-0.9605
TT,12-02-04-m-044,23,NEU,0.4768,0.0167,0.5065,0.4601
TT,12-02-04-m-044,24,POS,0.8467,0.0117,0.1416,0.8349
TT,12-02-04-m-044,25,POS,0.7134,0.0283,0.2583,0.6851
TT,12-02-04-m-044,26,NEU,0.335,0.1689,0.4961,0.1662
TT,12-02-04-p-127,0,POS,0.9411,0.0074,0.0516,0.9337
TT,12-02-04-p-127,1,NEG,0.0178,0.6842,0.298,-0.6664
TT,12-02-04-p-127,2,NEG,0.097,0.495,0.408,-0.398
TT,12-02-04-p-127,3,POS,0.8784,0.0317,0.0899,0.8466
TT,12-02-04-p-127,4,NEG,0.0142,0.7849,0.2009,-0.7707
TT,12-02-04-p-131,0,NEU,0.3607,0.0701,0.5692,0.2906
TT,12-02-04-p-131,1,NEU,0.2041,0.0482,0.7477,0.1559
TT,12-02-04-p-131,2,NEU,0.1054,0.2539,0.6406,-0.1485
TT,12-02-04-p-131,3,NEG,0.0044,0.9446,0.051,-0.9402
TT,12-02-04-p-131,4,NEG,0.0222,0.7145,0.2633,-0.6923
TT,12-02-04-p-131,5,POS,0.546,0.0195,0.4345,0.5265
TT,12-02-04-p-131,6,NEU,0.3953,0.0324,0.5723,0.3629
TT,12-02-04-p-131,7,NEG,0.0107,0.8377,0.1516,-0.827
TT,12-02-04-p-131,8,NEU,0.1615,0.0942,0.7443,0.0673
TT,12-02-04-p-131,9,NEG,0.0086,0.9281,0.0633,-0.9196
TT,12-02-04-p-131,10,NEU,0.269,0.0217,0.7093,0.2473
TT,12-02-04-p-131,11,POS,0.7708,0.0239,0.2052,0.7469
TT,12-02-04-p-131,12,NEG,0.0365,0.6829,0.2806,-0.6464
TT,12-02-04-p-131,13,NEG,0.0077,0.8305,0.1618,-0.8228
TT,12-02-04-p-131,14,POS,0.9466,0.0073,0.0461,0.9392
TT,12-02-04-p-131,15,NEU,0.4538,0.0344,0.5118,0.4194
TT,12-02-04-p-131,16,NEU,0.1165,0.2033,0.6802,-0.0869
TT,12-02-04-p-131,17,POS,0.7622,0.0191,0.2186,0.7431
TT,12-02-04-p-131,18,POS,0.9009,0.0112,0.0879,0.8896
TT,12-02-04-p-131,19,NEG,0.0073,0.952,0.0407,-0.9446
TT,12-02-04-p-131,20,NEU,0.0806,0.2539,0.6655,-0.1733
TT,12-02-04-p-131,21,NEU,0.4146,0.1232,0.4622,0.2914
TT,12-02-04-p-131,22,NEU,0.0218,0.3046,0.6736,-0.2828
TT,12-02-04-p-131,23,NEU,0.0223,0.3587,0.619,-0.3364
TT,12-02-04-p-131,24,POS,0.598,0.0259,0.3761,0.572
TT,12-02-04-p-131,25,NEU,0.2534,0.0406,0.706,0.2128
TT,12-02-04-p-131,26,NEU,0.4028,0.0285,0.5687,0.3744
TT,12-02-04-p-131,27,POS,0.7363,0.026,0.2377,0.7103
TT,12-02-04-p-131,28,NEU,0.3229,0.0867,0.5904,0.2362
TT,12-02-04-p-131,29,NEU,0.0493,0.2433,0.7074,-0.1941
TT,12-02-04-p-131,30,POS,0.9478,0.0099,0.0422,0.9379
TT,12-02-04-p-131,31,NEG,0.0018,0.9836,0.0147,-0.9818
TT,12-02-04-p-131,32,NEG,0.006,0.9526,0.0415,-0.9466
TT,12-02-04-p-131,33,NEG,0.0693,0.6121,0.3186,-0.5428
TT,12-02-04-p-131,34,NEG,0.0087,0.9092,0.0821,-0.9006
TT,12-02-04-p-131,35,NEG,0.0056,0.9631,0.0313,-0.9574
TT,12-02-04-p-131,36,NEG,0.0193,0.7934,0.1873,-0.7741
TT,12-02-04-p-131,37,NEU,0.0469,0.2358,0.7172,-0.1889
TT,12-02-04-p-131,38,NEG,0.0123,0.849,0.1386,-0.8367
TT,12-02-04-p-131,39,NEU,0.0694,0.2896,0.6409,-0.2202
TT,12-02-04-p-131,40,NEU,0.1448,0.2143,0.6409,-0.0695
TT,12-02-04-p-131,41,POS,0.8397,0.0174,0.1429,0.8223
TT,12-02-04-p-131,42,NEU,0.2492,0.1623,0.5884,0.0869
TT,12-02-04-p-131,43,NEU,0.0607,0.3986,0.5406,-0.3379
TT,12-02-04-p-131,44,NEG,0.0068,0.9311,0.0621,-0.9243
TT,12-02-04-p-131,45,POS,0.449,0.106,0.4449,0.343
TT,12-02-04-p-131,46,POS,0.8878,0.0108,0.1014,0.877
TT,12-02-04-p-137,0,NEU,0.1968,0.2661,0.5371,-0.0692
TT,12-02-04-p-137,1,NEG,0.0117,0.9486,0.0396,-0.9369
TT,12-02-04-p-137,2,NEG,0.0215,0.7808,0.1977,-0.7593
TT,12-02-04-p-137,3,NEU,0.0519,0.1466,0.8015,-0.0946
TT,12-02-04-p-137,4,NEG,0.0049,0.9329,0.0622,-0.928
TT,12-02-04-p-137,5,NEU,0.0704,0.3261,0.6035,-0.2557
TT,12-02-04-p-137,6,POS,0.9656,0.0061,0.0284,0.9595
TT,12-02-04-p-137,7,NEU,0.4385,0.0514,0.5102,0.3871
TT,12-02-04-p-137,8,NEG,0.0047,0.9482,0.0471,-0.9435
TT,12-02-04-p-137,9,NEG,0.0039,0.9682,0.0278,-0.9643
TT,12-02-04-p-137,10,NEG,0.0094,0.9688,0.0218,-0.9595
TT,12-02-04-p-137,11,POS,0.4684,0.0653,0.4663,0.4031
TT,12-02-04-p-137,12,NEG,0.0169,0.8427,0.1404,-0.8258
TT,12-02-04-p-137,13,NEG,0.0099,0.9168,0.0733,-0.9069
TT,12-02-04-p-137,14,NEG,0.0056,0.9582,0.0363,-0.9526
TT,12-02-04-p-137,15,NEG,0.0101,0.9244,0.0655,-0.9143
TT,12-02-04-p-141,0,POS,0.6816,0.0114,0.307,0.6702
TT,12-02-04-p-141,1,POS,0.7038,0.0363,0.2599,0.6675
TT,12-02-04-p-141,2,POS,0.6651,0.026,0.3089,0.6391
TT,12-02-04-p-141,3,NEU,0.3006,0.0669,0.6325,0.2337
TT,12-02-04-p-141,4,NEU,0.0234,0.4484,0.5282,-0.425
TT,12-02-04-p-141,5,NEG,0.0063,0.931,0.0626,-0.9247
TT,12-02-04-p-141,6,NEU,0.1544,0.3373,0.5083,-0.1828
TT,12-02-04-p-141,7,NEU,0.3425,0.057,0.6005,0.2854
TT,12-02-04-p-141,8,NEU,0.2598,0.1553,0.5849,0.1044
TT,12-02-04-p-141,9,NEU,0.3683,0.0187,0.6129,0.3496
TT,12-02-04-p-141,10,NEU,0.335,0.1689,0.4961,0.1662
TT,21-04-04-m-051,0,POS,0.7846,0.0362,0.1792,0.7484
TT,21-04-04-m-051,1,NEG,0.0136,0.9,0.0864,-0.8864
TT,21-04-04-m-051,2,NEG,0.0327,0.6638,0.3034,-0.6311
TT,21-04-04-m-051,3,NEU,0.1418,0.2845,0.5738,-0.1427
TT,21-04-04-m-051,4,NEG,0.0429,0.5434,0.4137,-0.5005
TT,21-04-04-m-051,5,NEU,0.048,0.1375,0.8145,-0.0895
TT,21-04-04-m-051,6,NEU,0.2467,0.0974,0.6558,0.1493
TT,21-04-04-m-051,7,NEU,0.3877,0.0625,0.5499,0.3252
TT,21-04-04-m-051,8,NEU,0.3793,0.065,0.5556,0.3143
TT,21-04-04-m-051,9,NEU,0.4674,0.0324,0.5002,0.435
TT,21-04-04-m-051,10,NEU,0.0535,0.1869,0.7597,-0.1334
TT,21-04-04-m-051,11,NEU,0.0259,0.2807,0.6935,-0.2548
TT,21-04-04-m-051,12,NEU,0.0465,0.4559,0.4976,-0.4093
TT,21-04-04-m-051,13,NEU,0.0416,0.2024,0.756,-0.1607
TT,21-04-04-m-051,14,NEU,0.1021,0.1621,0.7358,-0.06
TT,21-04-04-m-051,15,POS,0.4941,0.0508,0.4551,0.4434
TT,21-04-04-m-051,16,NEU,0.0539,0.2193,0.7268,-0.1654
TT,21-04-04-m-051,17,NEU,0.1474,0.0761,0.7765,0.0713
TT,21-04-04-m-051,18,NEG,0.0144,0.9178,0.0678,-0.9033
TT,21-04-04-m-051,19,POS,0.9007,0.0203,0.079,0.8805
TT,21-04-04-m-051,20,NEU,0.207,0.0702,0.7228,0.1369
TT,21-04-04-m-051,21,POS,0.8089,0.0111,0.1801,0.7978
TT,21-04-04-m-051,22,NEU,0.3681,0.1064,0.5255,0.2617
TT,21-04-04-m-051,23,NEU,0.4751,0.0268,0.4982,0.4483
TT,21-04-04-m-051,24,NEU,0.2995,0.0668,0.6337,0.2327
TT,21-04-04-m-051,25,NEG,0.0252,0.5003,0.4744,-0.4751
TT,21-04-04-m-051,26,NEU,0.1101,0.2335,0.6564,-0.1234
TT,21-04-04-m-051,27,NEU,0.2037,0.3577,0.4386,-0.154
TT,21-04-04-m-051,28,NEU,0.1736,0.0912,0.7352,0.0824
TT,21-04-04-m-051,29,NEU,0.0525,0.2813,0.6662,-0.2288
TT,21-04-04-m-051,30,NEU,0.3729,0.0995,0.5275,0.2734
TT,21-04-04-m-051,31,NEU,0.3989,0.1985,0.4026,0.2004
TT,21-04-04-m-051,32,NEU,0.0437,0.115,0.8414,-0.0713
TT,21-04-04-m-051,33,POS,0.6444,0.0449,0.3106,0.5995
TT,21-04-04-m-051,34,NEU,0.3523,0.0299,0.6177,0.3224
TT,21-04-04-m-051,35,NEU,0.2083,0.0312,0.7605,0.1771
TT,21-04-04-m-051,36,NEU,0.3326,0.1057,0.5617,0.2269
TT,21-04-04-m-051,37,POS,0.8438,0.0062,0.15,0.8376
TT,21-04-04-m-051,38,NEU,0.335,0.1689,0.4961,0.1662
TT,21-04-04-m-053,0,NEU,0.0266,0.3273,0.6461,-0.3007
TT,21-04-04-m-053,1,POS,0.8422,0.0108,0.1469,0.8314
TT,21-04-04-m-053,2,NEU,0.0336,0.1419,0.8245,-0.1083
TT,21-04-04-m-053,3,NEG,0.0699,0.4849,0.4452,-0.415
TT,21-04-04-m-053,4,NEU,0.3282,0.0605,0.6113,0.2677
TT,21-04-04-m-053,5,NEU,0.4598,0.0321,0.5081,0.4276
TT,21-04-04-m-053,6,NEG,0.0052,0.8648,0.13,-0.8596
TT,21-04-04-m-053,7,NEU,0.0244,0.4231,0.5525,-0.3987
TT,21-04-04-m-053,8,NEG,0.0139,0.6987,0.2873,-0.6848
TT,21-04-04-m-053,9,NEG,0.0047,0.9104,0.0849,-0.9056
TT,21-04-04-m-053,10,NEU,0.0981,0.3345,0.5674,-0.2365
TT,21-04-04-m-053,11,NEU,0.074,0.2667,0.6592,-0.1927
TT,21-04-04-m-053,12,NEU,0.0746,0.2133,0.7121,-0.1386
TT,21-04-04-m-053,13,NEG,0.0043,0.9604,0.0354,-0.9561
TT,21-04-04-m-053,14,NEU,0.2006,0.0657,0.7336,0.1349
TT,21-04-04-m-053,15,NEU,0.2339,0.0325,0.7336,0.2015
TT,21-04-04-m-053,16,POS,0.7512,0.0224,0.2264,0.7288
TT,21-04-04-m-053,17,NEU,0.0627,0.3954,0.5419,-0.3327
TT,21-04-04-m-053,18,NEU,0.1316,0.0598,0.8086,0.0718
TT,21-04-04-m-053,19,NEG,0.0025,0.979,0.0185,-0.9765
TT,21-04-04-m-053,20,NEG,0.0054,0.9691,0.0255,-0.9637
TT,21-04-04-m-053,21,NEG,0.0042,0.9771,0.0186,-0.9729
TT,21-04-04-m-053,22,NEG,0.003,0.9837,0.0133,-0.9808
TT,21-04-04-m-053,23,NEG,0.0045,0.9679,0.0277,-0.9634
TT,21-04-04-m-053,24,NEG,0.0237,0.8644,0.1119,-0.8407
TT,21-04-04-m-053,25,NEG,0.0103,0.9098,0.0799,-0.8994
TT,21-04-04-m-053,26,NEG,0.0123,0.894,0.0937,-0.8817
TT,21-04-04-m-053,27,NEU,0.2749,0.2114,0.5137,0.0635
TT,21-04-04-m-053,28,POS,0.8629,0.0281,0.109,0.8348
TT,21-04-04-m-053,29,NEU,0.3076,0.0679,0.6245,0.2397
TT,21-04-04-m-053,30,POS,0.6705,0.0213,0.3082,0.6491
TT,21-04-04-m-053,31,NEU,0.0632,0.3024,0.6344,-0.2392
TT,21-04-04-m-053,32,NEU,0.0325,0.1478,0.8197,-0.1153
TT,21-04-04-m-053,33,POS,0.6457,0.0382,0.3161,0.6075
TT,21-04-04-m-053,34,NEG,0.0089,0.9101,0.0811,-0.9012
TT,21-04-04-m-053,35,NEG,0.0049,0.9424,0.0527,-0.9375
TT,21-04-04-m-053,36,NEU,0.0527,0.1351,0.8123,-0.0824
TT,21-04-04-m-053,37,NEU,0.0648,0.1838,0.7513,-0.119
TT,21-04-04-m-053,38,POS,0.5876,0.0655,0.3469,0.5221
TT,21-04-04-m-053,39,POS,0.919,0.0135,0.0675,0.9055
TT,21-04-04-m-053,40,NEU,0.1417,0.0957,0.7627,0.046
TT,21-04-04-m-053,41,NEU,0.0618,0.1364,0.8018,-0.0746
TT,21-04-04-m-053,42,NEU,0.094,0.1582,0.7478,-0.0641
TT,21-04-04-m-053,43,NEG,0.0904,0.5728,0.3368,-0.4824
TT,21-04-04-m-053,44,NEU,0.0912,0.049,0.8599,0.0422
TT,21-04-04-m-053,45,NEG,0.0039,0.9571,0.0391,-0.9532
TT,21-04-04-m-053,46,NEU,0.4449,0.0722,0.4828,0.3727
TT,21-04-04-m-053,47,NEU,0.0922,0.145,0.7628,-0.0529
TT,21-04-04-m-053,48,NEG,0.0084,0.8721,0.1195,-0.8638
TT,21-04-04-m-053,49,NEU,0.1838,0.0297,0.7865,0.154
TT,21-04-04-m-053,50,POS,0.7314,0.0307,0.2379,0.7007
TT,21-04-04-m-053,51,NEG,0.0418,0.7693,0.1889,-0.7275
TT,21-04-04-m-053,52,POS,0.5792,0.0212,0.3996,0.558
TT,21-04-04-m-053,53,NEU,0.1848,0.0173,0.7979,0.1675
TT,21-04-04-m-053,54,NEG,0.0401,0.8194,0.1406,-0.7793
TT,21-04-04-m-053,55,NEG,0.0166,0.8246,0.1588,-0.808
TT,21-04-04-m-053,56,NEG,0.0119,0.8834,0.1046,-0.8715
TT,21-04-04-m-053,57,NEG,0.0098,0.8351,0.1551,-0.8252
TT,21-04-04-m-053,58,NEU,0.4436,0.0579,0.4984,0.3857
TT,21-04-04-m-053,59,NEU,0.0911,0.2064,0.7025,-0.1153
TT,21-04-04-m-053,60,NEG,0.0353,0.532,0.4326,-0.4967
TT,21-04-04-m-053,61,NEU,0.0465,0.1526,0.8009,-0.1061
TT,21-04-04-m-053,62,NEG,0.0124,0.8955,0.0922,-0.8831
TT,21-04-04-m-053,63,NEG,0.0017,0.9802,0.018,-0.9785
TT,21-04-04-m-053,64,NEU,0.124,0.172,0.704,-0.0481
TT,21-04-04-m-053,65,POS,0.612,0.0179,0.3701,0.5941
TT,21-04-04-m-053,66,POS,0.7626,0.0215,0.2158,0.7411
TT,21-04-04-m-056,0,NEU,0.1655,0.256,0.5784,-0.0905
TT,21-04-04-m-056,1,NEU,0.0797,0.1109,0.8094,-0.0313
TT,21-04-04-m-056,2,NEG,0.0049,0.9507,0.0445,-0.9458
TT,21-04-04-m-056,3,NEG,0.0058,0.9472,0.0471,-0.9414
TT,21-04-04-m-056,4,NEG,0.0036,0.9753,0.0211,-0.9717
TT,21-04-04-m-056,5,NEG,0.0173,0.8615,0.1212,-0.8442
TT,21-04-04-m-056,6,NEU,0.0214,0.4581,0.5205,-0.4368
TT,21-04-04-m-056,7,NEG,0.0111,0.9317,0.0572,-0.9206
TT,21-04-04-m-056,8,NEG,0.0051,0.9716,0.0233,-0.9665
TT,21-04-04-m-056,9,NEU,0.1714,0.378,0.4506,-0.2066
TT,21-04-04-m-056,10,NEG,0.0105,0.9274,0.0621,-0.9169
TT,21-04-04-m-056,11,NEG,0.0352,0.511,0.4537,-0.4758
TT,21-04-04-m-056,12,NEG,0.0176,0.8104,0.172,-0.7928
TT,21-04-04-m-056,13,NEU,0.1472,0.2013,0.6514,-0.0541
TT,21-04-04-m-056,14,NEG,0.0514,0.6531,0.2955,-0.6017
TT,21-04-04-m-056,15,NEG,0.0136,0.6796,0.3068,-0.666
TT,21-04-04-m-056,16,NEG,0.0186,0.8752,0.1062,-0.8566
TT,21-04-04-m-056,17,NEU,0.0508,0.3562,0.593,-0.3055
TT,21-04-04-m-056,18,NEG,0.0044,0.9726,0.0231,-0.9682
TT,21-04-04-m-059,0,NEU,0.416,0.1125,0.4716,0.3035
TT,21-04-04-m-059,1,NEU,0.2105,0.2113,0.5782,-0.0009
TT,21-04-04-m-059,2,POS,0.7437,0.011,0.2453,0.7327
TT,21-04-04-m-059,3,NEG,0.0019,0.9842,0.0139,-0.9823
TT,21-04-04-m-059,4,POS,0.5037,0.0228,0.4735,0.4809
TT,21-04-04-m-059,5,NEG,0.0586,0.5326,0.4088,-0.474
TT,21-04-04-m-059,6,NEU,0.0252,0.459,0.5158,-0.4338
TT,21-04-04-m-059,7,NEG,0.019,0.6313,0.3497,-0.6123
TT,21-04-04-m-059,8,NEG,0.0095,0.8973,0.0933,-0.8878
TT,21-04-04-m-059,9,NEG,0.004,0.9498,0.0462,-0.9459
TT,21-04-04-m-060,0,NEU,0.335,0.1689,0.4961,0.1662
TT,21-04-04-m-060,1,POS,0.9665,0.004,0.0295,0.9625
TT,21-04-04-m-060,2,NEG,0.0016,0.9875,0.0109,-0.9859
TT,21-04-04-m-060,3,NEU,0.2684,0.1519,0.5797,0.1164
TT,21-04-04-m-060,4,NEG,0.0119,0.8406,0.1475,-0.8287
TT,21-04-04-m-060,5,NEU,0.0833,0.0312,0.8856,0.0521
TT,21-04-04-m-060,6,NEU,0.082,0.1746,0.7433,-0.0926
TT,21-04-04-m-060,7,NEG,0.0113,0.5342,0.4545,-0.5229
TT,21-04-04-m-060,8,NEU,0.0898,0.3929,0.5173,-0.3031
TT,21-04-04-m-060,9,NEU,0.0475,0.4472,0.5053,-0.3997
TT,21-04-04-m-060,10,NEU,0.2349,0.2422,0.523,-0.0073
TT,21-04-04-m-060,11,NEU,0.039,0.3265,0.6345,-0.2876
TT,21-04-04-m-060,12,NEG,0.0058,0.8445,0.1497,-0.8387
TT,21-04-04-m-060,13,NEG,0.0058,0.9247,0.0695,-0.9189
TT,21-04-04-m-060,14,NEU,0.0541,0.1901,0.7558,-0.1359
TT,21-04-04-m-060,15,NEU,0.0804,0.1315,0.7881,-0.051
TT,21-04-04-m-060,16,NEU,0.1373,0.1094,0.7533,0.0278
TT,21-04-04-m-060,17,NEU,0.0143,0.2238,0.762,-0.2095
TT,21-04-04-m-060,18,NEU,0.2417,0.019,0.7393,0.2227
TT,21-04-04-m-060,19,NEU,0.0593,0.4342,0.5065,-0.3749
TT,21-04-04-m-060,20,NEU,0.1666,0.3699,0.4636,-0.2033
TT,21-04-04-m-060,21,POS,0.8394,0.0121,0.1485,0.8274
TT,21-04-04-m-060,22,NEU,0.0672,0.0509,0.8819,0.0163
TT,21-04-04-m-060,23,NEU,0.0691,0.3653,0.5656,-0.2963
TT,21-04-04-m-060,24,NEU,0.2163,0.0553,0.7285,0.161
TT,21-04-04-m-060,25,NEU,0.0889,0.1687,0.7424,-0.0798
TT,21-04-04-m-060,26,NEU,0.1885,0.0873,0.7242,0.1013
TT,21-04-04-m-060,27,NEU,0.0203,0.3996,0.5801,-0.3793
TT,21-04-04-m-060,28,NEU,0.1753,0.1716,0.653,0.0037
TT,21-04-04-m-060,29,NEU,0.0299,0.4127,0.5574,-0.3827
TT,21-04-04-m-060,30,NEG,0.0081,0.9328,0.0592,-0.9247
TT,21-04-04-m-060,31,NEU,0.3168,0.032,0.6511,0.2848
TT,21-04-04-m-060,32,NEG,0.0254,0.7482,0.2263,-0.7228
TT,21-04-04-m-060,33,NEU,0.239,0.074,0.6869,0.165
TT,21-04-04-m-060,34,POS,0.6846,0.0189,0.2965,0.6658
TT,21-04-04-m-060,35,NEG,0.0884,0.5104,0.4012,-0.4221
TT,21-04-04-m-060,36,POS,0.5878,0.0982,0.314,0.4895
TT,21-04-04-m-060,37,NEU,0.35,0.0673,0.5827,0.2827
TT,21-04-04-m-060,38,NEG,0.0242,0.6269,0.3489,-0.6027
TT,21-04-04-m-060,39,NEU,0.0305,0.0734,0.8961,-0.0429
TT,21-04-04-m-060,40,NEU,0.253,0.0427,0.7042,0.2103
TT,21-04-04-m-060,41,NEG,0.0173,0.8111,0.1716,-0.7938
TT,21-04-04-m-060,42,NEU,0.1609,0.098,0.7411,0.0629
TT,21-04-04-m-060,43,NEU,0.1004,0.1052,0.7944,-0.0048
TT,21-04-04-m-060,44,NEU,0.2665,0.2056,0.528,0.0609
TT,21-04-04-m-060,45,POS,0.795,0.01,0.1949,0.785
TT,21-04-04-m-060,46,NEG,0.0054,0.9274,0.0672,-0.922
TT,21-04-04-m-060,47,NEG,0.0056,0.9229,0.0715,-0.9173
TT,21-04-04-m-060,48,NEG,0.0503,0.6102,0.3394,-0.5599
TT,21-04-04-m-060,49,NEU,0.1847,0.2894,0.5259,-0.1048
TT,21-04-04-m-060,50,NEG,0.0077,0.9649,0.0274,-0.9571
TT,21-04-04-m-060,51,NEG,0.0053,0.9684,0.0263,-0.9631
TT,21-04-04-m-060,52,NEU,0.474,0.0404,0.4856,0.4336
TT,21-04-04-m-060,53,NEU,0.3816,0.1051,0.5133,0.2764
TT,21-04-04-m-060,54,NEU,0.335,0.1689,0.4961,0.1662
TT,21-04-04-m-064,0,NEU,0.0891,0.0574,0.8535,0.0317
TT,21-04-04-m-064,1,POS,0.8658,0.0092,0.125,0.8565
TT,21-04-04-m-064,2,POS,0.6869,0.0184,0.2947,0.6686
TT,21-04-04-m-064,3,POS,0.828,0.0088,0.1633,0.8192
TT,21-04-04-m-064,4,NEU,0.0944,0.3341,0.5715,-0.2397
TT,21-04-04-m-064,5,NEG,0.0323,0.697,0.2708,-0.6647
TT,21-04-04-m-064,6,NEG,0.0191,0.6695,0.3114,-0.6504
TT,21-04-04-m-064,7,POS,0.8572,0.0092,0.1337,0.848
TT,21-04-04-m-064,8,NEU,0.1402,0.0433,0.8165,0.097
TT,21-04-04-m-064,9,NEG,0.005,0.9275,0.0675,-0.9225
TT,21-04-04-m-064,10,NEG,0.0124,0.7497,0.2379,-0.7373
TT,21-04-04-m-064,11,NEU,0.1069,0.1792,0.7139,-0.0722
TT,21-04-04-m-064,12,NEU,0.0832,0.0614,0.8555,0.0218
TT,21-04-04-m-064,13,POS,0.7939,0.0112,0.1949,0.7827
TT,21-04-04-m-064,14,NEG,0.0093,0.7953,0.1955,-0.786
TT,21-04-04-m-064,15,POS,0.6124,0.0166,0.371,0.5957
TT,21-04-04-m-064,16,NEU,0.2849,0.1306,0.5846,0.1543
TT,21-04-04-m-064,17,NEG,0.0567,0.7041,0.2392,-0.6474
TT,21-04-04-m-064,18,POS,0.8889,0.0108,0.1004,0.8781
TT,21-04-04-m-064,19,NEU,0.2036,0.034,0.7624,0.1696
TT,21-04-04-m-064,20,POS,0.9397,0.0064,0.0539,0.9333
TT,21-04-04-m-064,21,NEU,0.166,0.0957,0.7383,0.0703
TT,21-04-04-m-064,22,NEU,0.383,0.0652,0.5518,0.3178
TT,21-04-04-m-064,23,POS,0.6088,0.019,0.3723,0.5898
TT,21-04-04-m-064,24,NEU,0.399,0.0162,0.5849,0.3828
TT,21-04-04-m-064,25,POS,0.5391,0.0484,0.4125,0.4907
TT,21-04-04-m-064,26,NEU,0.2892,0.0314,0.6794,0.2578
TT,21-04-04-m-064,27,NEU,0.1714,0.0436,0.7851,0.1278
TT,21-04-04-m-064,28,NEU,0.3683,0.0327,0.599,0.3355
TT,21-04-04-m-064,29,NEG,0.027,0.6684,0.3047,-0.6414
TT,21-04-04-m-064,30,POS,0.3646,0.2824,0.3531,0.0822
TT,21-04-04-m-064,31,NEU,0.1357,0.3429,0.5213,-0.2072
TT,21-04-04-m-064,32,NEU,0.1357,0.3429,0.5213,-0.2072
TT,21-04-04-m-064,33,NEU,0.0944,0.3341,0.5715,-0.2397
TT,21-04-04-m-064,34,NEU,0.2216,0.0377,0.7407,0.1839
TT,21-04-04-m-064,35,NEG,0.0367,0.6517,0.3116,-0.6149
TT,21-04-04-m-064,36,NEU,0.2918,0.0209,0.6872,0.2709
TT,21-04-04-m-064,37,NEG,0.0088,0.7523,0.2388,-0.7435
TT,21-04-04-m-064,38,NEG,0.0765,0.5375,0.386,-0.4611
TT,21-04-04-m-064,39,NEU,0.1553,0.3091,0.5356,-0.1537
TT,21-04-04-m-064,40,NEU,0.1199,0.218,0.662,-0.0981
TT,21-04-04-m-064,41,NEU,0.1325,0.3158,0.5518,-0.1833
TT,21-04-04-m-064,42,POS,0.9412,0.0089,0.0499,0.9323
TT,21-04-04-m-064,43,NEU,0.1646,0.2202,0.6152,-0.0556
TT,21-04-04-m-064,44,NEU,0.2013,0.106,0.6927,0.0953
TT,21-04-04-m-064,45,NEU,0.0409,0.0268,0.9322,0.0141
TT,21-04-04-m-064,46,POS,0.9078,0.0109,0.0813,0.8969
TT,21-04-04-m-064,47,POS,0.6703,0.028,0.3017,0.6422
TT,21-04-04-m-064,48,NEU,0.4655,0.0537,0.4808,0.4117
TT,21-04-04-m-064,49,POS,0.6691,0.0325,0.2984,0.6366
TT,21-04-04-m-064,50,NEG,0.0675,0.6636,0.2689,-0.5961
TT,21-04-04-m-064,51,NEU,0.0809,0.1775,0.7416,-0.0966
TT,21-04-04-m-064,52,NEU,0.0893,0.0979,0.8129,-0.0086
TT,21-04-04-m-064,53,NEG,0.0127,0.8973,0.09,-0.8847
TT,21-04-04-m-064,54,POS,0.5553,0.0443,0.4004,0.511
TT,21-04-04-m-064,55,POS,0.8087,0.0146,0.1768,0.7941
TT,21-04-04-m-064,56,NEG,0.005,0.9434,0.0516,-0.9384
TT,21-04-04-m-064,57,POS,0.7566,0.0155,0.2279,0.7411
TT,21-04-04-m-064,58,NEU,0.0238,0.4026,0.5735,-0.3788
TT,21-04-04-m-064,59,NEG,0.0263,0.5849,0.3888,-0.5586
TT,21-04-04-m-064,60,NEU,0.1661,0.1501,0.6838,0.016
TT,21-04-04-m-064,61,NEU,0.1075,0.1252,0.7673,-0.0177
TT,21-04-04-m-064,62,POS,0.9262,0.0051,0.0687,0.9211
TT,21-04-04-m-064,63,POS,0.4969,0.0282,0.4749,0.4686
TT,21-04-04-m-064,64,NEU,0.076,0.2996,0.6245,-0.2236
TT,21-04-04-m-064,65,NEU,0.0514,0.3018,0.6468,-0.2504
TT,21-04-04-m-064,66,NEG,0.0023,0.9788,0.0189,-0.9766
TT,21-04-04-m-064,67,NEU,0.0916,0.0731,0.8353,0.0185
TT,21-04-04-m-064,68,NEG,0.0196,0.5709,0.4095,-0.5513
TT,21-04-04-m-064,69,NEU,0.4423,0.0776,0.4801,0.3647
TT,21-04-04-m-064,70,POS,0.9235,0.0052,0.0713,0.9183
TT,21-04-04-m-064,71,POS,0.7688,0.0124,0.2188,0.7563
TT,21-04-04-m-064,72,POS,0.7471,0.0171,0.2359,0.73
TT,21-04-04-m-064,73,POS,0.8076,0.0192,0.1732,0.7884
TT,21-04-04-m-064,74,NEG,0.0157,0.6479,0.3365,-0.6322
TT,21-04-04-m-064,75,NEU,0.4575,0.0425,0.5,0.415
TT,21-04-04-m-064,76,POS,0.8723,0.0099,0.1179,0.8624
TT,21-04-04-m-064,77,POS,0.8881,0.0078,0.104,0.8803
TT,21-04-04-m-064,78,POS,0.7133,0.0379,0.2488,0.6753
TT,21-04-04-m-064,79,POS,0.6818,0.0135,0.3047,0.6683
TT,21-04-04-m-064,80,NEU,0.1313,0.3451,0.5237,-0.2138
TT,21-04-04-m-064,81,POS,0.5725,0.0689,0.3586,0.5037
TT,21-04-04-m-064,82,POS,0.9639,0.0028,0.0333,0.961
TT,21-04-04-m-064,83,POS,0.9102,0.0052,0.0846,0.905
TT,21-04-04-m-064,84,POS,0.9355,0.0036,0.0609,0.9319
TT,21-04-04-m-064,85,NEU,0.0249,0.4739,0.5012,-0.449
TT,21-04-04-m-064,86,POS,0.8557,0.0099,0.1343,0.8458
TT,21-04-04-m-066,0,POS,0.7846,0.0362,0.1792,0.7484
TT,21-04-04-m-066,1,NEU,0.0563,0.0439,0.8998,0.0124
TT,21-04-04-m-066,2,POS,0.9129,0.0066,0.0806,0.9063
TT,21-04-04-m-066,3,NEG,0.0345,0.5678,0.3977,-0.5333
TT,21-04-04-m-066,4,NEU,0.3117,0.0317,0.6566,0.28
TT,21-04-04-m-066,5,POS,0.9635,0.0064,0.0301,0.957
TT,21-04-04-m-066,6,NEU,0.0295,0.2504,0.7201,-0.2209
TT,21-04-04-m-066,7,NEU,0.4602,0.0719,0.4679,0.3884
TT,21-04-04-m-066,8,POS,0.9588,0.0035,0.0377,0.9552
TT,21-04-04-m-066,9,NEU,0.1168,0.113,0.7702,0.0038
TT,21-04-04-m-066,10,POS,0.3949,0.2547,0.3504,0.1402
TT,21-04-04-m-066,11,NEU,0.3565,0.0725,0.571,0.284
TT,21-04-04-m-066,12,NEU,0.1916,0.1361,0.6723,0.0555
TT,21-04-04-m-066,13,POS,0.5333,0.037,0.4296,0.4963
TT,21-04-04-m-066,14,POS,0.7663,0.009,0.2248,0.7573
TT,21-04-04-m-066,15,NEU,0.1962,0.1936,0.6102,0.0026
TT,21-04-04-m-066,16,NEU,0.0563,0.1635,0.7802,-0.1072
TT,21-04-04-m-066,17,POS,0.7704,0.0143,0.2153,0.756
TT,21-04-04-m-066,18,NEU,0.4729,0.0347,0.4924,0.4381
TT,21-04-04-m-066,19,NEG,0.058,0.713,0.229,-0.655
TT,21-04-04-m-066,20,NEU,0.1839,0.0409,0.7751,0.143
TT,21-04-04-m-066,21,POS,0.4161,0.1775,0.4063,0.2386
TT,21-04-04-m-066,22,POS,0.5727,0.0437,0.3836,0.5291
TT,21-04-04-m-066,23,NEG,0.0047,0.9191,0.0762,-0.9144
TT,21-04-04-m-066,24,NEU,0.0364,0.344,0.6196,-0.3076
TT,21-04-04-m-066,25,NEU,0.4088,0.0216,0.5696,0.3873
TT,21-04-04-m-066,26,NEU,0.2001,0.0515,0.7485,0.1486
TT,21-04-04-m-066,27,NEU,0.042,0.2134,0.7446,-0.1714
TT,21-04-04-m-066,28,POS,0.6466,0.0213,0.3321,0.6253
TT,21-04-04-m-066,29,POS,0.705,0.0145,0.2805,0.6906
TT,21-04-04-m-066,30,NEU,0.3819,0.0819,0.5363,0.3
TT,21-04-04-m-066,31,NEU,0.2907,0.0583,0.651,0.2324
TT,21-04-04-m-066,32,NEU,0.0718,0.0411,0.887,0.0307
TT,21-04-04-m-066,33,POS,0.7347,0.0165,0.2488,0.7182
TT,21-04-04-m-066,34,NEU,0.3259,0.0497,0.6244,0.2762
TT,21-04-04-m-066,35,POS,0.5277,0.0671,0.4051,0.4606
TT,21-04-04-m-066,36,NEG,0.0076,0.7548,0.2376,-0.7471
TT,21-04-04-m-066,37,POS,0.5708,0.0383,0.3908,0.5325
TT,21-04-04-m-066,38,POS,0.5219,0.0434,0.4347,0.4785
TT,21-04-04-m-066,39,NEU,0.1695,0.1241,0.7065,0.0454
TT,21-04-04-m-066,40,POS,0.483,0.0395,0.4775,0.4435
TT,21-04-04-m-066,41,POS,0.6996,0.0185,0.2819,0.6811
TT,21-04-04-m-066,42,NEU,0.083,0.0681,0.8488,0.0149
TT,21-04-04-m-066,43,POS,0.6824,0.0216,0.296,0.6607
TT,21-04-04-m-066,44,POS,0.5845,0.047,0.3685,0.5376
TT,21-04-04-m-066,45,NEU,0.0646,0.0739,0.8615,-0.0093
TT,21-04-04-m-066,46,NEG,0.0336,0.6815,0.2849,-0.648
TT,21-04-04-m-066,47,POS,0.9592,0.0039,0.0369,0.9553
TT,21-04-04-m-066,48,NEG,0.021,0.8114,0.1676,-0.7904
TT,21-04-04-m-066,49,NEG,0.0207,0.8649,0.1144,-0.8442
TT,21-04-04-m-066,50,NEU,0.1694,0.0789,0.7517,0.0905
TT,21-04-04-m-066,51,NEU,0.3058,0.1299,0.5643,0.176
TT,21-04-04-m-066,52,NEU,0.0359,0.3966,0.5674,-0.3607
TT,21-04-04-m-066,53,NEU,0.0407,0.0667,0.8926,-0.026
TT,21-04-04-m-066,54,NEG,0.0078,0.8661,0.1262,-0.8583
TT,21-04-04-m-066,55,NEU,0.2448,0.0294,0.7259,0.2154
TT,21-04-04-m-066,56,NEU,0.3284,0.015,0.6566,0.3134
TT,21-04-04-m-066,57,POS,0.854,0.0104,0.1356,0.8437
TT,21-04-04-m-066,58,NEU,0.335,0.1689,0.4961,0.1662
TT,21-07-04-m-005,0,POS,0.9699,0.0036,0.0265,0.9664
TT,21-07-04-m-005,1,POS,0.7862,0.0208,0.193,0.7655
TT,21-07-04-m-005,2,POS,0.9717,0.003,0.0253,0.9687
TT,21-07-04-m-005,3,NEG,0.1315,0.5351,0.3334,-0.4036
TT,21-07-04-m-005,4,NEU,0.2272,0.2018,0.571,0.0254
TT,21-07-04-m-005,5,NEU,0.3107,0.0971,0.5922,0.2135
TT,21-07-04-m-005,6,NEU,0.0267,0.3671,0.6062,-0.3405
TT,21-07-04-m-005,7,NEU,0.0782,0.0625,0.8593,0.0157
TT,21-07-04-m-005,8,POS,0.9514,0.0061,0.0425,0.9453
TT,21-07-04-m-005,9,POS,0.9693,0.0025,0.0282,0.9668
TT,21-07-04-m-005,10,POS,0.854,0.0132,0.1327,0.8408
TT,21-07-04-m-005,11,POS,0.8063,0.0282,0.1655,0.778
TT,21-07-04-m-005,12,POS,0.9461,0.007,0.0469,0.9392
TT,21-07-04-m-005,13,POS,0.9227,0.0063,0.071,0.9164
TT,21-07-04-m-005,14,NEU,0.4154,0.0363,0.5484,0.3791
TT,21-07-04-m-005,15,NEU,0.0786,0.0767,0.8447,0.0018
TT,21-07-04-m-005,16,NEU,0.1771,0.2158,0.6072,-0.0387
TT,21-07-04-m-005,17,NEG,0.0097,0.8299,0.1604,-0.8201
TT,21-07-04-m-005,18,NEU,0.2542,0.2932,0.4526,-0.0389
TT,21-07-04-m-005,19,NEU,0.1593,0.3139,0.5268,-0.1545
TT,21-07-04-m-005,20,NEG,0.0041,0.9602,0.0357,-0.9561
TT,21-07-04-m-005,21,POS,0.7306,0.033,0.2364,0.6977
TT,21-07-04-m-005,22,NEU,0.314,0.0932,0.5928,0.2208
TT,21-07-04-m-005,23,POS,0.7504,0.0135,0.2361,0.7369
TT,21-07-04-m-005,24,POS,0.4952,0.0773,0.4274,0.4179
TT,21-07-04-m-005,25,NEU,0.2382,0.102,0.6598,0.1362
TT,21-07-04-m-005,26,NEU,0.468,0.0524,0.4796,0.4156
TT,21-07-04-m-005,27,NEU,0.4628,0.0437,0.4935,0.419
TT,21-07-04-m-005,28,POS,0.6753,0.0291,0.2956,0.6462
TT,21-07-04-m-005,29,NEU,0.4147,0.0206,0.5647,0.394
TT,21-07-04-m-005,30,POS,0.686,0.014,0.3,0.672
TT,21-07-04-m-005,31,NEU,0.1401,0.1861,0.6738,-0.0461
TT,21-07-04-m-005,32,NEU,0.057,0.1403,0.8027,-0.0833
TT,21-07-04-m-005,33,NEU,0.1532,0.1087,0.7381,0.0445
TT,21-07-04-m-005,34,NEU,0.3099,0.1098,0.5803,0.2002
TT,21-07-04-m-005,35,POS,0.974,0.0034,0.0227,0.9706
TT,21-07-04-m-005,36,POS,0.6923,0.0348,0.2729,0.6574
TT,21-07-04-m-005,37,POS,0.947,0.0045,0.0485,0.9425
TT,21-07-04-m-005,38,NEU,0.2131,0.3582,0.4287,-0.1451
TT,21-07-04-m-005,39,POS,0.8713,0.007,0.1218,0.8643
TT,21-07-04-m-005,40,POS,0.8882,0.0032,0.1086,0.885
TT,21-07-04-m-005,41,POS,0.9638,0.003,0.0332,0.9608
TT,21-07-04-m-005,42,NEU,0.369,0.0475,0.5835,0.3216
TT,21-07-04-m-005,43,NEU,0.1781,0.0717,0.7502,0.1064
TT,21-07-04-m-005,44,POS,0.6258,0.0278,0.3464,0.598
TT,21-07-04-m-005,45,NEU,0.1519,0.0539,0.7942,0.098
TT,21-07-04-m-005,46,NEU,0.0773,0.0379,0.8848,0.0395
TT,21-07-04-m-005,47,POS,0.8005,0.0424,0.1571,0.7581
TT,21-07-04-m-005,48,POS,0.5467,0.0387,0.4146,0.5081
TT,21-07-04-m-005,49,POS,0.8866,0.0094,0.104,0.8773
TT,21-07-04-m-005,50,POS,0.9289,0.0039,0.0672,0.925
TT,21-07-04-m-005,51,POS,0.8071,0.0283,0.1647,0.7788
TT,21-07-04-m-005,52,POS,0.822,0.021,0.157,0.801
TT,21-07-04-m-005,53,POS,0.7638,0.031,0.2053,0.7328
TT,21-07-04-m-005,54,NEU,0.0373,0.1002,0.8625,-0.0629
TT,21-07-04-m-005,55,NEU,0.0922,0.2597,0.6481,-0.1675
TT,21-07-04-m-005,56,POS,0.8571,0.0087,0.1342,0.8484
TT,21-07-04-m-005,57,POS,0.7278,0.0184,0.2538,0.7093
TT,21-07-04-m-005,58,POS,0.9512,0.0052,0.0435,0.946
TT,21-07-04-m-005,59,NEU,0.4516,0.0744,0.4739,0.3772
TT,21-07-04-m-005,60,NEU,0.0819,0.0582,0.8598,0.0237
TT,21-07-04-m-005,61,NEU,0.3666,0.0309,0.6025,0.3357
TT,21-07-04-m-005,62,POS,0.6901,0.0313,0.2786,0.6589
TT,21-07-04-m-005,63,NEU,0.0391,0.1379,0.823,-0.0988
TT,21-07-04-m-005,64,NEU,0.2777,0.0568,0.6655,0.2209
TT,21-07-04-m-005,65,NEU,0.057,0.0594,0.8837,-0.0024
TT,21-07-04-m-005,66,NEU,0.038,0.0946,0.8674,-0.0565
TT,21-07-04-m-005,67,NEU,0.39,0.0206,0.5893,0.3694
TT,21-07-04-m-005,68,NEU,0.3519,0.0384,0.6097,0.3135
TT,21-07-04-m-005,69,POS,0.5672,0.0244,0.4084,0.5427
TT,21-07-04-m-005,70,POS,0.6194,0.023,0.3576,0.5964
TT,21-07-04-m-005,71,POS,0.5843,0.0182,0.3975,0.5661
TT,21-07-04-m-005,72,POS,0.9449,0.0036,0.0515,0.9413
TT,21-07-04-m-005,73,POS,0.9251,0.006,0.0689,0.9191
TT,21-07-04-m-005,74,NEU,0.157,0.0278,0.8152,0.1292
TT,21-07-04-m-005,75,NEU,0.0476,0.047,0.9054,0.0006
TT,21-07-04-m-005,76,NEU,0.3821,0.036,0.5819,0.3461
TT,21-07-04-m-005,77,NEU,0.0483,0.1559,0.7958,-0.1075
TT,21-07-04-m-005,78,POS,0.6836,0.0257,0.2907,0.658
TT,21-07-04-m-005,79,POS,0.8937,0.0077,0.0986,0.886
TT,21-07-04-m-005,80,POS,0.5311,0.0883,0.3806,0.4427
TT,21-07-04-m-005,81,NEG,0.01,0.8222,0.1678,-0.8122
TT,21-07-04-m-005,82,POS,0.7878,0.0191,0.1931,0.7687
TT,21-07-04-m-005,83,NEU,0.4288,0.0605,0.5106,0.3683
TT,21-07-04-m-005,84,POS,0.6724,0.0264,0.3012,0.646
TT,21-07-04-m-005,85,POS,0.8875,0.0061,0.1064,0.8814
TT,21-07-04-m-005,86,POS,0.9405,0.0051,0.0544,0.9353
TT,21-07-04-m-005,87,NEU,0.0239,0.1525,0.8236,-0.1286
TT,21-07-04-m-005,88,NEU,0.0918,0.1603,0.7478,-0.0685
TT,21-07-04-m-005,89,NEU,0.2567,0.1269,0.6164,0.1297
TT,21-07-04-m-005,90,POS,0.8684,0.0127,0.1189,0.8558
TT,21-07-04-m-005,91,NEU,0.408,0.0318,0.5602,0.3762
TT,21-07-04-m-005,92,POS,0.754,0.0283,0.2177,0.7257
TT,21-07-04-m-005,93,NEU,0.3936,0.0409,0.5656,0.3527
TT,21-07-04-m-005,94,NEU,0.3985,0.0306,0.5709,0.3679
TT,21-07-04-m-005,95,NEU,0.2274,0.0327,0.7398,0.1947
TT,21-07-04-m-005,96,NEU,0.2713,0.0431,0.6856,0.2283
TT,21-07-04-m-005,97,NEU,0.2701,0.0414,0.6885,0.2287
TT,21-07-04-m-005,98,POS,0.9736,0.0025,0.0239,0.9711
TT,21-07-04-m-005,99,NEU,0.2896,0.0174,0.6931,0.2722
TT,21-07-04-m-005,100,NEU,0.3556,0.0477,0.5967,0.308
TT,21-07-04-m-005,101,POS,0.8306,0.0117,0.1577,0.8189
TT,21-07-04-m-005,102,NEU,0.2147,0.0559,0.7294,0.1588
TT,21-07-04-m-005,103,NEU,0.4106,0.0443,0.5451,0.3663
TT,21-07-04-m-005,104,NEU,0.2046,0.0507,0.7447,0.154
TT,21-07-04-m-005,105,NEG,0.0211,0.6579,0.321,-0.6369
TT,21-07-04-m-005,106,NEU,0.106,0.0411,0.8529,0.0649
TT,21-07-04-m-005,107,NEG,0.0225,0.6508,0.3268,-0.6283
TT,21-07-04-m-005,108,NEU,0.123,0.0836,0.7934,0.0393
TT,21-07-04-m-005,109,NEU,0.0824,0.102,0.8156,-0.0196
TT,21-07-04-m-005,110,NEU,0.429,0.0844,0.4866,0.3446
TT,21-07-04-m-005,111,POS,0.9288,0.0044,0.0668,0.9245
TT,21-07-04-m-005,112,POS,0.601,0.0429,0.3561,0.5582
TT,21-07-04-m-005,113,POS,0.5575,0.0314,0.411,0.5261
TT,21-07-04-m-005,114,POS,0.629,0.1086,0.2624,0.5204
TT,21-07-04-m-005,115,POS,0.6325,0.0175,0.35,0.6151
TT,21-07-04-m-005,116,NEU,0.2251,0.1071,0.6678,0.1181
TT,21-07-04-m-005,117,NEU,0.1605,0.0587,0.7808,0.1018
TT,21-07-04-m-005,118,NEU,0.4324,0.0172,0.5504,0.4153
TT,21-07-04-m-005,119,POS,0.902,0.0079,0.0902,0.8941
TT,21-07-04-m-005,120,NEU,0.1946,0.1134,0.692,0.0812
TT,21-07-04-m-005,121,POS,0.8308,0.0147,0.1546,0.8161
TT,21-07-04-m-005,122,NEU,0.4084,0.0549,0.5367,0.3535
TT,21-07-04-m-005,123,POS,0.9311,0.0031,0.0657,0.928
TT,21-07-04-m-005,124,POS,0.7497,0.0157,0.2347,0.734
TT,21-07-04-m-005,125,POS,0.8798,0.0098,0.1104,0.87
TT,21-07-04-m-005,126,POS,0.966,0.0038,0.0303,0.9622
TT,21-07-04-m-005,127,NEU,0.0242,0.2099,0.7659,-0.1857
TT,21-07-04-m-005,128,POS,0.5314,0.0134,0.4551,0.518
TT,21-07-04-m-005,129,POS,0.8932,0.0111,0.0957,0.8821
TT,21-07-04-m-005,130,POS,0.9444,0.004,0.0516,0.9404
TT,21-07-04-m-005,131,NEU,0.2334,0.0226,0.744,0.2108
TT,21-07-04-m-005,132,POS,0.604,0.0232,0.3728,0.5808
TT,21-07-04-m-005,133,POS,0.9775,0.0029,0.0195,0.9746
TT,21-07-04-m-005,134,NEG,0.0022,0.976,0.0219,-0.9738
TT,21-07-04-m-005,135,POS,0.8679,0.0107,0.1213,0.8572
TT,21-07-04-m-005,136,POS,0.969,0.0027,0.0283,0.9664
TT,21-07-04-m-005,137,POS,0.9472,0.0033,0.0495,0.9439
TT,21-07-04-m-005,138,POS,0.885,0.0059,0.1091,0.8792
TT,21-07-04-m-005,139,POS,0.9494,0.0084,0.0422,0.941
TT,21-07-04-m-005,140,NEU,0.335,0.1689,0.4961,0.1662
TT,21-07-04-m-009,0,POS,0.9306,0.0073,0.0621,0.9232
TT,21-07-04-m-009,1,POS,0.7507,0.0127,0.2366,0.7381
TT,21-07-04-m-009,2,POS,0.9623,0.0048,0.033,0.9575
TT,21-07-04-m-009,3,NEG,0.0177,0.7073,0.275,-0.6896
TT,21-07-04-m-009,4,NEU,0.4155,0.0986,0.486,0.3169
TT,21-07-04-m-009,5,NEU,0.0544,0.1315,0.8141,-0.0771
TT,21-07-04-m-009,6,NEU,0.0375,0.2289,0.7336,-0.1914
TT,21-07-04-m-009,7,NEG,0.015,0.8058,0.1792,-0.7908
TT,21-07-04-m-009,8,NEG,0.0047,0.8834,0.112,-0.8787
TT,21-07-04-m-009,9,NEU,0.3519,0.1982,0.4498,0.1537
TT,21-07-04-m-009,10,POS,0.6204,0.0767,0.3029,0.5438
TT,21-07-04-m-009,11,NEU,0.2545,0.0648,0.6807,0.1897
TT,21-07-04-m-009,12,NEG,0.0066,0.8831,0.1104,-0.8765
TT,21-07-04-m-009,13,NEU,0.3987,0.1051,0.4962,0.2936
TT,21-07-04-m-009,14,POS,0.8812,0.0176,0.1012,0.8636
TT,21-07-04-m-009,15,NEU,0.2119,0.3483,0.4399,-0.1364
TT,21-07-04-m-009,16,NEU,0.0274,0.4611,0.5116,-0.4337
TT,21-07-04-m-009,17,NEG,0.0245,0.6769,0.2986,-0.6524
TT,21-07-04-m-009,18,POS,0.9383,0.0036,0.0581,0.9347
TT,21-07-04-m-009,19,NEG,0.0078,0.7925,0.1997,-0.7847
TT,21-07-04-m-009,20,NEG,0.0295,0.6538,0.3167,-0.6244
TT,21-07-04-m-009,21,NEU,0.335,0.1689,0.4961,0.1662
TT,21-07-04-m-013,0,POS,0.7846,0.0362,0.1792,0.7484
TT,21-07-04-m-013,1,POS,0.9246,0.0095,0.0659,0.9151
TT,21-07-04-m-013,2,POS,0.4601,0.0844,0.4555,0.3757
TT,21-07-04-m-013,3,NEU,0.153,0.2275,0.6195,-0.0746
TT,21-07-04-m-013,4,POS,0.5349,0.0267,0.4383,0.5082
TT,21-07-04-m-013,5,POS,0.9348,0.0085,0.0567,0.9262
TT,21-07-04-m-013,6,NEU,0.3387,0.0701,0.5911,0.2686
TT,21-07-04-m-013,7,POS,0.7635,0.0449,0.1916,0.7185
TT,21-07-04-m-013,8,NEU,0.1096,0.0459,0.8445,0.0636
TT,21-07-04-m-013,9,POS,0.8041,0.028,0.1678,0.7761
TT,21-07-04-m-013,10,POS,0.8893,0.0111,0.0996,0.8781
TT,21-07-04-m-013,11,POS,0.7734,0.0344,0.1921,0.739
TT,21-07-04-m-013,12,POS,0.544,0.0537,0.4022,0.4903
TT,21-07-04-m-013,13,POS,0.9175,0.0089,0.0736,0.9086
TT,21-07-04-m-013,14,POS,0.9343,0.0069,0.0588,0.9274
TT,21-07-04-m-013,15,NEG,0.065,0.5084,0.4266,-0.4435
TT,21-07-04-m-013,16,POS,0.5111,0.0524,0.4365,0.4587
TT,21-07-04-m-013,17,NEG,0.0033,0.9636,0.0331,-0.9603
TT,21-07-04-m-013,18,POS,0.7641,0.0127,0.2232,0.7513
TT,21-07-04-m-013,19,POS,0.8893,0.0067,0.1039,0.8826
TT,21-07-04-m-013,20,NEG,0.0724,0.6668,0.2608,-0.5944
TT,21-07-04-m-013,21,NEU,0.1261,0.1561,0.7178,-0.03
TT,21-07-04-m-015,0,POS,0.6499,0.0651,0.285,0.5849
TT,21-07-04-m-015,1,POS,0.8308,0.0247,0.1445,0.8061
TT,21-07-04-m-015,2,POS,0.88,0.0106,0.1094,0.8695
TT,21-07-04-m-015,3,POS,0.5977,0.0194,0.383,0.5783
TT,21-07-04-m-015,4,POS,0.7749,0.0183,0.2068,0.7567
TT,21-07-04-m-015,5,NEU,0.0331,0.1858,0.7811,-0.1527
TT,21-07-04-m-015,6,POS,0.9756,0.0044,0.02,0.9712
TT,21-07-04-m-015,7,POS,0.9435,0.0049,0.0516,0.9386
TT,21-07-04-m-015,8,NEG,0.0096,0.8603,0.1301,-0.8507
TT,21-07-04-m-015,9,POS,0.9646,0.0034,0.032,0.9611
TT,21-07-04-m-015,10,POS,0.6643,0.0781,0.2576,0.5862
TT,21-07-04-m-015,11,NEG,0.0144,0.8368,0.1487,-0.8224
TT,21-07-04-m-015,12,NEG,0.0078,0.9286,0.0636,-0.9207
TT,21-07-04-m-015,13,NEU,0.1302,0.0319,0.8379,0.0983
TT,21-07-04-m-015,14,NEU,0.1117,0.1697,0.7186,-0.0581
TT,21-07-04-m-015,15,NEG,0.0044,0.8669,0.1287,-0.8625
TT,21-07-04-m-015,16,NEU,0.3019,0.0833,0.6149,0.2186
TT,21-07-04-m-015,17,NEG,0.0205,0.6747,0.3048,-0.6542
TT,21-07-04-m-015,18,POS,0.4876,0.055,0.4573,0.4326
TT,21-07-04-m-015,19,POS,0.9259,0.011,0.0631,0.9149
TT,21-07-04-m-015,20,NEU,0.0225,0.1849,0.7926,-0.1624
TT,21-07-04-m-015,21,NEG,0.0084,0.901,0.0906,-0.8926
TT,21-07-04-m-015,22,NEG,0.0094,0.6232,0.3674,-0.6138
TT,21-07-04-m-015,23,NEG,0.0024,0.9729,0.0247,-0.9704
TT,21-07-04-m-015,24,NEU,0.0878,0.2108,0.7013,-0.123
TT,21-07-04-m-015,25,POS,0.8182,0.0116,0.1702,0.8066
TT,21-07-04-m-015,26,NEU,0.0327,0.3238,0.6435,-0.2911
TT,21-07-04-m-015,27,POS,0.899,0.0092,0.0918,0.8898
TT,21-07-04-m-015,28,POS,0.4568,0.2767,0.2665,0.18
TT,21-07-04-m-015,29,NEU,0.3623,0.0927,0.545,0.2695
TT,21-07-04-m-015,30,POS,0.6138,0.0255,0.3607,0.5883
TT,21-07-04-m-015,31,POS,0.9351,0.0118,0.0531,0.9233
TT,21-07-04-m-015,32,NEU,0.1336,0.116,0.7504,0.0177
TT,21-07-04-m-015,33,POS,0.8069,0.017,0.1761,0.79
TT,21-07-04-m-015,34,POS,0.9369,0.009,0.0541,0.9279
TT,21-07-04-m-016,0,POS,0.9482,0.0076,0.0442,0.9405
TT,21-07-04-m-016,1,POS,0.9362,0.0091,0.0547,0.927
TT,21-07-04-m-016,2,NEG,0.0248,0.5279,0.4473,-0.503
TT,21-07-04-m-016,3,NEG,0.0032,0.9606,0.0362,-0.9575
TT,21-07-04-m-016,4,NEG,0.034,0.5189,0.4471,-0.485
TT,21-07-04-m-016,5,NEG,0.0197,0.9196,0.0606,-0.8999
TT,21-07-04-m-016,6,NEG,0.006,0.9375,0.0565,-0.9315
TT,21-07-04-m-016,7,NEG,0.0286,0.8216,0.1498,-0.793
TT,21-07-04-m-016,8,NEU,0.0814,0.2914,0.6273,-0.21
TT,21-07-04-m-016,9,NEU,0.0764,0.1452,0.7784,-0.0689
TT,21-07-04-m-017,0,NEU,0.335,0.1689,0.4961,0.1662
TT,21-07-04-m-017,1,POS,0.6416,0.0312,0.3272,0.6105
TT,21-07-04-m-017,2,POS,0.6473,0.0145,0.3382,0.6327
TT,21-07-04-m-017,3,POS,0.956,0.0031,0.0409,0.9529
TT,21-07-04-m-017,4,POS,0.9085,0.0142,0.0774,0.8943
TT,21-07-04-m-017,5,NEU,0.4479,0.065,0.4872,0.3829
TT,21-07-04-m-017,6,NEU,0.1627,0.0363,0.801,0.1264
TT,21-07-04-m-017,7,NEG,0.0115,0.795,0.1935,-0.7836
TT,21-07-04-m-017,8,NEU,0.1428,0.1696,0.6876,-0.0268
TT,21-07-04-m-017,9,NEU,0.1683,0.0561,0.7756,0.1122
TT,21-07-04-m-017,10,NEG,0.0102,0.9193,0.0705,-0.9091
TT,21-07-04-m-017,11,NEU,0.2905,0.1564,0.5531,0.1341
TT,21-07-04-m-019,0,NEU,0.1968,0.2661,0.5371,-0.0692
TT,21-07-04-m-019,1,NEU,0.1571,0.3359,0.507,-0.1788
TT,21-07-04-m-019,2,NEU,0.4113,0.1082,0.4805,0.3031
TT,21-07-04-m-019,3,POS,0.9454,0.0118,0.0428,0.9336
TT,21-07-04-m-019,4,POS,0.6378,0.0388,0.3235,0.599
TT,21-07-04-m-019,5,NEU,0.2454,0.0184,0.7362,0.2271
TT,21-07-04-m-019,6,POS,0.9412,0.0073,0.0515,0.9338
TT,21-07-04-m-019,7,NEU,0.2163,0.1548,0.6289,0.0614
TT,21-07-04-m-019,8,NEG,0.0047,0.9253,0.0701,-0.9206
TT,21-07-04-m-019,9,NEG,0.039,0.797,0.1639,-0.758
TT,21-07-04-m-019,10,POS,0.5521,0.0737,0.3741,0.4784
TT,21-07-04-m-019,11,NEU,0.335,0.1689,0.4961,0.1662
TT,21-07-04-m-020,0,POS,0.8734,0.0113,0.1153,0.8621
TT,21-07-04-m-020,1,POS,0.9168,0.0071,0.0761,0.9097
TT,21-07-04-m-020,2,POS,0.8371,0.0144,0.1485,0.8227
TT,21-07-04-m-020,3,NEG,0.0027,0.9825,0.0148,-0.9798
TT,21-07-04-m-020,4,POS,0.9105,0.006,0.0835,0.9045
TT,21-07-04-m-020,5,NEU,0.0478,0.2383,0.7139,-0.1905
TT,21-07-04-m-020,6,POS,0.6524,0.0517,0.296,0.6007
TT,21-07-04-m-020,7,NEU,0.4351,0.0789,0.486,0.3561
TT,21-07-04-m-020,8,NEU,0.1011,0.2851,0.6138,-0.184
TT,21-07-04-m-020,9,NEG,0.014,0.8725,0.1136,-0.8585
TT,21-07-04-m-020,10,NEG,0.0118,0.8656,0.1226,-0.8538
TT,21-07-04-m-020,11,POS,0.5555,0.082,0.3624,0.4735
TT,21-07-04-m-020,12,POS,0.9653,0.0074,0.0273,0.9579
TT,21-07-04-m-020,13,NEU,0.2328,0.2907,0.4765,-0.058
TT,21-07-04-m-020,14,NEU,0.2111,0.1387,0.6502,0.0725
TT,21-07-04-m-020,15,POS,0.9418,0.0063,0.0519,0.9356
TT,21-07-04-m-022,0,NEU,0.1719,0.1734,0.6548,-0.0015
TT,21-07-04-m-022,1,POS,0.9339,0.0057,0.0605,0.9282
TT,21-07-04-m-022,2,NEG,0.0398,0.6451,0.3152,-0.6053
TT,21-07-04-m-022,3,POS,0.7503,0.0203,0.2294,0.73
TT,21-07-04-m-022,4,NEU,0.0167,0.4004,0.5829,-0.3836
TT,21-07-04-m-022,5,NEU,0.1538,0.1117,0.7345,0.042
TT,21-07-04-m-022,6,NEU,0.0946,0.0997,0.8056,-0.0051
TT,21-07-04-m-022,7,NEG,0.0364,0.7661,0.1974,-0.7297
TT,21-07-04-m-022,8,NEG,0.0485,0.6395,0.312,-0.5909
TT,21-07-04-m-022,9,NEG,0.0538,0.6006,0.3456,-0.5469
TT,21-07-04-m-022,10,NEG,0.0772,0.4941,0.4288,-0.4169
TT,21-07-04-m-022,11,POS,0.9455,0.0109,0.0437,0.9346
TT,21-07-04-m-022,12,NEG,0.0232,0.7301,0.2468,-0.7069
TT,21-07-04-m-022,13,NEG,0.0314,0.5219,0.4467,-0.4906
TT,21-07-04-m-022,14,NEG,0.0314,0.69,0.2787,-0.6586
TT,21-07-04-m-026,0,NEU,0.1721,0.3142,0.5137,-0.1422
TT,21-07-04-m-026,1,NEU,0.3128,0.1116,0.5756,0.2013
TT,21-07-04-m-026,2,NEU,0.4326,0.0452,0.5222,0.3874
TT,21-07-04-m-026,3,NEU,0.3851,0.0818,0.533,0.3033
TT,21-07-04-m-026,4,NEG,0.0354,0.7533,0.2112,-0.7179
TT,21-07-04-m-026,5,NEG,0.0053,0.9266,0.0681,-0.9213
TT,21-07-04-m-026,6,NEG,0.0142,0.7129,0.2729,-0.6986
TT,21-07-04-m-026,7,NEU,0.1277,0.1205,0.7517,0.0072
TT,21-07-04-m-026,8,NEU,0.335,0.1689,0.4961,0.1662
TT,21-07-04-m-027,0,NEG,0.0072,0.9452,0.0475,-0.938
TT,21-07-04-m-027,1,NEG,0.0133,0.8118,0.1749,-0.7985
TT,21-07-04-m-027,2,NEG,0.0148,0.7703,0.2149,-0.7555
TT,21-07-04-m-027,3,NEG,0.1004,0.4728,0.4268,-0.3724
TT,21-07-04-m-027,4,NEU,0.1413,0.1194,0.7393,0.0219
TT,21-07-04-m-027,5,NEG,0.0118,0.8099,0.1784,-0.7981
TT,21-07-04-m-027,6,NEU,0.3437,0.045,0.6113,0.2987
TT,21-07-04-m-027,7,NEG,0.0132,0.8747,0.1121,-0.8614
TT,21-07-04-m-027,8,NEG,0.0202,0.7648,0.215,-0.7446
TT,21-07-04-m-027,9,NEU,0.0233,0.2435,0.7331,-0.2202
TT,21-07-04-m-027,10,NEG,0.0419,0.5098,0.4484,-0.4679
TT,21-07-04-m-027,11,POS,0.7007,0.0095,0.2898,0.6911
TT,21-07-04-m-027,12,NEU,0.1459,0.1608,0.6933,-0.0149
TT,21-07-04-m-027,13,NEU,0.0892,0.2826,0.6282,-0.1933
TT,21-07-04-m-027,14,NEU,0.1971,0.2546,0.5484,-0.0575
TT,21-07-04-m-027,15,NEG,0.0287,0.6561,0.3153,-0.6274
TT,21-07-04-m-027,16,NEG,0.0116,0.8323,0.1561,-0.8207
TT,21-07-04-m-027,17,POS,0.9578,0.0065,0.0357,0.9513
TT,21-07-04-m-027,18,NEU,0.4654,0.0531,0.4815,0.4124
TT,21-07-04-m-027,19,NEU,0.3456,0.0663,0.5881,0.2792
TT,21-07-04-m-027,20,NEU,0.3261,0.0508,0.623,0.2753
TT,21-07-04-m-027,21,NEU,0.2717,0.0595,0.6689,0.2122
TT,21-07-04-m-027,22,NEU,0.1299,0.2403,0.6298,-0.1103
TT,21-07-04-m-027,23,NEU,0.335,0.1689,0.4961,0.1662
TT,21-07-04-m-033,0,POS,0.9098,0.0124,0.0778,0.8975
TT,21-07-04-m-033,1,NEU,0.1837,0.1148,0.7015,0.0689
TT,21-07-04-m-033,2,POS,0.8997,0.0165,0.0838,0.8832
TT,21-07-04-m-033,3,POS,0.908,0.0103,0.0818,0.8977
TT,21-07-04-m-033,4,POS,0.7579,0.1127,0.1294,0.6451
TT,21-07-04-m-033,5,NEU,0.3441,0.1188,0.5371,0.2253
TT,21-07-04-m-033,6,NEU,0.294,0.0628,0.6432,0.2312
TT,21-07-04-m-033,7,POS,0.9297,0.0068,0.0635,0.9229
TT,21-07-04-m-033,8,POS,0.9023,0.0095,0.0881,0.8928
TT,21-07-04-m-033,9,NEU,0.4285,0.0277,0.5439,0.4008
TT,21-07-04-m-033,10,NEU,0.387,0.038,0.5751,0.349
TT,21-07-04-m-033,11,NEU,0.3551,0.0917,0.5532,0.2633
TT,21-07-04-m-033,12,NEU,0.2868,0.0923,0.6209,0.1944
TT,21-07-04-m-033,13,NEU,0.4534,0.0659,0.4806,0.3875
TT,21-07-04-m-033,14,NEU,0.1434,0.2141,0.6426,-0.0707
TT,21-07-04-m-033,15,POS,0.4666,0.0871,0.4463,0.3795
TT,21-07-04-m-033,16,NEU,0.1132,0.3224,0.5645,-0.2092
TT,21-07-04-m-033,17,NEU,0.4448,0.08,0.4752,0.3648
TT,21-07-04-m-033,18,NEU,0.1838,0.0236,0.7926,0.1603
TT,21-07-04-m-033,19,NEG,0.0286,0.6924,0.279,-0.6639
TT,21-07-04-m-033,20,NEU,0.4189,0.0497,0.5314,0.3692
TT,21-07-04-m-033,21,NEU,0.3486,0.0326,0.6188,0.316
TT,21-07-04-m-033,22,POS,0.7504,0.0233,0.2263,0.7271
TT,21-07-04-m-033,23,POS,0.471,0.0665,0.4625,0.4045
TT,21-07-04-m-033,24,NEU,0.0346,0.0822,0.8832,-0.0476
TT,21-07-04-m-033,25,NEU,0.2899,0.0519,0.6582,0.238
TT,21-07-04-m-033,26,NEG,0.013,0.6821,0.3049,-0.6691
TT,21-07-04-m-033,27,POS,0.6962,0.0187,0.2851,0.6776
TT,21-07-04-m-033,28,POS,0.8756,0.0115,0.1129,0.8641
TT,21-07-04-m-033,29,POS,0.8879,0.0073,0.1048,0.8806
TT,21-07-04-m-033,30,NEU,0.0595,0.0884,0.8521,-0.0289
TT,21-07-04-m-033,31,NEU,0.0729,0.0453,0.8818,0.0276
TT,21-07-04-m-033,32,NEU,0.3849,0.0674,0.5477,0.3176
TT,21-07-04-m-033,33,NEG,0.0243,0.6646,0.3111,-0.6402
TT,21-07-04-m-033,34,NEU,0.182,0.0776,0.7404,0.1044
TT,21-07-04-m-033,35,NEG,0.0111,0.8317,0.1572,-0.8206
TT,21-07-04-m-033,36,NEU,0.1914,0.0195,0.7891,0.1719
TT,21-07-04-m-033,37,POS,0.6677,0.0047,0.3276,0.663
TT,21-07-04-m-033,38,POS,0.8687,0.0051,0.1262,0.8635
TT,21-07-04-m-033,39,NEU,0.0577,0.0955,0.8469,-0.0378
TT,21-07-04-m-033,40,POS,0.8299,0.0117,0.1584,0.8182
TT,21-07-04-m-033,41,POS,0.8383,0.0205,0.1412,0.8177
TT,21-07-04-m-033,42,POS,0.5741,0.0269,0.399,0.5472
TT,21-07-04-m-033,43,POS,0.5277,0.053,0.4194,0.4747
TT,21-07-04-m-033,44,NEU,0.0923,0.2155,0.6923,-0.1232
TT,21-07-04-m-033,45,NEU,0.1976,0.1865,0.6159,0.0112
TT,21-07-04-m-033,46,POS,0.8804,0.0138,0.1058,0.8666
TT,21-07-04-m-033,47,POS,0.8164,0.0163,0.1673,0.8001
TT,21-07-04-m-033,48,NEU,0.3658,0.0896,0.5446,0.2762
TT,21-07-04-m-033,49,POS,0.4658,0.0803,0.4538,0.3855
TT,21-07-04-m-033,50,NEU,0.3553,0.0271,0.6176,0.3282
TT,21-07-04-m-033,51,NEG,0.0192,0.767,0.2137,-0.7478
TT,21-07-04-m-033,52,NEU,0.0217,0.4391,0.5391,-0.4174
TT,21-07-04-m-033,53,POS,0.949,0.0058,0.0453,0.9432
TT,21-07-04-m-033,54,NEU,0.0458,0.1195,0.8346,-0.0737
TT,21-07-04-m-033,55,NEG,0.0055,0.9428,0.0517,-0.9374
TT,21-07-04-m-033,56,POS,0.8133,0.0086,0.1782,0.8047
TT,21-07-04-m-033,57,POS,0.6176,0.036,0.3464,0.5816
TT,21-07-04-m-033,58,NEG,0.0482,0.4926,0.4592,-0.4443
TT,21-07-04-m-033,59,POS,0.711,0.0241,0.2649,0.6869
TT,21-07-04-m-033,60,NEU,0.0367,0.1077,0.8556,-0.071
TT,21-07-04-m-033,61,NEU,0.1111,0.0679,0.821,0.0432
TT,21-07-04-m-033,62,POS,0.8508,0.0107,0.1385,0.8401
TT,21-07-04-m-033,63,POS,0.6845,0.0172,0.2983,0.6673
TT,21-07-04-m-033,64,POS,0.8877,0.0089,0.1035,0.8788
TT,21-07-04-m-033,65,POS,0.7555,0.0223,0.2222,0.7332
TT,21-07-04-m-033,66,POS,0.8927,0.0066,0.1007,0.8861
TT,21-07-04-m-033,67,POS,0.5885,0.0427,0.3688,0.5458
TT,21-07-04-m-033,68,NEU,0.0487,0.1779,0.7734,-0.1292
TT,21-07-04-m-033,69,POS,0.9799,0.0026,0.0175,0.9773
TT,21-07-04-m-033,70,NEU,0.0776,0.0677,0.8547,0.0098
TT,21-07-04-m-033,71,POS,0.5686,0.0233,0.4081,0.5453
TT,21-07-04-m-033,72,NEU,0.1238,0.3206,0.5556,-0.1968
TT,21-07-04-m-033,73,NEU,0.0633,0.2556,0.6811,-0.1924
TT,21-07-04-m-033,74,POS,0.8895,0.0048,0.1057,0.8847
TT,21-07-04-m-033,75,NEU,0.1896,0.2311,0.5793,-0.0415
TT,21-07-04-m-033,76,NEU,0.4347,0.0804,0.4849,0.3543
TT,21-07-04-m-033,77,POS,0.9462,0.0101,0.0437,0.9361
TT,21-07-04-m-033,78,POS,0.6152,0.018,0.3668,0.5973
TT,21-07-04-m-033,79,POS,0.665,0.0297,0.3053,0.6353
TT,21-07-04-m-033,80,POS,0.8457,0.0096,0.1447,0.8362
TT,21-07-04-m-033,81,POS,0.8513,0.0103,0.1384,0.841
TT,21-07-04-m-033,82,POS,0.8585,0.0153,0.1263,0.8432
TT,21-07-04-m-033,83,POS,0.8893,0.0123,0.0985,0.877
TT,21-07-04-m-033,84,POS,0.5169,0.1116,0.3715,0.4053
TT,26-02-04-m-008,0,NEU,0.1968,0.2661,0.5371,-0.0692
TT,26-02-04-m-008,1,NEG,0.0131,0.6688,0.3181,-0.6558
TT,26-02-04-m-008,2,NEU,0.057,0.2535,0.6895,-0.1964
TT,26-02-04-m-008,3,NEU,0.1054,0.2539,0.6406,-0.1485
TT,26-02-04-m-008,4,POS,0.7848,0.0178,0.1975,0.767
TT,26-02-04-m-008,5,POS,0.479,0.0567,0.4643,0.4224
TT,26-02-04-m-008,6,NEU,0.4337,0.0404,0.5259,0.3934
TT,26-02-04-m-008,7,NEG,0.0054,0.9268,0.0678,-0.9214
TT,26-02-04-m-008,8,NEU,0.1912,0.0435,0.7652,0.1477
TT,26-02-04-m-008,9,NEU,0.1656,0.0336,0.8007,0.132
TT,26-02-04-m-008,10,NEU,0.0423,0.4176,0.5401,-0.3754
TT,26-02-04-m-008,11,NEU,0.4773,0.0355,0.4871,0.4418
TT,26-02-04-m-008,12,NEU,0.1348,0.1079,0.7573,0.0269
TT,26-02-04-m-008,13,NEU,0.0434,0.4441,0.5125,-0.4007
TT,26-02-04-m-008,14,NEU,0.3077,0.0567,0.6356,0.251
TT,26-02-04-m-008,15,NEU,0.4302,0.0618,0.508,0.3684
TT,26-02-04-m-008,16,NEG,0.0586,0.6825,0.2589,-0.624
TT,26-02-04-m-008,17,POS,0.5813,0.046,0.3727,0.5353
TT,26-02-04-m-008,18,NEU,0.1278,0.1012,0.771,0.0266
TT,26-02-04-m-008,19,POS,0.5808,0.0327,0.3865,0.5481
TT,26-02-04-m-008,20,NEU,0.2149,0.1261,0.659,0.0888
TT,26-02-04-m-008,21,NEG,0.0042,0.9101,0.0857,-0.9059
TT,26-02-04-m-008,22,NEG,0.0051,0.8591,0.1358,-0.854
TT,26-02-04-m-008,23,POS,0.5345,0.0454,0.4201,0.4892
TT,26-02-04-m-008,24,POS,0.8615,0.0053,0.1333,0.8562
TT,26-02-04-m-008,25,NEU,0.0906,0.1271,0.7823,-0.0365
TT,26-02-04-m-008,26,NEU,0.0278,0.1345,0.8377,-0.1067
TT,26-02-04-m-008,27,NEU,0.3159,0.1431,0.541,0.1727
TT,26-02-04-m-008,28,NEU,0.1466,0.145,0.7084,0.0017
TT,26-02-04-m-008,29,POS,0.9175,0.0087,0.0738,0.9088
TT,26-02-04-m-008,30,POS,0.7217,0.0223,0.2559,0.6994
TT,26-02-04-m-008,31,NEU,0.2975,0.0462,0.6562,0.2513
TT,26-02-04-m-008,32,POS,0.5641,0.0519,0.384,0.5122
TT,26-02-04-m-008,33,NEU,0.2529,0.3497,0.3974,-0.0968
TT,26-02-04-m-008,34,POS,0.5646,0.0421,0.3933,0.5224
TT,26-02-04-m-008,35,POS,0.6115,0.0311,0.3575,0.5804
TT,26-02-04-m-008,36,POS,0.6763,0.018,0.3057,0.6583
TT,26-02-04-m-008,37,POS,0.9542,0.0071,0.0387,0.947
TT,26-02-04-m-008,38,NEU,0.335,0.1689,0.4961,0.1662
TT,26-02-04-m-020,0,NEU,0.1968,0.2661,0.5371,-0.0692
TT,26-02-04-m-020,1,POS,0.936,0.008,0.056,0.928
TT,26-02-04-m-020,2,POS,0.9507,0.0068,0.0426,0.9439
TT,26-02-04-m-020,3,NEG,0.007,0.9104,0.0826,-0.9033
TT,26-02-04-m-020,4,NEU,0.4343,0.1059,0.4598,0.3284
TT,26-02-04-m-020,5,NEG,0.0592,0.5069,0.4339,-0.4476
TT,26-02-04-m-020,6,NEG,0.0194,0.6591,0.3215,-0.6397
TT,26-02-04-m-020,7,NEG,0.0038,0.9563,0.0399,-0.9524
TT,26-02-04-m-020,8,NEU,0.2748,0.0285,0.6967,0.2463
TT,26-02-04-m-020,9,NEU,0.1987,0.0533,0.748,0.1454
TT,26-02-04-m-020,10,NEG,0.0613,0.7062,0.2325,-0.645
TT,26-02-04-m-020,11,NEG,0.0091,0.8356,0.1553,-0.8265
TT,26-02-04-m-020,12,NEU,0.335,0.1689,0.4961,0.1662
TT,26-02-04-m-032,0,NEU,0.1968,0.2661,0.5371,-0.0692
TT,26-02-04-m-032,1,POS,0.9697,0.0022,0.0281,0.9675
TT,26-02-04-m-032,2,POS,0.7956,0.0225,0.1819,0.7732
TT,26-02-04-m-032,3,POS,0.9607,0.0053,0.034,0.9554
TT,26-02-04-m-032,4,NEU,0.1509,0.2008,0.6484,-0.0499
TT,26-02-04-m-032,5,POS,0.5035,0.1387,0.3578,0.3647
TT,26-02-04-m-032,6,NEU,0.3879,0.0578,0.5543,0.3301
TT,26-02-04-m-032,7,NEG,0.009,0.8804,0.1106,-0.8714
TT,26-02-04-m-032,8,NEU,0.421,0.0399,0.5391,0.3811
TT,26-02-04-m-032,9,POS,0.7775,0.019,0.2034,0.7585
TT,26-02-04-m-032,10,NEU,0.3691,0.1381,0.4928,0.231
TT,26-02-04-m-032,11,NEG,0.0042,0.8981,0.0977,-0.8939
TT,26-02-04-m-032,12,NEU,0.1163,0.1166,0.767,-0.0003
TT,26-02-04-m-032,13,NEU,0.1024,0.1061,0.7915,-0.0037
TT,26-02-04-m-032,14,NEU,0.2393,0.0408,0.7198,0.1985
TT,26-02-04-m-032,15,NEU,0.0649,0.0528,0.8823,0.0122
TT,26-02-04-m-032,16,NEU,0.2575,0.0133,0.7292,0.2443
TT,26-02-04-m-032,17,POS,0.824,0.0069,0.1691,0.8171
TT,26-02-04-m-032,18,NEU,0.1377,0.058,0.8043,0.0797
TT,26-02-04-m-032,19,NEU,0.4307,0.104,0.4653,0.3267
TT,26-02-04-m-032,20,NEU,0.355,0.08,0.565,0.275
TT,26-02-04-m-032,21,NEU,0.2527,0.0372,0.7101,0.2155
TT,26-02-04-m-032,22,NEU,0.3509,0.0234,0.6257,0.3275
TT,26-02-04-m-032,23,NEU,0.3215,0.0373,0.6412,0.2842
TT,26-02-04-m-032,24,POS,0.7305,0.02,0.2496,0.7105
TT,26-02-04-m-032,25,POS,0.9616,0.0039,0.0345,0.9577
TT,26-02-04-m-032,26,POS,0.8756,0.0142,0.1102,0.8614
TT,26-02-04-m-032,27,NEU,0.3138,0.1295,0.5566,0.1843
TT,26-02-04-m-032,28,NEG,0.0202,0.5734,0.4064,-0.5531
TT,26-02-04-m-032,29,NEG,0.0036,0.9346,0.0618,-0.9311
TT,26-02-04-m-032,30,POS,0.8995,0.0061,0.0945,0.8934
TT,26-02-04-m-040,0,NEU,0.337,0.1287,0.5344,0.2083
TT,26-02-04-m-040,1,POS,0.7846,0.0362,0.1792,0.7484
TT,26-02-04-m-040,2,NEG,0.0069,0.9361,0.057,-0.9291
TT,26-02-04-m-040,3,NEU,0.1458,0.2078,0.6464,-0.062
TT,26-02-04-m-040,4,NEG,0.0038,0.9619,0.0343,-0.9581
TT,26-02-04-m-040,5,NEU,0.0411,0.4637,0.4952,-0.4226
TT,26-02-04-m-040,6,NEU,0.4097,0.0966,0.4937,0.313
TT,26-02-04-m-040,7,NEG,0.0064,0.883,0.1106,-0.8767
TT,26-02-04-m-040,8,NEU,0.1233,0.3214,0.5553,-0.1981
TT,26-02-04-m-040,9,NEU,0.167,0.3336,0.4994,-0.1666
TT,26-02-04-m-040,10,NEU,0.335,0.1689,0.4961,0.1662
TT,26-02-04-m-042,0,NEU,0.4033,0.1679,0.4288,0.2355
TT,26-02-04-m-042,1,POS,0.8221,0.0118,0.1661,0.8104
TT,26-02-04-m-042,2,POS,0.8281,0.0101,0.1618,0.8181
TT,26-02-04-m-042,3,NEG,0.0294,0.4992,0.4713,-0.4698
TT,26-02-04-m-042,4,NEU,0.0566,0.115,0.8284,-0.0584
TT,26-02-04-m-042,5,POS,0.8018,0.0208,0.1774,0.781
TT,26-02-04-m-042,6,NEG,0.0081,0.9212,0.0706,-0.9131
TT,26-02-04-m-042,7,NEG,0.0222,0.5346,0.4432,-0.5125
TT,26-02-04-m-042,8,NEU,0.0873,0.3937,0.519,-0.3063
TT,26-02-04-m-042,9,NEG,0.0091,0.9127,0.0782,-0.9036
TT,26-02-04-m-042,10,NEG,0.0109,0.76,0.2291,-0.749
TT,26-02-04-m-042,11,POS,0.7305,0.0303,0.2392,0.7002
TT,26-02-04-m-042,12,NEG,0.0046,0.9075,0.0879,-0.9029
TT,26-02-04-m-042,13,NEG,0.0095,0.8906,0.1,-0.8811
TT,26-02-04-m-042,14,NEU,0.0529,0.4424,0.5048,-0.3895
TT,26-02-04-m-042,15,NEG,0.0117,0.7456,0.2427,-0.7339
TT,26-02-04-m-042,16,NEU,0.0482,0.2465,0.7053,-0.1983
TT,26-02-04-m-042,17,NEG,0.0235,0.5683,0.4082,-0.5448
TT,26-02-04-m-042,18,NEU,0.092,0.111,0.797,-0.019
TT,30-03-04-p-168,0,NEU,0.186,0.199,0.615,-0.013
TT,30-03-04-p-168,1,NEG,0.0106,0.8545,0.135,-0.8439
TT,30-03-04-p-168,2,NEG,0.0052,0.9638,0.031,-0.9585
TT,30-03-04-p-168,3,NEG,0.0279,0.8019,0.1702,-0.774
TT,30-03-04-p-168,4,NEG,0.0064,0.9465,0.0471,-0.94
TT,30-03-04-p-168,5,NEG,0.0094,0.6498,0.3407,-0.6404
TT,30-03-04-p-168,6,NEU,0.2792,0.3587,0.3622,-0.0795
TT,30-03-04-p-168,7,NEG,0.0856,0.7006,0.2139,-0.615
TT,30-03-04-p-168,8,NEG,0.0083,0.9068,0.0849,-0.8986
TT,30-03-04-p-168,9,NEG,0.003,0.9816,0.0153,-0.9786
TT,30-03-04-p-168,10,POS,0.6475,0.0406,0.3119,0.6069
TT,30-03-04-p-168,11,NEU,0.3718,0.0457,0.5825,0.3262
TT,30-03-04-p-168,12,NEU,0.3062,0.1774,0.5164,0.1289
TT,30-03-04-p-168,13,POS,0.9027,0.0037,0.0936,0.899
TT,30-03-04-p-168,14,POS,0.7235,0.0263,0.2502,0.6971
TT,30-03-04-p-168,15,NEU,0.2198,0.1885,0.5916,0.0313
TT,30-03-04-p-168,16,NEU,0.2776,0.0569,0.6655,0.2207
TT,30-03-04-p-168,17,NEU,0.123,0.2265,0.6505,-0.1036
TT,30-03-04-p-168,18,NEU,0.2642,0.065,0.6708,0.1991
TT,30-03-04-p-168,19,POS,0.8144,0.0142,0.1714,0.8001
TT,30-03-04-p-168,20,NEU,0.3682,0.049,0.5828,0.3192
TT,30-03-04-p-168,21,POS,0.8765,0.009,0.1145,0.8675
TT,30-03-04-p-168,22,NEU,0.1899,0.0523,0.7579,0.1376
TT,30-03-04-p-168,23,POS,0.687,0.025,0.2879,0.662
TT,30-03-04-p-168,24,POS,0.8667,0.0226,0.1107,0.8441
TT,30-03-04-p-168,25,NEU,0.138,0.1561,0.7059,-0.0181
TT,30-03-04-p-168,26,POS,0.6998,0.012,0.2882,0.6879
TT,30-03-04-p-168,27,POS,0.5228,0.0423,0.4349,0.4805
TT,30-03-04-p-168,28,POS,0.5188,0.0236,0.4575,0.4952
TT,30-03-04-p-168,29,POS,0.7102,0.0387,0.2512,0.6715
TT,30-03-04-p-168,30,NEU,0.2007,0.0434,0.7559,0.1574
TT,30-03-04-p-168,31,NEU,0.1682,0.1396,0.6922,0.0286
TT,30-03-04-p-168,32,POS,0.5876,0.0578,0.3546,0.5298
TT,30-03-04-p-168,33,POS,0.6034,0.0339,0.3627,0.5694
TT,30-03-04-p-168,34,POS,0.9079,0.0072,0.0849,0.9008
TT,30-03-04-p-168,35,POS,0.493,0.0496,0.4574,0.4434
TT,30-03-04-p-168,36,POS,0.5602,0.0279,0.4119,0.5322
TT,30-03-04-p-168,37,NEU,0.4193,0.0635,0.5172,0.3558
TT,30-03-04-p-168,38,NEG,0.0064,0.959,0.0346,-0.9525
TT,30-03-04-p-168,39,POS,0.6478,0.0312,0.321,0.6166
TT,30-03-04-p-168,40,POS,0.8395,0.0114,0.1491,0.8281
TT,30-03-04-p-168,41,NEU,0.4028,0.0674,0.5298,0.3354
TT,30-03-04-p-168,42,NEU,0.1931,0.1116,0.6953,0.0815
TT,30-03-04-p-168,43,NEU,0.1686,0.0811,0.7503,0.0875
TT,30-03-04-p-168,44,NEU,0.2127,0.0648,0.7224,0.1479
TT,30-03-04-p-168,45,POS,0.8344,0.015,0.1506,0.8193
TT,30-03-04-p-168,46,NEU,0.4298,0.0997,0.4705,0.3301
TT,30-03-04-p-168,47,POS,0.493,0.0879,0.4191,0.4051
TT,30-03-04-p-168,48,NEU,0.0819,0.1503,0.7678,-0.0684
TT,30-03-04-p-168,49,NEG,0.0231,0.7986,0.1783,-0.7755
TT,30-03-04-p-168,50,NEU,0.3642,0.0281,0.6076,0.3361
TT,30-03-04-p-168,51,NEU,0.4794,0.0242,0.4965,0.4552
TT,30-03-04-p-168,52,NEU,0.4369,0.0705,0.4925,0.3664
TT,30-03-04-p-168,53,NEU,0.0167,0.1788,0.8045,-0.1621
TT,30-03-04-p-168,54,NEU,0.3115,0.0394,0.6492,0.2721
TT,30-03-04-p-168,55,POS,0.5277,0.1149,0.3573,0.4128
TT,30-03-04-p-168,56,NEU,0.3202,0.0208,0.659,0.2994
TT,30-03-04-p-168,57,POS,0.4624,0.1049,0.4327,0.3576
TT,30-03-04-p-168,58,NEG,0.0097,0.9302,0.0601,-0.9205
TT,30-03-04-p-168,59,NEU,0.424,0.0524,0.5236,0.3716
TT,30-03-04-p-168,60,POS,0.5714,0.0305,0.398,0.5409
TT,30-03-04-p-168,61,POS,0.746,0.0161,0.2379,0.73
TT,30-03-04-p-168,62,NEG,0.0325,0.752,0.2155,-0.7194
TT,30-03-04-p-168,63,NEG,0.0308,0.7258,0.2435,-0.695
TT,30-03-04-p-168,64,POS,0.8217,0.0154,0.1628,0.8063
TT,30-03-04-p-168,65,POS,0.5679,0.0477,0.3844,0.5201
TT,30-03-04-p-168,66,POS,0.9083,0.0091,0.0826,0.8992
TT,30-03-04-p-168,67,POS,0.9059,0.013,0.0812,0.8929
TT,30-03-04-p-169,0,NEU,0.1721,0.3142,0.5137,-0.1422
TT,30-03-04-p-169,1,POS,0.7056,0.0236,0.2708,0.682
TT,30-03-04-p-169,2,POS,0.808,0.0131,0.179,0.7949
TT,30-03-04-p-169,3,NEG,0.0639,0.604,0.3322,-0.5401
TT,30-03-04-p-169,4,NEU,0.1261,0.1999,0.674,-0.0738
TT,30-03-04-p-169,5,POS,0.5358,0.0289,0.4354,0.5069
TT,30-03-04-p-169,6,NEU,0.3219,0.0223,0.6558,0.2996
TT,30-03-04-p-169,7,NEU,0.1357,0.3201,0.5442,-0.1845
TT,30-03-04-p-169,8,POS,0.7827,0.0099,0.2074,0.7729
TT,30-03-04-p-169,9,POS,0.6736,0.0106,0.3158,0.6629
TT,30-03-04-p-169,10,POS,0.8658,0.013,0.1211,0.8528
TT,30-03-04-p-169,11,POS,0.5006,0.0528,0.4466,0.4479
TT,30-03-04-p-169,12,NEU,0.3101,0.0375,0.6524,0.2726
TT,30-03-04-p-169,13,NEU,0.0635,0.2308,0.7058,-0.1673
TT,30-03-04-p-169,14,NEU,0.3788,0.0311,0.5901,0.3478
TT,30-03-04-p-169,15,NEG,0.0035,0.9337,0.0627,-0.9302
TT,30-03-04-p-169,16,NEG,0.003,0.9655,0.0315,-0.9625
TT,30-03-04-p-169,17,NEU,0.1402,0.0536,0.8062,0.0866
TT,30-03-04-p-169,18,POS,0.8747,0.0062,0.1191,0.8685
TT,30-03-04-p-169,19,NEU,0.4694,0.0403,0.4904,0.4291
TT,30-03-04-p-169,20,NEU,0.0311,0.4469,0.522,-0.4158
TT,30-03-04-p-169,21,POS,0.8985,0.011,0.0905,0.8875
TT,30-03-04-p-169,22,NEU,0.1418,0.2097,0.6485,-0.0678
TT,30-03-04-p-169,23,NEG,0.0025,0.981,0.0166,-0.9785
TT,30-03-04-p-169,24,NEG,0.0168,0.6892,0.2939,-0.6724
TT,30-03-04-p-169,25,NEG,0.0066,0.9267,0.0667,-0.9201
TT,30-03-04-p-169,26,POS,0.7723,0.0308,0.1969,0.7415
TT,30-03-04-p-169,27,NEU,0.1897,0.1943,0.616,-0.0046
TT,30-03-04-p-169,28,NEU,0.164,0.2864,0.5496,-0.1224
TT,30-03-04-p-169,29,NEU,0.0155,0.3048,0.6797,-0.2892
TT,30-03-04-p-169,30,NEG,0.0159,0.5346,0.4495,-0.5187
TT,30-03-04-p-169,31,NEG,0.1235,0.557,0.3194,-0.4335
TT,30-03-04-p-169,32,POS,0.7645,0.0194,0.2161,0.7451
TT,30-03-04-p-169,33,NEG,0.0065,0.9508,0.0427,-0.9443
TT,30-03-04-p-169,34,NEU,0.0682,0.4003,0.5315,-0.3321
TT,30-03-04-p-169,35,NEU,0.0853,0.4095,0.5052,-0.3241
TT,30-03-04-p-169,36,NEG,0.0503,0.7575,0.1921,-0.7072
TT,30-03-04-p-169,37,NEU,0.0499,0.278,0.6721,-0.2281
TT,30-03-04-p-169,38,NEU,0.0389,0.418,0.5432,-0.3791
TT,30-03-04-p-169,39,NEG,0.0111,0.9535,0.0355,-0.9424
TT,30-03-04-p-169,40,NEG,0.0169,0.8214,0.1617,-0.8045
TT,30-03-04-p-169,41,NEG,0.003,0.9544,0.0426,-0.9514
TT,30-03-04-p-169,42,NEG,0.0042,0.9536,0.0422,-0.9493
TT,30-03-04-p-169,43,NEU,0.1475,0.2813,0.5712,-0.1339
TT,30-03-04-p-169,44,NEU,0.0497,0.3006,0.6497,-0.2508
TT,30-03-04-p-169,45,NEU,0.0943,0.1048,0.8009,-0.0104
TT,30-03-04-p-169,46,NEG,0.0199,0.8075,0.1726,-0.7876
TT,30-03-04-p-169,47,NEU,0.0931,0.094,0.8129,-0.0009
TT,30-03-04-p-169,48,NEG,0.0123,0.7467,0.241,-0.7345
TT,30-03-04-p-169,49,NEG,0.0088,0.8886,0.1026,-0.8798
TT,30-03-04-p-169,50,POS,0.6345,0.0117,0.3538,0.6228
TT,30-03-04-p-169,51,POS,0.783,0.01,0.207,0.773
TT,30-03-04-p-169,52,POS,0.741,0.0144,0.2446,0.7265
TT,30-03-04-p-169,53,POS,0.8989,0.0107,0.0904,0.8882
TT,30-03-04-p-169,54,POS,0.769,0.0167,0.2143,0.7522
TT,30-03-04-p-169,55,NEG,0.0094,0.8715,0.119,-0.8621
TT,30-03-04-p-169,56,NEG,0.0153,0.6734,0.3113,-0.6581
TT,30-03-04-p-169,57,NEU,0.0543,0.1565,0.7892,-0.1021
TT,30-03-04-p-169,58,POS,0.7126,0.0286,0.2588,0.684
TT,30-03-04-p-169,59,POS,0.6982,0.0167,0.285,0.6815
TT,30-03-04-p-169,60,NEU,0.3359,0.0833,0.5809,0.2526
TT,30-03-04-p-169,61,NEU,0.3311,0.0681,0.6009,0.263
TT,30-03-04-p-169,62,POS,0.9096,0.0124,0.078,0.8971
TT,30-03-04-p-169,63,POS,0.5288,0.068,0.4032,0.4608
TT,30-03-04-p-169,64,NEU,0.0286,0.0603,0.9111,-0.0317
TT,30-03-04-p-169,65,POS,0.6474,0.0367,0.3159,0.6107
TT,30-03-04-p-169,66,NEU,0.0097,0.4264,0.564,-0.4167
TT,30-03-04-p-169,67,NEU,0.1665,0.1078,0.7257,0.0586
TT,30-03-04-p-169,68,NEU,0.2008,0.1212,0.6779,0.0796
TT,30-03-04-p-169,69,NEG,0.0565,0.7001,0.2434,-0.6435
TT,30-03-04-p-169,70,POS,0.6435,0.0285,0.3281,0.615
TT,30-03-04-p-169,71,NEG,0.0198,0.7824,0.1978,-0.7626
TT,30-03-04-p-169,72,NEU,0.0549,0.1189,0.8262,-0.0639
TT,30-03-04-p-169,73,POS,0.9068,0.008,0.0852,0.8987
TT,30-03-04-p-169,74,NEG,0.0655,0.5655,0.3689,-0.5
TT,30-03-04-p-169,75,NEG,0.0044,0.9706,0.0251,-0.9662
TT,30-03-04-p-169,76,NEG,0.0354,0.7427,0.2219,-0.7073
TT,30-03-04-p-169,77,NEU,0.0636,0.4419,0.4946,-0.3783
TT,30-03-04-p-169,78,NEG,0.0214,0.7366,0.2421,-0.7152
TT,30-03-04-p-169,79,NEG,0.0081,0.9334,0.0585,-0.9253
TT,30-03-04-p-169,80,POS,0.8174,0.01,0.1727,0.8074
TT,30-03-04-p-169,81,NEU,0.3726,0.1721,0.4554,0.2005
TT,30-03-04-p-170,0,NEU,0.0268,0.1704,0.8028,-0.1436
TT,30-03-04-p-170,1,POS,0.6182,0.0184,0.3634,0.5998
TT,30-03-04-p-170,2,NEU,0.0926,0.0889,0.8185,0.0037
TT,30-03-04-p-170,3,NEU,0.1397,0.0244,0.8359,0.1153
TT,30-03-04-p-170,4,POS,0.9309,0.0034,0.0657,0.9275
TT,30-03-04-p-170,5,NEU,0.0891,0.4259,0.485,-0.3367
TT,30-03-04-p-170,6,NEU,0.0306,0.4318,0.5375,-0.4012
TT,30-03-04-p-170,7,NEU,0.0397,0.1964,0.7639,-0.1566
TT,30-03-04-p-170,8,POS,0.7443,0.0193,0.2365,0.725
TT,30-03-04-p-170,9,NEU,0.054,0.1391,0.8069,-0.0851
TT,30-03-04-p-185,0,POS,0.7846,0.0362,0.1792,0.7484
TT,30-03-04-p-185,1,POS,0.5456,0.103,0.3514,0.4427
TT,30-03-04-p-185,2,NEG,0.0041,0.9344,0.0615,-0.9303
TT,30-03-04-p-185,3,NEG,0.0026,0.9768,0.0206,-0.9742
TT,30-03-04-p-185,4,NEG,0.02,0.8448,0.1352,-0.8248
TT,30-03-04-p-185,5,NEU,0.2187,0.0948,0.6865,0.124
TT,30-03-04-p-185,6,NEU,0.0744,0.2863,0.6393,-0.2119
TT,30-03-04-p-185,7,NEG,0.0263,0.8675,0.1062,-0.8411
TT,30-03-04-p-185,8,NEG,0.0049,0.9684,0.0267,-0.9636
TT,30-03-04-p-185,9,NEG,0.0048,0.9701,0.0251,-0.9653
TT,30-03-04-p-185,10,NEG,0.059,0.5776,0.3634,-0.5186
TT,30-03-04-p-185,11,NEG,0.04,0.5657,0.3943,-0.5257
TT,30-03-04-p-185,12,NEG,0.0038,0.9684,0.0278,-0.9647
TT,30-03-04-p-185,13,NEG,0.0844,0.7214,0.1942,-0.637
TT,30-03-04-p-185,14,NEU,0.0174,0.4828,0.4998,-0.4655
TT,30-03-04-p-185,15,NEG,0.007,0.8296,0.1634,-0.8226
TT,30-03-04-p-186,0,NEG,0.008,0.9255,0.0665,-0.9175
TT,30-03-04-p-186,1,NEG,0.0095,0.922,0.0685,-0.9125
TT,30-03-04-p-186,2,NEG,0.0091,0.9316,0.0593,-0.9225
TT,30-03-04-p-186,3,NEG,0.0112,0.8834,0.1054,-0.8722
TT,30-03-04-p-186,4,NEU,0.0317,0.462,0.5063,-0.4303
TT,30-03-04-p-186,5,NEG,0.3164,0.3787,0.3049,-0.0623
TT,30-03-04-p-186,6,NEU,0.4624,0.0436,0.4939,0.4188
TT,30-03-04-p-186,7,NEG,0.0027,0.9714,0.0259,-0.9687
TT,30-03-04-p-186,8,NEU,0.0755,0.0418,0.8827,0.0338
TT,30-03-04-p-186,9,NEU,0.1487,0.137,0.7144,0.0117
TT,30-03-04-p-186,10,NEU,0.1814,0.1714,0.6472,0.01
TT,30-03-04-p-186,11,NEU,0.335,0.1689,0.4961,0.1662
TT,30-03-04-p-191,0,POS,0.7846,0.0362,0.1792,0.7484
TT,30-03-04-p-191,1,NEG,0.0043,0.9376,0.0581,-0.9333
TT,30-03-04-p-191,2,NEG,0.0027,0.9666,0.0308,-0.9639
TT,30-03-04-p-191,3,POS,0.5694,0.0526,0.378,0.5168
TT,30-03-04-p-191,4,NEU,0.1371,0.1674,0.6955,-0.0303
TT,30-03-04-p-191,5,NEU,0.0117,0.1616,0.8267,-0.1499
TT,30-03-04-p-191,6,NEU,0.3171,0.0432,0.6397,0.2739
TT,30-03-04-p-191,7,NEG,0.0115,0.8357,0.1528,-0.8243
TT,30-03-04-p-191,8,NEU,0.331,0.033,0.636,0.298
TT,30-03-04-p-191,9,NEU,0.43,0.0238,0.5461,0.4062
TT,30-03-04-p-191,10,NEG,0.0403,0.5252,0.4345,-0.4849
TT,30-03-04-p-191,11,NEU,0.0724,0.1698,0.7578,-0.0974
TT,30-03-04-p-191,12,NEU,0.0468,0.2661,0.6871,-0.2193
TT,30-03-04-p-191,13,NEG,0.0106,0.7971,0.1923,-0.7865
TT,30-03-04-p-191,14,NEG,0.0015,0.9737,0.0248,-0.9722
TT,30-03-04-p-191,15,NEU,0.1836,0.1019,0.7145,0.0817
TT,30-03-04-p-191,16,NEU,0.4311,0.0782,0.4907,0.3529
TT,30-03-04-p-191,17,NEG,0.0556,0.6681,0.2763,-0.6125
TT,30-03-04-p-191,18,NEU,0.0546,0.3931,0.5524,-0.3385
TT,30-03-04-p-191,19,NEU,0.0372,0.1872,0.7756,-0.15
TT,30-03-04-p-194,0,POS,0.7846,0.0362,0.1792,0.7484
TT,30-03-04-p-194,1,NEU,0.0691,0.1066,0.8243,-0.0375
TT,30-03-04-p-194,2,NEU,0.0923,0.1322,0.7755,-0.0398
TT,30-03-04-p-194,3,POS,0.6584,0.0359,0.3057,0.6225
TT,30-03-04-p-194,4,POS,0.6095,0.0277,0.3627,0.5818
TT,30-03-04-p-194,5,NEU,0.1804,0.1019,0.7177,0.0784
TT,30-03-04-p-194,6,NEG,0.0065,0.938,0.0555,-0.9316
TT,30-03-04-p-194,7,POS,0.8748,0.007,0.1182,0.8678
TT,30-03-04-p-194,8,NEU,0.4536,0.0437,0.5027,0.4099
TT,30-03-04-p-194,9,NEU,0.0632,0.379,0.5578,-0.3157
TT,30-03-04-p-194,10,NEU,0.0361,0.2515,0.7124,-0.2154
TT,30-03-04-p-194,11,NEU,0.072,0.1232,0.8048,-0.0512
TT,30-03-04-p-194,12,NEG,0.0063,0.9389,0.0548,-0.9325
TT,30-03-04-p-194,13,NEU,0.0436,0.4684,0.488,-0.4248
TT,30-03-04-p-194,14,NEG,0.0047,0.9639,0.0314,-0.9593
TT,30-03-04-p-194,15,NEU,0.3255,0.1104,0.5641,0.215
TT,30-03-04-p-198,0,NEU,0.4033,0.1679,0.4288,0.2355
TT,30-03-04-p-198,1,NEG,0.0139,0.9183,0.0678,-0.9044
TT,30-03-04-p-198,2,NEG,0.0777,0.7179,0.2045,-0.6402
TT,30-03-04-p-198,3,NEG,0.0469,0.6956,0.2575,-0.6487
TT,30-03-04-p-198,4,NEG,0.0066,0.9508,0.0426,-0.9442
TT,30-03-04-p-198,5,NEG,0.0056,0.9611,0.0333,-0.9555
TT,30-03-04-p-198,6,NEG,0.0043,0.9711,0.0246,-0.9669
TT,30-03-04-p-198,7,NEG,0.0355,0.621,0.3434,-0.5855
TT,30-03-04-p-198,8,NEG,0.008,0.8819,0.1101,-0.8739
TT,30-03-04-p-198,9,NEU,0.2365,0.1272,0.6364,0.1093
TT,30-03-04-p-198,10,NEU,0.2683,0.0961,0.6356,0.1721
TT,30-03-04-p-198,11,NEG,0.0035,0.9227,0.0738,-0.9193
TT,30-03-04-p-198,12,NEU,0.335,0.1689,0.4961,0.1662
TT,30-03-04-p-200,0,NEU,0.159,0.1595,0.6815,-0.0004
TT,30-03-04-p-200,1,POS,0.8989,0.0092,0.0918,0.8897
TT,30-03-04-p-200,2,POS,0.942,0.0055,0.0525,0.9364
TT,30-03-04-p-200,3,POS,0.4787,0.0807,0.4406,0.398
TT,30-03-04-p-200,4,NEU,0.3749,0.0356,0.5895,0.3394
TT,30-03-04-p-200,5,NEU,0.1756,0.0884,0.736,0.0872
TT,30-03-04-p-200,6,NEG,0.0035,0.9733,0.0231,-0.9698
TT,30-03-04-p-200,7,NEU,0.4697,0.0328,0.4975,0.4368
TT,30-03-04-p-200,8,NEU,0.1549,0.3917,0.4534,-0.2368
TT,30-03-04-p-200,9,NEU,0.054,0.2019,0.7441,-0.1479
TT,30-03-04-p-200,10,NEU,0.2833,0.0276,0.6891,0.2558
TT,30-03-04-p-200,11,NEU,0.0978,0.2801,0.6221,-0.1823
TT,30-03-04-p-200,12,NEU,0.3285,0.0483,0.6232,0.2802
TT,30-03-04-p-200,13,POS,0.5599,0.0357,0.4044,0.5242
TT,30-03-04-p-200,14,POS,0.9617,0.0037,0.0346,0.958
TT,30-03-04-p-200,15,POS,0.6499,0.0651,0.285,0.5849
TT,30-03-04-p-206,0,POS,0.7846,0.0362,0.1792,0.7484
TT,30-03-04-p-206,1,NEU,0.1668,0.2475,0.5858,-0.0807
TT,30-03-04-p-206,2,NEU,0.0299,0.4723,0.4978,-0.4424
TT,30-03-04-p-206,3,NEG,0.0038,0.9689,0.0273,-0.9651
TT,30-03-04-p-206,4,NEG,0.0065,0.8889,0.1046,-0.8825
TT,30-03-04-p-206,5,NEG,0.0372,0.653,0.3098,-0.6158
TT,30-03-04-p-206,6,POS,0.9296,0.0066,0.0639,0.923
TT,30-03-04-p-206,7,NEG,0.0283,0.852,0.1197,-0.8238
TT,30-03-04-p-206,8,NEG,0.0098,0.9058,0.0844,-0.8959
TT,30-03-04-p-206,9,NEU,0.3486,0.085,0.5664,0.2636
TT,30-03-04-p-206,10,POS,0.5146,0.0514,0.434,0.4632
TT,30-03-04-p-206,11,NEU,0.0661,0.2457,0.6882,-0.1796
TT,30-03-04-p-206,12,NEU,0.0883,0.3756,0.5361,-0.2874
TT,30-03-04-p-206,13,NEU,0.3455,0.0477,0.6068,0.2978
TT,30-03-04-p-206,14,POS,0.5052,0.0782,0.4166,0.427
TT,30-03-04-p-206,15,NEG,0.0037,0.9751,0.0211,-0.9714
TT,30-03-04-p-206,16,NEU,0.2897,0.2226,0.4878,0.0671
TT,30-03-04-p-206,17,NEG,0.0061,0.9561,0.0378,-0.9499
TT,30-03-04-p-206,18,NEU,0.2631,0.0582,0.6787,0.2049
TT,30-03-04-p-206,19,NEU,0.3924,0.0523,0.5552,0.3401
TT,30-03-04-p-206,20,NEU,0.1204,0.2097,0.6699,-0.0892
TT,30-03-04-p-206,21,NEU,0.2062,0.151,0.6428,0.0552
TT,30-03-04-p-206,22,NEU,0.0605,0.0652,0.8743,-0.0047
TT,30-03-04-p-206,23,POS,0.5195,0.0153,0.4652,0.5042
TT,30-03-04-p-206,24,NEU,0.0703,0.3636,0.5661,-0.2933
TT,30-03-04-p-206,25,NEU,0.2319,0.1392,0.6289,0.0927
TT,30-03-04-p-206,26,NEU,0.0391,0.337,0.6238,-0.2979
TT,30-03-04-p-206,27,POS,0.4908,0.0852,0.4241,0.4056
TT,30-03-04-p-206,28,NEU,0.1717,0.0694,0.7589,0.1022
TT,30-03-04-p-206,29,NEG,0.0056,0.9406,0.0538,-0.9351
TT,30-03-04-p-206,30,NEU,0.1916,0.0766,0.7318,0.1151
TT,30-03-04-p-206,31,NEU,0.2564,0.2632,0.4804,-0.0068
TT,30-03-04-p-206,32,POS,0.6639,0.0601,0.276,0.6038
TT,30-03-04-p-206,33,NEU,0.187,0.0773,0.7357,0.1096
TT,30-03-04-p-206,34,POS,0.6359,0.0269,0.3372,0.6089
TT,30-03-04-p-206,35,POS,0.8603,0.0121,0.1276,0.8482
TT,30-03-04-p-206,36,POS,0.5862,0.0348,0.379,0.5515
TT,30-03-04-p-206,37,NEU,0.3465,0.1481,0.5054,0.1984
TT,30-03-04-p-206,38,NEU,0.4057,0.0378,0.5565,0.3679
TT,30-03-04-p-206,39,POS,0.7973,0.0167,0.186,0.7806
TT,30-03-04-p-206,40,NEU,0.3325,0.1406,0.5269,0.1919
TT,30-03-04-p-206,41,POS,0.6343,0.0367,0.329,0.5976
TT,30-03-04-p-206,42,POS,0.8991,0.0144,0.0865,0.8847
TT,30-03-04-p-206,43,NEU,0.4076,0.0875,0.5049,0.3202
TT,30-03-04-p-206,44,NEU,0.3256,0.0959,0.5785,0.2298
TT,30-03-04-p-206,45,NEG,0.042,0.6941,0.2639,-0.6521
TT,30-03-04-p-206,46,NEG,0.051,0.548,0.401,-0.497
TT,30-03-04-p-206,47,NEG,0.0502,0.7482,0.2016,-0.6981
TT,30-03-04-p-206,48,NEG,0.0129,0.6114,0.3757,-0.5985
TT,30-03-04-p-206,49,NEU,0.3188,0.056,0.6252,0.2628
TT,30-03-04-p-206,50,POS,0.8637,0.0161,0.1201,0.8476
TT,30-03-04-p-206,51,POS,0.7695,0.0112,0.2193,0.7583
TT,30-03-04-p-206,52,NEG,0.0462,0.5326,0.4212,-0.4864
TT,30-03-04-p-206,53,POS,0.7846,0.0362,0.1792,0.7484
TT,30-03-04-p-207,0,NEU,0.1968,0.2661,0.5371,-0.0692
TT,30-03-04-p-207,1,POS,0.9566,0.0059,0.0375,0.9507
TT,30-03-04-p-207,2,NEU,0.0283,0.399,0.5727,-0.3707
TT,30-03-04-p-207,3,NEG,0.0081,0.9008,0.0911,-0.8927
TT,30-03-04-p-207,4,NEG,0.0352,0.6221,0.3427,-0.5868
TT,30-03-04-p-207,5,NEU,0.0485,0.3551,0.5964,-0.3066
TT,30-03-04-p-207,6,NEU,0.0598,0.153,0.7873,-0.0932
TT,30-03-04-p-207,7,NEG,0.0147,0.7462,0.2392,-0.7315
TT,30-03-04-p-207,8,NEG,0.038,0.4891,0.4729,-0.4511
TT,30-03-04-p-207,9,NEG,0.0039,0.9491,0.047,-0.9452
TT,30-03-04-p-207,10,NEU,0.3422,0.0193,0.6385,0.323
TT,30-03-04-p-207,11,NEG,0.0105,0.8664,0.1231,-0.8559
TT,30-03-04-p-207,12,NEG,0.0126,0.6265,0.3609,-0.6139
TT,30-03-04-p-207,13,NEU,0.1707,0.1989,0.6305,-0.0282
TT,30-03-04-p-207,14,NEU,0.0383,0.4054,0.5563,-0.367
TT,30-03-04-p-207,15,NEG,0.0077,0.9205,0.0719,-0.9128
TT,30-03-04-p-207,16,NEU,0.1441,0.0603,0.7956,0.0838
TT,30-03-04-p-207,17,NEU,0.0172,0.2468,0.736,-0.2296
TT,30-03-04-p-207,18,POS,0.408,0.1975,0.3945,0.2105
TT,30-03-04-p-207,19,NEU,0.2276,0.0591,0.7133,0.1684
TT,30-03-04-p-207,20,NEG,0.0196,0.7998,0.1806,-0.7801
TT,30-03-04-p-207,21,NEG,0.0193,0.6119,0.3688,-0.5925
TT,30-03-04-p-207,22,NEG,0.015,0.877,0.108,-0.862
TT,30-03-04-p-207,23,NEU,0.1586,0.2436,0.5978,-0.0849
TT,30-03-04-p-207,24,POS,0.8316,0.0138,0.1546,0.8179
TT,30-03-04-p-207,25,NEU,0.0257,0.3206,0.6537,-0.2948
TT,30-03-04-p-207,26,NEU,0.3078,0.0534,0.6388,0.2544
TT,30-03-04-p-207,27,NEU,0.3242,0.0788,0.597,0.2454
TT,30-03-04-p-207,28,NEU,0.0657,0.1116,0.8227,-0.0459
TT,30-03-04-p-207,29,NEG,0.0132,0.8222,0.1646,-0.809
TT,30-03-04-p-207,30,NEU,0.0413,0.2488,0.7099,-0.2075
TT,30-03-04-p-207,31,NEG,0.0046,0.9232,0.0722,-0.9186
TT,30-03-04-p-207,32,POS,0.7377,0.0124,0.2499,0.7252
TT,30-03-04-p-207,33,POS,0.6678,0.039,0.2932,0.6287
TT,30-03-04-p-207,34,NEG,0.021,0.7682,0.2108,-0.7472
TT,30-03-04-p-207,35,NEG,0.0053,0.9589,0.0357,-0.9536
TT,30-03-04-p-207,36,NEU,0.4175,0.0733,0.5092,0.3442
TT,30-03-04-p-207,37,NEG,0.0062,0.9362,0.0576,-0.9299
TT,30-03-04-p-207,38,NEU,0.4089,0.0326,0.5584,0.3763
TT,30-03-04-p-207,39,POS,0.8905,0.0057,0.1038,0.8848
TT,30-03-04-p-207,40,NEU,0.3985,0.0592,0.5423,0.3392
TT,30-03-04-p-207,41,NEG,0.0245,0.7521,0.2234,-0.7276
TT,30-03-04-p-207,42,NEU,0.0904,0.0591,0.8505,0.0314
TT,30-03-04-p-207,43,NEG,0.0032,0.9595,0.0373,-0.9564
TT,30-03-04-p-207,44,NEG,0.0122,0.8916,0.0962,-0.8794
TT,30-03-04-p-207,45,NEG,0.0037,0.976,0.0203,-0.9723
TT,30-03-04-p-207,46,NEU,0.2305,0.0779,0.6916,0.1527
TT,30-03-04-p-207,47,NEG,0.0194,0.7388,0.2419,-0.7194
TT,30-03-04-p-207,48,NEG,0.0185,0.7389,0.2426,-0.7204
TT,30-03-04-p-207,49,NEU,0.0509,0.2135,0.7356,-0.1625
TT,30-03-04-p-207,50,NEG,0.005,0.9465,0.0484,-0.9415
TT,30-03-04-p-207,51,POS,0.543,0.0433,0.4137,0.4997
TT,30-03-04-p-207,52,NEU,0.0642,0.0815,0.8542,-0.0173
TT,30-03-04-p-207,53,NEU,0.2307,0.1179,0.6514,0.1128
TT,30-03-04-p-207,54,NEG,0.005,0.8972,0.0978,-0.8922
TT,30-03-04-p-207,55,NEG,0.0035,0.9678,0.0287,-0.9643
TT,30-03-04-p-207,56,NEU,0.3508,0.152,0.4973,0.1988
TT,31-03-04-m-009,0,POS,0.8386,0.0291,0.1323,0.8095
TT,31-03-04-m-009,1,POS,0.8812,0.0077,0.1111,0.8736
TT,31-03-04-m-009,2,NEU,0.1858,0.0211,0.7931,0.1647
TT,31-03-04-m-009,3,POS,0.5672,0.0362,0.3965,0.531
TT,31-03-04-m-009,4,POS,0.914,0.0054,0.0806,0.9086
TT,31-03-04-m-009,5,POS,0.8606,0.0117,0.1277,0.8489
TT,31-03-04-m-009,6,NEU,0.1529,0.2539,0.5933,-0.101
TT,31-03-04-m-009,7,POS,0.9662,0.0049,0.0289,0.9613
TT,31-03-04-m-009,8,NEU,0.4092,0.102,0.4888,0.3071
TT,31-03-04-m-009,9,POS,0.932,0.0102,0.0578,0.9217
TT,31-03-04-m-009,10,NEU,0.0885,0.2352,0.6763,-0.1468
TT,31-03-04-m-009,11,NEU,0.2985,0.034,0.6676,0.2645
TT,31-03-04-m-009,12,NEU,0.2578,0.0214,0.7208,0.2364
TT,31-03-04-m-009,13,NEG,0.0054,0.9634,0.0312,-0.958
TT,31-03-04-m-009,14,NEG,0.0245,0.8428,0.1327,-0.8183
TT,31-03-04-m-009,15,NEG,0.0937,0.5656,0.3407,-0.4719
TT,31-03-04-m-009,16,NEU,0.1863,0.3722,0.4415,-0.1859
TT,31-03-04-m-009,17,NEU,0.3833,0.093,0.5237,0.2902
TT,31-03-04-m-009,18,POS,0.6129,0.065,0.322,0.5479
TT,31-03-04-m-009,19,NEU,0.2946,0.0623,0.6431,0.2322
TT,31-03-04-m-009,20,POS,0.6926,0.0241,0.2832,0.6685
TT,31-03-04-m-009,21,NEU,0.4715,0.0216,0.5069,0.4499
TT,31-03-04-m-009,22,NEU,0.2939,0.0508,0.6554,0.2431
TT,31-03-04-m-009,23,NEU,0.4255,0.0923,0.4822,0.3332
TT,31-03-04-m-009,24,NEU,0.1076,0.0522,0.8402,0.0554
TT,31-03-04-m-009,25,POS,0.5778,0.1337,0.2885,0.4441
TT,31-03-04-m-009,26,NEU,0.3424,0.1715,0.4862,0.1709
TT,31-03-04-m-009,27,POS,0.9419,0.0067,0.0514,0.9351
TT,31-03-04-m-009,28,POS,0.9679,0.0047,0.0274,0.9631
TT,31-03-04-m-009,29,NEG,0.007,0.9566,0.0363,-0.9496
TT,31-03-04-m-009,30,NEU,0.0659,0.067,0.867,-0.0011
TT,31-03-04-m-009,31,NEU,0.1576,0.0638,0.7786,0.0939
TT,31-03-04-m-009,32,POS,0.5392,0.026,0.4348,0.5132
TT,31-03-04-m-009,33,NEG,0.0176,0.6792,0.3032,-0.6616
TT,31-03-04-m-009,34,NEU,0.0682,0.3635,0.5684,-0.2953
TT,31-03-04-m-009,35,NEU,0.0253,0.4342,0.5405,-0.4089
TT,31-03-04-m-009,36,NEG,0.0387,0.5265,0.4348,-0.4879
TT,31-03-04-m-009,37,POS,0.8185,0.0131,0.1685,0.8054
TT,31-03-04-m-009,38,POS,0.4826,0.0433,0.474,0.4393
TT,31-03-04-m-009,39,POS,0.5142,0.1045,0.3813,0.4097
TT,31-03-04-m-009,40,NEU,0.0491,0.2862,0.6647,-0.2372
TT,31-03-04-m-009,41,POS,0.9545,0.004,0.0415,0.9504
TT,31-03-04-m-009,42,POS,0.8903,0.02,0.0897,0.8702
TT,31-03-04-m-009,43,NEU,0.1721,0.0878,0.74,0.0843
TT,31-03-04-m-009,44,POS,0.9782,0.0035,0.0183,0.9747
TT,31-03-04-m-009,45,NEU,0.1688,0.0715,0.7598,0.0973
TT,31-03-04-m-009,46,NEU,0.4625,0.0278,0.5097,0.4347
TT,31-03-04-m-009,47,NEG,0.0085,0.9162,0.0753,-0.9076
TT,31-03-04-m-009,48,POS,0.7562,0.0073,0.2364,0.7489
TT,31-03-04-m-009,49,NEG,0.1341,0.5043,0.3617,-0.3702
TT,31-03-04-m-009,50,POS,0.5623,0.0156,0.4221,0.5467
TT,31-03-04-m-009,51,NEU,0.4684,0.0265,0.5051,0.442
TT,31-03-04-m-009,52,POS,0.7355,0.0095,0.255,0.726
TT,31-03-04-m-009,53,NEG,0.0286,0.6195,0.3519,-0.5909
TT,31-03-04-m-009,54,NEU,0.0805,0.0519,0.8677,0.0286
TT,31-03-04-m-009,55,NEG,0.0045,0.9403,0.0553,-0.9358
TT,31-03-04-m-009,56,NEU,0.2688,0.044,0.6872,0.2249
TT,31-03-04-m-009,57,NEU,0.3987,0.1186,0.4827,0.2801
TT,31-03-04-m-009,58,NEU,0.2248,0.0413,0.7339,0.1835
TT,31-03-04-m-009,59,NEU,0.4305,0.0394,0.5301,0.3911
TT,31-03-04-m-009,60,NEU,0.1547,0.0656,0.7797,0.089
TT,31-03-04-m-009,61,POS,0.5435,0.0174,0.4391,0.5261
TT,31-03-04-m-009,62,NEU,0.174,0.0485,0.7775,0.1256
TT,31-03-04-m-009,63,NEU,0.1994,0.0466,0.754,0.1528
TT,31-03-04-m-009,64,POS,0.9559,0.0038,0.0403,0.9521
TT,31-03-04-m-009,65,NEU,0.307,0.0202,0.6728,0.2868
TT,31-03-04-m-009,66,POS,0.7662,0.0123,0.2215,0.7538
TT,31-03-04-m-009,67,NEU,0.0204,0.3319,0.6476,-0.3115
TT,31-03-04-m-009,68,NEU,0.1557,0.0725,0.7718,0.0832
TT,31-03-04-m-009,69,NEU,0.2361,0.0512,0.7127,0.1849
TT,31-03-04-m-009,70,NEU,0.1633,0.1134,0.7232,0.0499
TT,31-03-04-m-009,71,NEU,0.1757,0.0424,0.7819,0.1333
TT,31-03-04-m-009,72,NEU,0.1872,0.042,0.7708,0.1452
TT,31-03-04-m-009,73,POS,0.6468,0.0104,0.3427,0.6364
TT,31-03-04-m-009,74,POS,0.8669,0.0188,0.1143,0.848
TT,31-03-04-m-009,75,NEU,0.3655,0.2182,0.4163,0.1473
TT,31-03-04-m-009,76,POS,0.773,0.0254,0.2016,0.7476
TT,31-03-04-m-009,77,POS,0.8458,0.019,0.1352,0.8267
TT,31-03-04-m-009,78,POS,0.7645,0.0082,0.2274,0.7563
TT,31-03-04-m-009,79,NEU,0.2105,0.1749,0.6146,0.0356
TT,31-03-04-m-009,80,POS,0.6178,0.0635,0.3187,0.5544
TT,31-03-04-m-009,81,POS,0.941,0.0065,0.0524,0.9345
TT,31-03-04-m-009,82,NEU,0.4288,0.032,0.5392,0.3968
TT,31-03-04-m-009,83,POS,0.852,0.0111,0.1368,0.8409
TT,31-03-04-m-009,84,NEU,0.2949,0.134,0.5711,0.1609
TT,31-03-04-m-009,85,NEU,0.2749,0.1381,0.587,0.1368
TT,31-03-04-m-009,86,NEU,0.1082,0.2646,0.6272,-0.1564
TT,31-03-04-m-009,87,POS,0.5371,0.0585,0.4044,0.4786
TT,31-03-04-m-009,88,POS,0.4939,0.0577,0.4484,0.4362
TT,31-03-04-m-009,89,POS,0.885,0.0202,0.0948,0.8647
TT,31-03-04-m-009,90,POS,0.8928,0.0086,0.0986,0.8843
TT,31-03-04-m-009,91,NEU,0.0987,0.1282,0.7731,-0.0295
TT,31-03-04-m-009,92,NEU,0.0115,0.128,0.8605,-0.1165
TT,31-03-04-m-009,93,NEU,0.3404,0.0375,0.6221,0.3029
TT,31-03-04-m-009,94,NEG,0.007,0.9028,0.0902,-0.8958
TT,31-03-04-m-009,95,NEU,0.1277,0.1865,0.6858,-0.0589
TT,31-03-04-m-009,96,POS,0.7978,0.0229,0.1792,0.7749
TT,31-03-04-m-009,97,NEU,0.4139,0.0829,0.5032,0.331
TT,31-03-04-m-009,98,POS,0.8699,0.0124,0.1176,0.8575
TT,31-03-04-m-009,99,NEU,0.2134,0.0633,0.7233,0.15
TT,31-03-04-m-009,100,POS,0.7367,0.0197,0.2435,0.717
TT,31-03-04-m-009,101,POS,0.8245,0.0167,0.1588,0.8078
TT,31-03-04-m-009,102,POS,0.7063,0.0253,0.2684,0.681
TT,31-03-04-m-009,103,POS,0.6297,0.0247,0.3457,0.605
TT,31-03-04-m-009,104,POS,0.7932,0.0129,0.1939,0.7803
TT,31-03-04-m-009,105,NEU,0.3509,0.1159,0.5332,0.235
TT,31-03-04-m-009,106,POS,0.6458,0.0417,0.3124,0.6041
TT,31-03-04-m-009,107,POS,0.6266,0.0474,0.326,0.5792
TT,31-03-04-m-009,108,NEU,0.3904,0.0502,0.5594,0.3402
TT,31-03-04-m-009,109,NEU,0.3482,0.0143,0.6374,0.3339
TT,31-03-04-m-009,110,NEU,0.2537,0.2614,0.4849,-0.0078
TT,31-03-04-m-009,111,POS,0.5806,0.0213,0.3981,0.5594
TT,31-03-04-m-009,112,POS,0.7233,0.0431,0.2336,0.6802
TT,31-03-04-m-009,113,POS,0.6988,0.0293,0.2719,0.6696
TT,31-03-04-m-009,114,NEU,0.1461,0.0361,0.8178,0.11
TT,31-03-04-m-009,115,NEU,0.3407,0.0409,0.6184,0.2998
TT,31-03-04-m-009,116,NEU,0.3957,0.059,0.5453,0.3367
TT,31-03-04-m-009,117,POS,0.611,0.0936,0.2953,0.5174
TT,31-03-04-m-009,118,NEU,0.1975,0.0382,0.7644,0.1593
TT,31-03-04-m-009,119,NEU,0.4084,0.0264,0.5652,0.382
TT,31-03-04-m-009,120,POS,0.856,0.022,0.122,0.834
TT,31-03-04-m-009,121,NEU,0.398,0.02,0.582,0.3781
TT,31-03-04-m-009,122,POS,0.8724,0.0102,0.1173,0.8622
TT,31-03-04-m-009,123,NEU,0.4564,0.0355,0.5081,0.4209
TT,31-03-04-m-009,124,NEG,0.0168,0.8859,0.0973,-0.8691
TT,31-03-04-m-009,125,POS,0.7364,0.0273,0.2363,0.7091
TT,31-03-04-m-009,126,NEU,0.2689,0.048,0.683,0.2209
TT,31-03-04-m-009,127,POS,0.505,0.0584,0.4366,0.4467
TT,31-03-04-m-009,128,NEU,0.1906,0.041,0.7684,0.1496
TT,31-03-04-m-009,129,POS,0.6643,0.021,0.3147,0.6433
TT,31-03-04-m-009,130,NEU,0.1892,0.0601,0.7507,0.1291
TT,31-03-04-m-009,131,POS,0.8044,0.0197,0.1759,0.7847
TT,31-03-04-m-009,132,NEU,0.2114,0.0403,0.7482,0.1711
TT,31-03-04-m-009,133,NEU,0.1768,0.053,0.7702,0.1238
TT,31-03-04-m-009,134,NEU,0.0219,0.4623,0.5158,-0.4403
TT,31-03-04-m-009,135,NEG,0.016,0.7265,0.2575,-0.7105
TT,31-03-04-m-009,136,NEU,0.2293,0.0418,0.7289,0.1875
TT,31-03-04-m-009,137,NEU,0.4395,0.0765,0.484,0.363
TT,31-03-04-m-009,138,NEU,0.2108,0.0511,0.7382,0.1597
TT,31-03-04-m-009,139,NEG,0.0082,0.9063,0.0855,-0.8981
TT,31-03-04-m-009,140,NEU,0.4238,0.0353,0.5409,0.3886
TT,31-03-04-m-009,141,NEU,0.3137,0.0766,0.6097,0.2371
TT,31-03-04-m-009,142,POS,0.6594,0.0262,0.3144,0.6332
TT,31-03-04-m-009,143,POS,0.4606,0.0909,0.4485,0.3697
TT,31-03-04-m-009,144,POS,0.5527,0.0346,0.4128,0.5181
TT,31-03-04-m-009,145,NEU,0.0548,0.2084,0.7368,-0.1536
TT,31-03-04-m-009,146,POS,0.7525,0.0226,0.2249,0.7299
TT,31-03-04-m-009,147,NEU,0.3607,0.0675,0.5718,0.2932
TT,31-03-04-m-009,148,NEU,0.4675,0.0366,0.4959,0.4309
TT,31-03-04-m-009,149,NEG,0.0084,0.9051,0.0865,-0.8967
TT,31-03-04-m-009,150,POS,0.8184,0.0142,0.1674,0.8042
TT,31-03-04-m-009,151,POS,0.8095,0.0227,0.1678,0.7868
TT,31-03-04-m-009,152,POS,0.9309,0.0061,0.063,0.9248
TT,31-03-04-m-009,153,POS,0.8187,0.0235,0.1578,0.7953
TT,31-03-04-m-009,154,NEU,0.335,0.1689,0.4961,0.1662
TT,31-03-04-m-013,0,NEG,0.0269,0.5733,0.3998,-0.5464
TT,31-03-04-m-013,1,POS,0.9584,0.0047,0.0369,0.9537
TT,31-03-04-m-013,2,POS,0.7216,0.017,0.2613,0.7046
TT,31-03-04-m-013,3,POS,0.5756,0.0292,0.3952,0.5465
TT,31-03-04-m-013,4,POS,0.9244,0.0081,0.0675,0.9162
TT,31-03-04-m-013,5,NEU,0.0979,0.3682,0.5339,-0.2703
TT,31-03-04-m-013,6,NEU,0.4129,0.0459,0.5412,0.367
TT,31-03-04-m-013,7,NEU,0.0484,0.337,0.6146,-0.2886
TT,31-03-04-m-013,8,NEU,0.1536,0.0666,0.7798,0.087
TT,31-03-04-m-013,9,POS,0.8525,0.0373,0.1101,0.8152
TT,31-03-04-m-013,10,POS,0.7673,0.0137,0.219,0.7536
TT,31-03-04-m-013,11,NEU,0.3577,0.0469,0.5955,0.3108
TT,31-03-04-m-013,12,NEU,0.0572,0.2458,0.697,-0.1887
TT,31-03-04-m-013,13,NEU,0.0467,0.3866,0.5668,-0.3399
TT,31-03-04-m-013,14,NEG,0.0104,0.9001,0.0895,-0.8897
TT,31-03-04-m-013,15,NEU,0.3555,0.1027,0.5418,0.2527
TT,31-03-04-m-013,16,NEG,0.0417,0.5915,0.3668,-0.5497
TT,31-03-04-m-013,17,NEU,0.0979,0.1913,0.7108,-0.0935
TT,31-03-04-m-013,18,POS,0.5885,0.0362,0.3752,0.5523
TT,31-03-04-m-013,19,NEG,0.015,0.9124,0.0726,-0.8975
TT,31-03-04-m-013,20,NEG,0.0198,0.7184,0.2619,-0.6986
TT,31-03-04-m-013,21,POS,0.8748,0.0225,0.1027,0.8523
TT,31-03-04-m-013,22,NEG,0.0041,0.9633,0.0325,-0.9592
TT,31-03-04-m-013,23,NEG,0.0069,0.778,0.215,-0.7711
TT,31-03-04-m-013,24,NEG,0.0084,0.8151,0.1765,-0.8067
TT,31-03-04-m-013,25,POS,0.8113,0.0226,0.1661,0.7887
TT,31-03-04-m-013,26,NEU,0.018,0.3681,0.6138,-0.3501
TT,31-03-04-m-013,27,POS,0.5991,0.0651,0.3358,0.534
TT,31-03-04-m-013,28,NEG,0.0086,0.8774,0.114,-0.8688
TT,31-03-04-m-013,29,NEU,0.0427,0.4645,0.4929,-0.4218
TT,31-03-04-m-013,30,NEU,0.3577,0.042,0.6002,0.3157
TT,31-03-04-m-013,31,NEU,0.0758,0.2871,0.6371,-0.2113
TT,31-03-04-m-013,32,POS,0.7557,0.0204,0.2239,0.7353
TT,31-03-04-m-016,0,NEU,0.1465,0.1453,0.7081,0.0012
TT,31-03-04-m-016,1,POS,0.876,0.0101,0.114,0.8659
TT,31-03-04-m-016,2,POS,0.856,0.016,0.128,0.8399
TT,31-03-04-m-016,3,NEU,0.251,0.0379,0.7111,0.2131
TT,31-03-04-m-016,4,NEU,0.0365,0.472,0.4915,-0.4355
TT,31-03-04-m-016,5,NEU,0.4141,0.0777,0.5083,0.3364
TT,31-03-04-m-016,6,POS,0.5803,0.0336,0.3861,0.5467
TT,31-03-04-m-016,7,POS,0.5756,0.0286,0.3958,0.5471
TT,31-03-04-m-016,8,NEG,0.0791,0.6097,0.3112,-0.5306
TT,31-03-04-m-016,9,NEG,0.1155,0.4832,0.4013,-0.3678
TT,31-03-04-m-016,10,NEG,0.0111,0.8579,0.1309,-0.8468
TT,31-03-04-m-016,11,NEU,0.0481,0.0936,0.8583,-0.0455
TT,31-03-04-m-016,12,NEU,0.1448,0.0396,0.8156,0.1053
TT,31-03-04-m-016,13,NEU,0.0449,0.0822,0.8729,-0.0373
TT,31-03-04-m-016,14,POS,0.6678,0.026,0.3063,0.6418
TT,31-03-04-m-016,15,NEU,0.1349,0.2415,0.6235,-0.1066
TT,31-03-04-m-016,16,NEU,0.0316,0.4605,0.5078,-0.4289
TT,31-03-04-m-016,17,POS,0.5468,0.0397,0.4135,0.5071
TT,31-03-04-m-016,18,NEG,0.006,0.9242,0.0698,-0.9182
TT,31-03-04-m-016,19,NEG,0.01,0.8139,0.1761,-0.8039
TT,31-03-04-m-016,20,NEU,0.3378,0.0435,0.6188,0.2943
TT,31-03-04-m-016,21,NEG,0.0259,0.7838,0.1902,-0.7579
TT,31-03-04-m-016,22,NEU,0.2168,0.1008,0.6824,0.1159
TT,31-03-04-m-016,23,POS,0.7897,0.0474,0.1629,0.7423
TT,31-03-04-m-016,24,NEG,0.006,0.96,0.034,-0.954
TT,31-03-04-m-016,25,NEU,0.4075,0.1792,0.4133,0.2283
TT,31-03-04-m-016,26,NEG,0.0414,0.7386,0.22,-0.6972
TT,31-03-04-m-016,27,NEG,0.008,0.9443,0.0477,-0.9362
TT,31-03-04-m-016,28,NEG,0.0193,0.6068,0.3739,-0.5875
TT,31-03-04-m-016,29,POS,0.8641,0.0219,0.114,0.8422
TT,31-03-04-m-016,30,NEU,0.335,0.1689,0.4961,0.1662
TT,31-03-04-m-019,0,POS,0.6102,0.036,0.3537,0.5742
TT,31-03-04-m-019,1,NEG,0.0135,0.9088,0.0776,-0.8953
TT,31-03-04-m-019,2,POS,0.9032,0.0072,0.0896,0.8961
TT,31-03-04-m-019,3,NEU,0.1562,0.205,0.6388,-0.0488
TT,31-03-04-m-019,4,NEU,0.3542,0.1939,0.4519,0.1603
TT,31-03-04-m-019,5,NEG,0.0157,0.8757,0.1086,-0.86
TT,31-03-04-m-019,6,NEG,0.0194,0.774,0.2067,-0.7546
TT,31-03-04-m-019,7,NEU,0.1032,0.2278,0.669,-0.1245
TT,31-03-04-m-019,8,NEG,0.0078,0.919,0.0732,-0.9112
TT,31-03-04-m-019,9,NEU,0.1586,0.3559,0.4855,-0.1973
TT,31-03-04-m-019,10,NEG,0.0983,0.5766,0.3251,-0.4783
TT,31-03-04-m-019,11,NEG,0.0047,0.9404,0.0549,-0.9358
TT,31-03-04-m-019,12,POS,0.7995,0.0226,0.1779,0.7769
TT,31-03-04-m-019,13,NEG,0.0153,0.7659,0.2189,-0.7506
TT,31-03-04-m-019,14,NEG,0.0372,0.5491,0.4138,-0.5119
TT,31-03-04-m-019,15,NEG,0.0538,0.6534,0.2927,-0.5996
TT,31-03-04-m-019,16,NEG,0.0127,0.8058,0.1815,-0.7931
TT,31-03-04-m-019,17,NEU,0.0715,0.1534,0.7751,-0.0819
TT,31-03-04-m-019,18,NEU,0.1296,0.0438,0.8266,0.0858
TT,31-03-04-m-019,19,NEU,0.091,0.1626,0.7464,-0.0716
TT,31-03-04-m-019,20,NEU,0.058,0.4476,0.4944,-0.3896
TT,31-03-04-m-019,21,NEU,0.1739,0.0902,0.7359,0.0836
TT,31-03-04-m-019,22,NEU,0.0516,0.1551,0.7933,-0.1034
TT,31-03-04-m-019,23,NEG,0.0044,0.9068,0.0888,-0.9024
TT,31-03-04-m-019,24,NEU,0.1091,0.1266,0.7643,-0.0175
TT,31-03-04-m-019,25,NEU,0.0654,0.2851,0.6495,-0.2197
TT,31-03-04-m-019,26,NEG,0.01,0.9224,0.0675,-0.9124
TT,31-03-04-m-019,27,NEU,0.1475,0.066,0.7865,0.0815
TT,31-03-04-m-019,28,NEU,0.1935,0.0428,0.7637,0.1507
TT,31-03-04-m-019,29,NEU,0.0951,0.0412,0.8638,0.0539
TT,31-03-04-m-019,30,POS,0.8685,0.0092,0.1223,0.8593
TT,31-03-04-m-019,31,NEU,0.3726,0.1721,0.4554,0.2005
TT,31-03-04-m-031,0,NEU,0.1968,0.2661,0.5371,-0.0692
TT,31-03-04-m-031,1,NEU,0.0884,0.1079,0.8037,-0.0195
TT,31-03-04-m-031,2,NEU,0.2832,0.1702,0.5466,0.113
TT,31-03-04-m-031,3,NEU,0.0321,0.3861,0.5818,-0.3541
TT,31-03-04-m-031,4,NEG,0.0183,0.5879,0.3938,-0.5697
TT,31-03-04-m-031,5,NEU,0.0536,0.4153,0.5311,-0.3617
TT,31-03-04-m-031,6,NEU,0.1072,0.2398,0.653,-0.1326
TT,31-03-04-m-031,7,NEU,0.1117,0.2006,0.6877,-0.0888
TT,31-03-04-m-033,0,NEU,0.1968,0.2661,0.5371,-0.0692
TT,31-03-04-m-033,1,NEU,0.2068,0.3581,0.4351,-0.1514
TT,31-03-04-m-033,2,POS,0.7288,0.0335,0.2377,0.6953
TT,31-03-04-m-033,3,NEU,0.4452,0.08,0.4749,0.3652
TT,31-03-04-m-033,4,NEG,0.0044,0.9358,0.0598,-0.9314
TT,31-03-04-m-033,5,NEG,0.0023,0.9759,0.0218,-0.9736
TT,31-03-04-m-033,6,NEG,0.0171,0.7684,0.2145,-0.7513
TT,31-03-04-m-033,7,NEU,0.1664,0.3185,0.5151,-0.1521
TT,31-03-04-m-033,8,NEU,0.4449,0.0239,0.5312,0.421
TT,31-03-04-m-033,9,NEU,0.1062,0.1599,0.7339,-0.0537
TT,31-03-04-m-033,10,NEU,0.0542,0.1543,0.7916,-0.1001
TT,31-03-04-m-033,11,NEU,0.2043,0.2386,0.5571,-0.0342
TT,31-03-04-m-033,12,POS,0.4833,0.0793,0.4374,0.404
TT,31-03-04-m-033,13,POS,0.5913,0.0214,0.3873,0.5699
TT,31-03-04-m-033,14,NEU,0.1283,0.0763,0.7953,0.052
TT,31-03-04-m-033,15,NEU,0.0399,0.1606,0.7995,-0.1207
TT,31-03-04-m-033,16,NEG,0.0078,0.8214,0.1707,-0.8136
TT,31-03-04-m-033,17,NEU,0.0293,0.2659,0.7048,-0.2367
TT,31-03-04-m-033,18,NEU,0.1113,0.0446,0.844,0.0667
TT,31-03-04-m-033,19,NEU,0.0589,0.1554,0.7856,-0.0965
TT,31-03-04-m-033,20,NEG,0.003,0.9691,0.028,-0.9661
TT,31-03-04-m-033,21,POS,0.6315,0.0259,0.3426,0.6056
TT,31-03-04-m-034,0,POS,0.4761,0.1032,0.4207,0.373
TT,31-03-04-m-034,1,POS,0.5136,0.0749,0.4115,0.4387
TT,31-03-04-m-034,2,NEU,0.3231,0.0482,0.6287,0.2749
TT,31-03-04-m-034,3,NEG,0.0033,0.9537,0.043,-0.9505
TT,31-03-04-m-034,4,NEU,0.2501,0.0427,0.7072,0.2074
TT,31-03-04-m-034,5,NEU,0.0203,0.3705,0.6092,-0.3503
TT,31-03-04-m-034,6,POS,0.8112,0.0452,0.1436,0.766
TT,31-03-04-m-034,7,NEG,0.2348,0.4893,0.276,-0.2545
TT,31-03-04-m-034,8,NEG,0.0206,0.8259,0.1536,-0.8053
TT,31-03-04-m-034,9,NEU,0.186,0.1269,0.687,0.0591
TT,31-03-04-m-034,10,NEG,0.0194,0.848,0.1326,-0.8286
TT,31-03-04-m-034,11,NEG,0.0623,0.5411,0.3965,-0.4788
TT,31-03-04-m-034,12,NEU,0.1908,0.0939,0.7153,0.0969
TT,31-03-04-m-034,13,NEG,0.0043,0.9496,0.046,-0.9453
TT,31-03-04-m-043,0,NEU,0.335,0.1689,0.4961,0.1662
TT,31-03-04-m-043,1,POS,0.573,0.066,0.361,0.507
TT,31-03-04-m-043,2,NEU,0.1376,0.106,0.7564,0.0316
TT,31-03-04-m-043,3,NEU,0.094,0.1416,0.7643,-0.0476
TT,31-03-04-m-043,4,NEU,0.0189,0.2266,0.7545,-0.2077
TT,31-03-04-m-043,5,NEU,0.0235,0.4855,0.491,-0.462
TT,31-03-04-m-043,6,NEU,0.0952,0.0266,0.8782,0.0686
TT,31-03-04-m-043,7,NEU,0.0742,0.0406,0.8852,0.0335
TT,31-03-04-m-043,8,NEU,0.1867,0.0348,0.7785,0.1519
TT,31-03-04-m-043,9,NEG,0.0112,0.8612,0.1276,-0.8499
TT,31-03-04-m-043,10,NEU,0.0187,0.4397,0.5416,-0.421
TT,31-03-04-m-043,11,NEG,0.004,0.9715,0.0246,-0.9675
TT,31-03-04-m-043,12,NEG,0.019,0.6627,0.3183,-0.6437
TT,31-03-04-m-043,13,NEU,0.4519,0.0389,0.5091,0.413
TT,31-03-04-m-043,14,NEU,0.0223,0.366,0.6117,-0.3438
TT,31-03-04-m-043,15,POS,0.802,0.0304,0.1676,0.7716
TT,31-03-04-m-043,16,NEU,0.0341,0.2824,0.6835,-0.2482
TT,31-03-04-m-043,17,NEG,0.022,0.72,0.2581,-0.698
TT,31-03-04-m-043,18,NEG,0.0047,0.9252,0.0701,-0.9205
TT,31-03-04-m-043,19,NEG,0.0198,0.7512,0.2289,-0.7314
TT,31-03-04-m-043,20,NEG,0.0134,0.7279,0.2586,-0.7145
TT,31-03-04-m-043,21,NEG,0.0144,0.7221,0.2635,-0.7078
TT,31-03-04-m-043,22,NEG,0.0525,0.5658,0.3817,-0.5134
TT,31-03-04-m-043,23,NEG,0.0059,0.9004,0.0937,-0.8945
TT,31-03-04-m-043,24,NEG,0.0149,0.935,0.0501,-0.9201
TT,31-03-04-m-043,25,NEG,0.0359,0.725,0.2391,-0.689
TT,31-03-04-m-043,26,NEU,0.145,0.0213,0.8337,0.1237
TT,31-03-04-m-043,27,NEU,0.2541,0.1756,0.5703,0.0785
TT,31-03-04-m-043,28,NEU,0.1888,0.1544,0.6568,0.0344
TT,31-03-04-m-043,29,NEU,0.0584,0.1098,0.8318,-0.0513
TT,31-03-04-m-043,30,NEG,0.0235,0.5243,0.4522,-0.5008
TT,31-03-04-m-043,31,NEG,0.0181,0.8005,0.1814,-0.7824
TT,31-03-04-m-043,32,NEU,0.2207,0.0912,0.688,0.1295
TT,31-03-04-m-048,0,NEU,0.1721,0.3142,0.5137,-0.1422
TT,31-03-04-m-048,1,NEG,0.1328,0.595,0.2721,-0.4622
TT,31-03-04-m-048,2,NEU,0.0356,0.2229,0.7415,-0.1873
TT,31-03-04-m-048,3,NEU,0.1656,0.3943,0.4401,-0.2287
TT,31-03-04-m-048,4,NEU,0.3191,0.0422,0.6387,0.2769
TT,31-03-04-m-048,5,NEU,0.0619,0.4336,0.5045,-0.3718
TT,31-03-04-m-048,6,NEG,0.0159,0.6544,0.3298,-0.6385
TT,31-03-04-m-048,7,NEG,0.0479,0.6542,0.2979,-0.6063
TT,31-03-04-m-048,8,NEG,0.0149,0.8498,0.1353,-0.8349
TT,31-03-04-m-048,9,NEU,0.0763,0.4282,0.4955,-0.3519
TT,31-03-04-m-048,10,NEG,0.0548,0.6936,0.2516,-0.6389
TT,31-03-04-m-048,11,POS,0.5895,0.0377,0.3728,0.5518
TT,31-03-04-m-048,12,POS,0.4814,0.1151,0.4036,0.3663
TT,31-03-04-m-048,13,NEG,0.0097,0.914,0.0764,-0.9043
TT,31-03-04-m-048,14,NEG,0.006,0.931,0.0629,-0.925
TT,31-03-04-m-048,15,POS,0.6975,0.0485,0.254,0.649
TT,31-03-04-m-048,16,NEU,0.335,0.1689,0.4961,0.1662
TT,31-03-04-m-051,0,POS,0.7846,0.0362,0.1792,0.7484
TT,31-03-04-m-051,1,POS,0.9603,0.0042,0.0354,0.9561
TT,31-03-04-m-051,2,NEG,0.0773,0.4667,0.456,-0.3894
TT,31-03-04-m-051,3,NEU,0.1905,0.0325,0.777,0.158
TT,31-03-04-m-051,4,NEG,0.0077,0.925,0.0674,-0.9173
TT,31-03-04-m-051,5,POS,0.4868,0.1056,0.4076,0.3812
TT,31-03-04-m-051,6,POS,0.5659,0.0538,0.3803,0.5121
TT,31-03-04-m-051,7,POS,0.6668,0.0299,0.3033,0.6368
TT,31-03-04-m-051,8,NEU,0.3249,0.0838,0.5913,0.241
TT,31-03-04-m-051,9,NEU,0.1018,0.2979,0.6003,-0.1961
TT,31-03-04-m-051,10,NEG,0.0376,0.6203,0.3421,-0.5826
TT,31-03-04-m-051,11,NEG,0.0244,0.5765,0.3991,-0.5521
TT,31-03-04-m-051,12,NEG,0.0581,0.6,0.3419,-0.5419
TT,31-03-04-m-051,13,NEG,0.02,0.8356,0.1444,-0.8155
TT,31-03-04-m-051,14,NEG,0.0242,0.732,0.2439,-0.7078
TT,31-03-04-m-051,15,NEG,0.0054,0.9089,0.0857,-0.9036
TT,31-03-04-m-051,16,NEG,0.079,0.4621,0.4589,-0.383
TT,31-03-04-m-051,17,POS,0.8344,0.009,0.1566,0.8255
TT,31-03-04-m-051,18,POS,0.6365,0.0204,0.343,0.6161
TT,31-03-04-m-051,19,NEG,0.0115,0.8008,0.1877,-0.7893
TT,31-03-04-m-051,20,NEG,0.011,0.8315,0.1575,-0.8205
TT,31-03-04-m-051,21,NEU,0.23,0.2934,0.4766,-0.0634
TT,31-03-04-m-051,22,POS,0.9064,0.0092,0.0845,0.8972
TT,31-03-04-m-051,23,NEU,0.1518,0.0331,0.8151,0.1187
TT,31-03-04-m-051,24,POS,0.6872,0.0178,0.295,0.6695
TT,31-03-04-m-051,25,NEU,0.2715,0.0266,0.7019,0.245
TT,31-03-04-m-051,26,NEU,0.0412,0.0906,0.8682,-0.0494
TT,31-03-04-m-051,27,POS,0.9213,0.0063,0.0724,0.915
TT,31-03-04-m-051,28,NEU,0.0691,0.0701,0.8608,-0.001
TT,31-03-04-m-051,29,NEU,0.0292,0.4336,0.5372,-0.4043
TT,31-03-04-m-051,30,POS,0.6368,0.0124,0.3508,0.6243
TT,31-03-04-m-051,31,NEU,0.3438,0.1191,0.5371,0.2247
TT,31-03-04-m-051,32,NEU,0.2258,0.0639,0.7103,0.162
TT,31-03-04-m-051,33,NEU,0.1345,0.1217,0.7438,0.0128
TT,31-03-04-m-051,34,NEU,0.0512,0.2306,0.7182,-0.1794
TT,31-03-04-m-051,35,POS,0.6517,0.0353,0.313,0.6165
TT,31-03-04-m-051,36,NEU,0.1769,0.2305,0.5926,-0.0537
TT,31-03-04-m-051,37,POS,0.7446,0.0094,0.246,0.7353
TT,31-03-04-m-051,38,NEG,0.013,0.8579,0.1291,-0.8449
TT,31-03-04-m-051,39,NEG,0.0042,0.947,0.0488,-0.9428
TT,31-03-04-m-051,40,NEG,0.0071,0.8971,0.0958,-0.89
TT,31-03-04-m-051,41,NEU,0.1173,0.0879,0.7947,0.0294
TT,31-03-04-m-051,42,NEU,0.1888,0.0331,0.7781,0.1556
TT,31-03-04-m-051,43,NEG,0.0105,0.7533,0.2362,-0.7428
TT,31-03-04-m-051,44,NEU,0.172,0.1331,0.6949,0.0389
TT,31-03-04-m-051,45,NEU,0.4007,0.0896,0.5097,0.3111
TT,31-03-04-m-051,46,NEU,0.0294,0.398,0.5726,-0.3686
TT,31-03-04-m-051,47,NEG,0.0126,0.7133,0.2741,-0.7008
TT,31-03-04-m-051,48,POS,0.6331,0.0203,0.3466,0.6128
TT,31-03-04-m-051,49,NEU,0.1182,0.0611,0.8207,0.0572
TT,31-03-04-m-051,50,NEU,0.3384,0.1048,0.5567,0.2336
TT,31-03-04-m-051,51,NEG,0.0331,0.6121,0.3547,-0.579
TT,31-03-04-m-051,52,NEU,0.1621,0.101,0.7368,0.0611
TT,31-03-04-m-051,53,POS,0.5685,0.0268,0.4048,0.5417
TT,31-03-04-m-051,54,NEU,0.3811,0.0345,0.5844,0.3466
TT,31-03-04-m-051,55,NEU,0.2488,0.0379,0.7133,0.2109
TT,31-03-04-m-051,56,NEU,0.0354,0.1328,0.8318,-0.0974
TT,31-03-04-m-051,57,NEU,0.0791,0.2476,0.6733,-0.1685
TT,31-03-04-m-051,58,NEU,0.106,0.1764,0.7176,-0.0704
TT,31-03-04-m-051,59,NEU,0.302,0.0287,0.6694,0.2733
TT,31-03-04-m-051,60,POS,0.638,0.014,0.348,0.624
TT,31-03-04-m-051,61,NEU,0.079,0.0336,0.8874,0.0454
TT,31-03-04-m-051,62,NEU,0.3292,0.0966,0.5741,0.2326
TT,31-03-04-m-051,63,NEU,0.1281,0.1601,0.7118,-0.032
TT,31-03-04-m-051,64,NEU,0.1306,0.2186,0.6507,-0.088
TT,31-03-04-m-051,65,POS,0.5989,0.0128,0.3883,0.586
TT,31-03-04-m-051,66,POS,0.5476,0.0241,0.4283,0.5234
TT,31-03-04-m-051,67,POS,0.7381,0.009,0.2529,0.7291
TT,31-03-04-m-051,68,POS,0.5624,0.0109,0.4267,0.5515
TT,31-03-04-m-051,69,NEU,0.4706,0.0223,0.5071,0.4484
TT,31-03-04-m-051,70,POS,0.8725,0.0082,0.1193,0.8643
TT,31-03-04-m-051,71,NEU,0.1668,0.0773,0.7559,0.0896
TT,31-03-04-m-051,72,NEU,0.0556,0.3333,0.6111,-0.2777
TT,31-03-04-m-051,73,NEU,0.2308,0.0498,0.7193,0.181
TT,31-03-04-m-051,74,POS,0.8677,0.0148,0.1174,0.8529
TT,31-03-04-m-051,75,POS,0.5402,0.0303,0.4295,0.5099
TT,31-03-04-m-051,76,NEU,0.341,0.0184,0.6406,0.3225
TT,31-03-04-m-051,77,NEU,0.1232,0.2808,0.596,-0.1577
TT,31-03-04-m-051,78,POS,0.8682,0.012,0.1198,0.8562
TT,31-03-04-m-051,79,NEU,0.351,0.1483,0.5007,0.2028
TT,31-03-04-m-051,80,NEU,0.1769,0.0676,0.7555,0.1092
TT,31-03-04-m-051,81,NEU,0.1509,0.093,0.7561,0.0579
TT,31-03-04-m-051,82,NEU,0.2238,0.0294,0.7468,0.1943
TT,31-03-04-m-051,83,NEU,0.0166,0.4694,0.514,-0.4527
TT,31-03-04-m-051,84,NEU,0.1581,0.3477,0.4942,-0.1896
TT,31-03-04-m-051,85,POS,0.5615,0.0283,0.4101,0.5332
TT,31-03-04-m-051,86,NEU,0.2713,0.034,0.6947,0.2373
TT,31-03-04-m-051,87,NEG,0.0119,0.7406,0.2475,-0.7287
TT,31-03-04-m-051,88,NEU,0.3957,0.0653,0.539,0.3304
TT,31-03-04-m-051,89,POS,0.9182,0.0074,0.0744,0.9108
TT,31-03-04-m-051,90,POS,0.9364,0.0083,0.0553,0.9281
TT,31-03-04-m-051,91,POS,0.6503,0.0344,0.3154,0.6159
TT,31-03-04-m-051,92,POS,0.9623,0.0057,0.032,0.9566
TT,31-03-04-m-051,93,POS,0.7492,0.0205,0.2303,0.7286
TT,31-03-04-m-051,94,NEU,0.3515,0.2729,0.3756,0.0787
TT,31-03-04-m-051,95,NEU,0.0407,0.1272,0.8321,-0.0865
TT,31-03-04-m-051,96,NEU,0.1016,0.0483,0.8501,0.0533
TT,31-03-04-m-051,97,NEG,0.0137,0.8641,0.1222,-0.8505
TT,31-03-04-m-051,98,NEU,0.1268,0.0657,0.8075,0.0611
TT,31-03-04-m-051,99,POS,0.9034,0.0089,0.0877,0.8945
TT,31-03-04-m-051,100,NEG,0.0173,0.8201,0.1626,-0.8029
TT,31-03-04-m-051,101,NEG,0.0464,0.5222,0.4313,-0.4758
TT,31-03-04-m-051,102,POS,0.5845,0.016,0.3995,0.5685
TT,31-03-04-m-051,103,NEU,0.1976,0.1651,0.6373,0.0326
TT,31-03-04-m-051,104,POS,0.747,0.0236,0.2295,0.7234
TT,31-03-04-m-051,105,POS,0.7428,0.0137,0.2434,0.7291
TT,31-03-04-m-051,106,NEU,0.2222,0.0709,0.707,0.1513
TT,31-03-04-m-051,107,NEU,0.1731,0.0356,0.7913,0.1375
TT,31-03-04-m-051,108,POS,0.8856,0.006,0.1084,0.8795
TT,31-03-04-m-051,109,NEU,0.4152,0.1255,0.4593,0.2896
TT,31-03-04-m-051,110,NEG,0.0146,0.696,0.2894,-0.6814
TT,31-03-04-m-051,111,NEG,0.0309,0.6899,0.2792,-0.659
TT,31-03-04-m-051,112,POS,0.6341,0.016,0.3499,0.6181
TT,31-03-04-m-051,113,POS,0.5423,0.054,0.4037,0.4883
TT,31-03-04-m-051,114,NEU,0.14,0.029,0.8309,0.111
TT,31-03-04-m-051,115,NEU,0.2288,0.0128,0.7584,0.216
TT,31-03-04-m-051,116,NEU,0.3381,0.0212,0.6407,0.3169
TT,31-03-04-m-051,117,NEU,0.1484,0.0455,0.8061,0.1028
TT,31-03-04-m-051,118,NEU,0.0324,0.2542,0.7135,-0.2218
TT,31-03-04-m-051,119,NEG,0.0189,0.6589,0.3222,-0.64
TT,31-03-04-m-051,120,NEU,0.2943,0.0481,0.6577,0.2462
TT,31-03-04-m-051,121,POS,0.7752,0.0046,0.2201,0.7706
TT,31-03-04-m-051,122,POS,0.6991,0.0167,0.2842,0.6824
TT,31-03-04-m-051,123,NEG,0.014,0.5753,0.4108,-0.5613
TT,31-03-04-m-051,124,POS,0.5059,0.0284,0.4658,0.4775
TT,31-03-04-m-051,125,POS,0.8846,0.0067,0.1088,0.8779
TT,31-03-04-m-051,126,POS,0.8524,0.0163,0.1312,0.8361
TT,31-03-04-m-051,127,NEU,0.1012,0.0649,0.834,0.0363
TT,31-03-04-m-051,128,NEU,0.1908,0.0965,0.7126,0.0943
TT,31-03-04-m-051,129,POS,0.8729,0.0065,0.1206,0.8664
TT,31-03-04-m-051,130,POS,0.9144,0.006,0.0796,0.9084
TT,31-03-04-m-051,131,POS,0.8527,0.0072,0.1401,0.8455
TT,31-03-04-m-051,132,NEU,0.0385,0.1741,0.7874,-0.1356
TT,31-03-04-m-051,133,NEU,0.3875,0.0302,0.5823,0.3573
TT,31-03-04-m-051,134,POS,0.6781,0.0099,0.312,0.6682
TT,31-03-04-m-051,135,NEU,0.335,0.1689,0.4961,0.1662
